40.629
38.624
31.828
26.548
0.983
20.392
20.826
17.750
19.054
12.336
20.706
1.890
10.069
24.263
24.271
22.473
21.128
17.632
21.376
23.197
26.678
27.532
17.850
24.439
12.969
18.238
20.853
18.450
14.724
28.400
20.533
1.868
18.821
1.955
19.717
20.768
13.443
9.517
22.826
21.232
21.685
18.747
17.628
9.376
21.596
8.822
10.092
21.320
23.968
16.672
14.574
8.659
18.060
1.419
21.954
24.853
1.803
15.617
18.501
1.072
1.716
14.856
12.849
13.300
14.788
1.503
21.439
15.485
25.061
15.107
20.011
15.062
13.189
10.582
16.821
24.561
17.159
22.353
21.771
11.433
10.763
1.843
22.777
20.006
10.508
17.928
21.395
20.633
17.030
18.569
22.884
23.519
15.946
19.950
21.071
28.783
11.232
16.974
21.277
21.627
17.287
17.692
16.627
18.623
25.587
15.956
26.314
20.528
16.462
12.689
18.631
27.446
22.052
23.196
12.296
24.129
26.143
26.254
33.332
27.130
14.756
12.178
14.898
13.627
20.064
19.732
18.818
22.559
21.984
17.558
18.984
23.562
26.737
16.726
22.959
26.533
23.384
24.621
19.788
26.706
17.002
13.883
24.724
11.700
10.760
18.174
12.126
18.569
9.756
22.100
12.589
27.977
19.381
24.411
19.693
18.915
22.552
26.907
18.598
14.012
16.107
18.137
17.681
18.705
15.094
10.139
18.527
15.405
17.047
28.834
20.712
16.557
10.464
9.915
11.140
11.590
26.242
19.871
22.116
22.989
17.682
16.155
11.512
26.061
22.966
27.207
15.489
21.619
18.773
16.079
21.197
21.297
16.258
21.702
27.556
15.473
17.431
11.282
24.207
15.061
27.269
12.623
19.700
26.130
28.083
17.328
16.947
16.046
1.650
27.704
20.502
10.061
23.713
12.807
18.108
19.892
16.821
19.577
14.169
22.570
17.112
15.580
18.262
16.353
24.457
17.791
10.279
24.481
15.558
17.081
21.658
16.781
6.572
18.947
17.962
19.880
17.022
9.947
12.257
14.251
18.664
16.591
11.442
23.228
14.373
7.960
16.775
7.165
19.219
18.176
22.349
22.126
14.406
15.901
14.829
19.200
24.980
21.183
20.532
15.137
16.949
20.523
17.723
14.876
14.357
25.444
22.875
1.494
20.852
23.009
12.050
21.193
16.020
16.863
13.812
22.201
12.104
13.364
16.389
19.587
8.745
20.074
18.069
21.764
9.999
23.494
20.998
16.638
13.725
20.150
21.826
19.283
16.069
13.047
15.400
11.762
11.874
17.156
13.115
16.759
10.513
7.783
17.781
15.244
10.277
10.096
13.232
20.755
13.307
21.532
19.566
21.282
15.750
21.411
14.961
10.246
11.384
16.521
12.544
22.274
13.512
15.051
20.204
23.801
28.587
21.681
20.595
14.052
17.292
8.382
26.050
19.441
7.846
20.252
38.099
10.713
18.255
18.785
7.730
9.228
15.916
19.598
17.571
16.714
19.275
21.936
16.876
13.769
17.112
25.925
17.831
27.203
18.938
13.662
14.293
16.303
19.752
19.672
16.972
14.181
8.312
19.291
20.755
16.017
15.292
12.888
13.498
14.821
8.509
16.853
17.370
15.180
23.287
18.038
6.632
14.435
21.233
20.993
18.726
24.931
19.855
19.942
23.781
13.384
15.221
12.433
21.999
16.373
11.251
15.749
13.506
21.665
13.286
18.039
16.776
14.666
24.750
14.125
14.174
15.247
13.303
13.206
11.011
18.196
21.543
19.708
11.930
19.707
12.835
17.843
21.470
13.144
18.740
24.100
11.357
15.684
17.600
29.341
17.423
16.457
17.936
13.468
10.939
15.179
13.617
19.730
10.274
24.623
13.338
23.989
23.992
16.740
25.143
19.128
18.560
15.898
5.665
15.303
10.451
8.065
22.847
28.738
23.707
18.841
9.997
26.962
1.723
24.342
23.875
21.681
18.496
19.386
21.222
22.677
9.817
21.277
23.830
12.438
10.924
8.382
22.949
16.718
15.240
17.363
22.645
16.659
15.863
5.423
7.466
8.178
17.629
25.213
16.405
20.706
17.289
14.531
11.776
8.656
18.463
14.426
16.638
22.650
29.126
17.487
23.063
16.439
24.059
19.107
16.188
15.956
19.156
11.995
11.621
17.294
25.450
13.795
17.531
14.424
23.829
18.763
29.389
13.645
21.664
23.834
8.736
16.919
28.149
1.774
12.876
20.646
20.607
23.964
13.498
16.698
23.976
11.827
21.708
22.604
18.120
25.517
25.345
19.474
15.095
22.339
19.847
17.999
16.819
21.730
14.211
21.680
12.238
13.301
11.317
19.478
21.542
20.337
12.881
11.295
14.584
31.833
21.425
18.405
18.982
16.410
22.914
20.166
19.415
16.791
15.117
11.409
19.183
19.746
11.200
23.895
18.949
19.711
23.289
16.191
16.524
26.412
18.078
16.965
16.207
13.702
6.888
23.734
22.661
16.426
14.153
21.681
16.847
22.071
15.267
18.060
1.442
6.288
14.680
24.072
16.887
20.509
15.825
13.491
15.954
14.464
9.604
25.431
30.617
29.144
20.571
25.936
16.313
15.074
18.433
16.092
16.678
22.891
9.843
20.842
10.845
19.538
11.772
24.222
15.268
14.109
17.072
19.337
20.824
11.964
12.069
12.046
16.942
14.401
10.674
17.829
18.476
19.255
12.496
15.578
20.324
14.626
9.422
23.681
14.419
13.160
8.814
8.825
11.769
22.131
10.230
12.388
31.944
21.909
14.595
15.178
12.458
15.101
18.917
22.953
21.896
21.806
17.377
16.718
23.701
10.495
19.640
9.456
4.858
22.279
28.425
18.268
12.284
13.997
29.306
16.887
17.452
12.297
20.253
14.115
19.908
26.096
13.225
14.956
27.593
18.055
30.397
17.515
19.666
13.751
14.851
15.692
17.911
20.290
18.501
19.870
17.859
13.489
17.697
9.257
16.092
23.863
17.985
1.505
17.678
19.711
23.726
18.581
28.788
19.273
15.475
18.367
14.720
12.201
24.281
10.527
19.440
10.968
15.703
12.723
21.413
13.462
20.050
12.796
8.020
15.402
17.647
16.701
24.115
9.440
25.117
21.142
19.245
15.074
19.242
21.623
16.586
17.436
14.035
19.874
22.289
19.614
13.340
22.265
14.533
11.939
16.147
19.670
12.177
22.133
11.760
17.964
15.965
20.061
16.229
18.449
14.678
20.701
5.065
11.890
14.067
17.009
32.444
19.789
25.083
30.636
23.019
21.859
21.369
12.352
14.144
6.734
16.452
23.357
23.995
25.331
23.797
21.780
15.313
13.543
10.447
20.574
23.707
19.989
25.186
21.085
30.576
29.944
14.142
15.705
12.094
20.626
17.919
14.971
27.555
12.162
16.002
22.051
13.709
13.991
19.442
14.583
16.201
21.829
19.282
17.854
17.696
10.779
15.078
12.825
19.615
16.666
19.092
14.834
19.987
16.460
16.875
14.954
10.961
13.118
12.379
12.128
10.986
17.492
11.862
13.328
6.649
20.293
16.138
17.713
20.081
16.514
10.123
12.823
22.467
12.275
25.183
22.584
25.804
22.214
25.155
13.250
18.732
20.791
20.204
18.071
19.379
15.828
18.112
11.399
18.798
22.415
21.547
22.519
26.466
24.078
14.066
15.092
28.966
29.939
28.284
26.834
20.953
26.500
15.872
22.702
12.488
14.889
21.995
13.478
15.399
25.043
21.483
26.470
18.789
14.119
16.442
19.985
7.388
18.458
25.729
22.653
20.068
19.613
12.971
12.482
13.448
19.743
10.230
13.407
11.179
22.171
14.563
23.781
7.564
17.613
15.579
15.308
17.643
15.396
10.760
14.985
22.715
15.922
15.272
18.006
12.443
23.857
21.007
9.450
10.464
17.056
24.643
17.831
24.444
11.521
11.232
15.064
18.718
25.697
14.745
23.567
15.576
13.751
18.508
16.455
23.751
11.927
17.580
13.005
12.069
17.516
13.645
15.578
21.236
15.711
6.992
14.682
16.330
15.727
18.330
28.030
31.146
14.532
22.859
14.482
25.797
14.361
21.307
22.772
13.175
16.644
19.222
21.215
18.551
15.834
16.902
10.543
18.147
12.626
17.922
15.548
17.845
17.380
21.458
17.361
19.235
8.547
18.368
6.137
14.006
18.745
26.125
17.028
13.879
16.127
13.997
27.465
18.193
27.887
21.289
16.703
19.257
12.191
14.517
22.453
18.165
13.337
23.283
19.333
10.118
17.470
15.895
23.650
21.922
13.975
18.068
17.942
15.336
11.658
16.470
16.957
22.489
15.312
10.451
21.778
14.714
12.318
17.907
19.153
11.223
13.380
37.744
19.443
19.014
7.197
10.466
11.281
23.490
19.266
21.711
20.949
7.250
19.531
22.600
14.570
18.522
33.978
13.871
19.498
19.331
16.489
25.090
9.611
8.868
23.331
15.035
18.818
21.772
20.328
19.862
16.781
12.672
12.908
14.479
14.769
31.353
11.955
16.459
13.945
14.370
29.880
19.098
9.238
16.367
17.165
21.354
12.991
18.411
21.771
16.215
16.725
13.732
17.191
26.806
19.492
35.761
15.912
15.624
19.601
8.073
18.893
15.602
16.064
22.401
10.969
14.749
12.890
19.797
23.918
19.666
23.062
17.116
19.890
11.210
15.455
24.126
15.308
14.024
17.735
18.717
19.963
1.602
15.009
15.007
11.264
19.653
21.384
20.238
20.364
14.934
9.459
13.414
20.431
26.814
22.082
21.711
19.662
14.527
29.649
22.305
22.626
22.139
14.496
12.618
21.798
19.438
10.415
19.719
13.895
18.342
16.501
20.804
14.537
11.231
18.993
18.337
13.713
16.207
13.795
19.399
18.228
22.424
18.984
8.787
19.688
17.557
11.700
25.891
21.500
28.493
15.695
21.265
28.360
29.947
33.547
20.942
13.713
22.271
23.471
26.244
18.015
11.651
20.624
23.454
15.994
15.046
24.984
26.982
23.915
18.243
1.680
26.885
6.155
20.490
12.857
20.345
14.331
11.432
19.449
15.332
9.194
20.499
15.534
21.207
27.172
21.135
13.603
16.496
22.714
17.689
16.119
15.312
20.768
14.968
8.663
11.586
18.990
12.614
20.269
28.965
26.784
26.934
13.889
5.230
8.893
16.394
12.892
19.305
10.651
20.013
20.233
11.816
19.394
19.015
19.252
16.384
25.884
24.779
14.747
22.720
27.031
17.604
16.744
10.090
9.168
17.701
27.066
7.711
19.640
10.436
5.401
9.806
13.588
15.292
13.030
22.166
21.909
22.824
13.080
18.646
28.853
24.324
14.212
10.854
19.708
28.617
14.596
25.482
16.058
18.443
25.551
18.554
21.447
10.668
32.094
20.846
15.999
20.929
14.785
16.873
23.896
16.168
24.220
10.699
14.028
24.936
32.087
26.481
17.990
19.179
11.696
5.645
11.931
24.784
7.674
28.440
20.645
26.081
20.892
17.791
20.720
18.418
12.583
18.419
18.888
8.878
20.719
24.143
10.438
9.713
32.522
15.400
12.098
17.344
14.289
17.623
12.021
13.820
17.498
14.068
19.824
29.744
1.714
21.363
19.089
28.021
16.411
16.770
16.511
11.223
18.985
15.585
17.575
13.189
25.276
6.459
15.366
20.589
24.208
23.047
15.133
25.804
21.154
15.918
20.189
21.167
23.343
24.416
15.023
19.851
14.506
25.654
11.244
26.039
14.741
6.809
20.876
15.344
8.014
15.385
23.137
21.506
12.908
1.784
25.264
14.576
17.437
20.972
23.680
19.406
28.127
27.684
24.319
21.306
18.976
14.885
26.417
17.905
25.489
18.576
23.028
21.798
19.801
17.753
11.145
24.486
24.408
24.761
15.757
13.392
15.387
16.304
17.516
20.681
13.312
27.215
17.068
10.782
13.677
15.230
23.197
20.553
19.208
12.304
21.459
28.586
23.177
12.315
19.987
15.471
27.857
28.360
22.138
15.772
33.240
22.730
20.619
27.891
11.404
14.781
18.935
11.699
18.993
25.319
21.524
19.414
20.018
19.867
15.993
16.641
33.186
15.731
28.731
12.045
14.377
26.651
24.664
20.747
27.296
17.633
26.743
26.273
16.839
11.648
14.734
28.038
9.840
22.281
25.173
29.802
1.215
24.105
20.843
19.547
22.403
17.529
18.203
25.010
11.343
11.453
18.619
7.789
23.845
22.588
22.046
17.420
21.887
20.631
8.723
16.933
25.249
18.475
13.910
22.541
9.294
13.905
27.680
32.736
24.267
11.934
18.006
20.762
21.958
16.080
16.207
20.241
24.242
27.130
14.042
19.726
17.844
19.628
12.659
12.183
19.003
20.868
24.111
10.420
18.972
17.616
15.324
12.592
14.975
17.818
18.518
12.676
22.157
14.442
16.048
15.426
14.828
14.990
20.686
18.936
20.617
19.700
20.668
17.126
28.736
15.887
21.495
17.468
19.600
15.958
28.304
20.339
22.289
21.882
15.271
22.835
28.922
15.160
17.781
24.903
22.818
20.962
24.705
32.334
9.660
17.040
23.290
15.451
20.771
21.272
22.013
21.466
20.976
16.557
11.520
22.270
39.809
19.006
30.599
21.538
15.702
16.232
17.839
23.062
24.394
10.031
28.320
21.732
19.087
17.998
18.468
12.001
17.116
12.545
22.004
19.559
26.011
22.077
24.548
15.573
14.660
20.277
13.842
11.499
14.056
14.129
21.648
18.465
10.842
19.908
11.407
24.111
15.973
13.567
18.712
21.542
12.218
14.284
16.507
1.661
24.494
26.224
14.499
15.990
26.732
18.537
14.492
19.112
16.316
28.248
19.015
18.996
13.775
21.509
13.737
14.356
17.253
20.401
9.147
16.777
20.928
14.809
36.037
18.576
20.215
12.700
21.273
14.282
17.244
18.533
17.742
18.892
20.700
18.697
19.281
23.286
21.127
16.170
23.496
12.830
19.007
16.127
11.435
19.832
14.452
23.069
17.376
18.108
27.358
17.616
20.940
20.728
28.359
11.316
18.079
23.676
8.373
16.266
13.198
13.077
28.002
21.580
21.815
13.472
16.658
22.694
20.660
10.187
25.245
19.087
11.955
16.770
16.136
24.939
16.736
22.406
19.989
14.655
18.741
20.851
22.334
21.113
19.196
22.726
21.685
14.907
10.606
15.762
12.246
17.287
20.138
12.270
20.281
12.862
19.876
16.150
26.864
11.300
16.492
10.612
22.734
10.753
11.723
22.855
17.889
18.845
11.237
28.470
14.986
17.731
15.847
15.603
11.257
15.982
14.996
7.862
17.299
19.450
11.308
13.858
20.325
11.808
20.011
20.185
20.478
27.444
12.373
13.399
13.958
16.596
6.133
20.336
15.188
24.175
22.098
26.379
15.173
25.740
13.710
14.806
25.945
12.399
7.093
24.244
11.518
15.540
14.008
15.085
19.788
20.975
13.293
17.942
25.356
19.209
18.529
15.444
6.873
29.112
15.511
14.559
6.651
16.981
15.077
11.105
14.203
19.916
18.742
18.152
21.115
7.260
7.590
15.807
18.799
16.142
18.461
15.362
10.512
17.699
11.909
16.935
19.141
11.832
10.507
15.434
12.591
21.093
18.547
16.355
15.538
8.430
11.408
24.418
15.212
20.427
13.551
14.998
13.027
14.830
15.510
17.094
9.680
20.464
13.285
20.124
23.859
16.007
20.741
14.459
20.944
18.092
11.953
17.294
11.908
26.020
13.324
16.752
23.081
25.437
9.000
13.761
16.983
23.048
21.324
26.661
12.420
17.339
27.507
19.587
15.112
14.879
15.218
22.331
15.752
7.802
16.404
13.306
15.381
21.728
12.679
1.757
12.423
9.530
17.127
19.891
14.647
15.066
11.206
17.590
12.415
14.535
14.886
14.227
15.832
14.909
5.379
12.692
15.735
18.484
23.019
17.378
15.938
18.233
24.163
20.829
24.846
17.581
13.350
14.854
21.514
17.926
17.765
14.498
19.556
15.356
20.501
9.160
14.477
21.622
10.635
14.308
15.501
19.011
22.551
12.282
24.114
13.236
17.818
19.589
30.584
16.188
17.123
18.875
26.604
18.975
19.212
24.434
15.862
7.587
22.411
10.800
24.590
12.124
11.737
16.544
15.663
17.700
16.810
13.792
16.264
7.592
21.199
18.295
20.786
20.616
15.841
16.384
23.218
15.984
26.194
7.923
8.679
20.925
12.362
19.581
20.754
14.259
12.904
23.630
19.548
13.055
17.470
14.870
15.384
22.243
20.344
18.099
22.991
26.847
19.798
9.094
20.684
11.270
16.216
11.685
17.950
15.809
9.722
17.959
19.131
17.000
9.461
16.875
17.333
21.866
23.848
18.663
12.923
22.649
8.582
11.679
16.034
11.388
13.021
6.447
16.225
23.167
10.760
24.258
7.379
14.657
12.459
7.487
4.249
10.657
18.091
16.499
12.561
6.395
25.008
17.053
17.836
22.228
10.066
12.541
23.920
21.165
10.823
19.579
12.711
11.959
16.224
15.835
10.086
16.019
13.568
10.877
17.344
10.530
16.622
16.059
9.437
14.624
12.507
19.298
22.058
18.495
24.370
13.238
12.336
7.237
7.323
15.828
10.925
18.808
20.615
14.435
13.756
14.511
19.206
21.428
18.937
9.218
26.829
11.257
19.804
16.177
24.018
22.552
17.114
16.920
12.541
6.361
12.478
9.906
17.860
14.552
16.063
16.685
9.366
23.931
11.176
9.118
10.467
19.405
24.409
22.961
8.500
18.070
11.370
11.692
21.101
26.699
21.977
25.035
18.316
20.607
20.354
27.933
16.595
15.017
20.650
14.106
15.430
13.635
12.595
24.168
15.173
8.879
13.904
21.778
12.212
7.199
14.258
4.157
16.926
15.582
19.226
18.667
16.544
16.091
17.259
15.358
15.652
19.582
18.533
18.915
24.241
13.685
9.748
15.569
13.150
19.251
12.131
23.606
10.067
12.577
10.292
17.600
20.129
14.588
22.998
11.060
14.244
14.485
8.267
12.637
17.162
15.913
7.539
8.836
15.008
14.069
18.774
14.933
9.118
14.955
12.988
15.168
9.266
21.023
24.173
27.429
10.253
12.734
18.438
18.513
8.536
12.253
13.345
10.302
10.846
16.054
10.623
11.590
6.712
11.592
16.117
22.337
7.895
18.578
9.297
4.174
12.803
22.697
1.489
10.810
7.374
13.740
23.064
34.263
16.400
27.048
11.718
23.123
5.614
16.883
13.639
16.681
13.875
19.159
20.083
24.346
4.585
9.998
14.347
25.693
15.292
19.631
15.182
28.054
11.025
10.158
15.605
20.944
10.453
20.944
9.269
18.042
10.230
15.122
15.101
12.337
14.986
6.752
11.418
11.408
16.008
18.871
10.320
18.892
18.459
23.698
18.296
4.373
16.653
18.194
7.930
27.650
18.499
12.111
10.253
17.657
6.991
1.709
15.604
12.737
14.778
7.641
18.593
26.030
11.830
8.011
14.895
24.097
26.200
20.122
22.710
15.196
6.656
12.595
13.024
29.445
9.044
15.126
14.901
22.219
28.084
25.943
20.005
7.586
13.709
12.710
20.090
7.431
14.533
23.253
11.378
10.534
9.907
16.082
11.472
14.909
23.233
19.600
14.563
15.316
8.357
16.169
21.143
10.186
20.460
15.088
13.659
12.411
8.415
15.489
14.186
6.774
13.119
15.408
29.912
24.195
10.004
16.763
8.657
11.024
14.239
16.047
13.386
11.724
17.398
10.693
7.502
19.106
17.959
20.479
12.680
15.918
14.398
10.236
26.498
9.503
16.044
8.831
9.998
21.891
15.770
18.135
8.037
16.004
13.194
14.831
27.650
18.028
12.802
14.051
20.277
13.873
15.036
17.048
13.405
12.009
14.453
7.184
16.180
11.224
17.656
12.345
11.875
16.808
24.601
17.192
9.388
16.251
9.321
18.142
16.723
22.525
23.901
13.236
15.413
21.840
26.353
14.329
20.303
10.380
21.836
7.235
10.682
9.190
24.335
14.207
9.250
8.355
5.511
10.951
9.004
21.458
5.030
20.317
15.432
17.467
14.713
18.566
21.519
17.603
25.204
15.710
11.311
13.637
8.527
14.285
12.421
15.002
10.543
3.914
17.177
12.625
29.307
23.119
21.117
17.306
18.129
15.674
17.191
11.808
7.218
17.159
14.949
11.718
13.748
11.375
9.629
22.663
23.101
21.183
18.331
14.987
12.974
13.440
9.514
12.678
14.091
11.500
14.116
16.788
18.155
13.849
18.332
10.007
6.351
14.173
17.245
7.221
17.962
13.913
20.292
11.891
15.778
13.278
24.075
19.238
20.933
15.112
13.378
4.901
19.950
22.659
28.616
17.604
15.389
11.369
22.806
18.556
1.713
12.532
14.547
22.353
9.677
7.177
8.562
18.601
6.194
16.679
23.526
18.245
21.822
9.044
10.472
13.972
21.815
9.033
9.771
10.191
29.903
11.813
13.281
9.060
19.340
20.417
18.440
1.171
18.175
10.566
12.390
29.209
17.667
19.167
11.360
19.935
19.230
16.283
10.032
19.720
26.285
19.086
16.511
14.778
12.932
10.394
22.245
10.695
15.354
13.390
6.174
14.396
10.243
13.464
18.644
20.151
11.958
16.715
7.145
13.747
16.284
9.392
17.485
15.817
19.705
16.068
22.048
9.090
10.871
15.861
13.037
17.014
15.559
11.840
22.259
17.210
17.282
22.449
15.846
6.171
13.789
8.394
20.051
16.457
14.936
14.506
5.714
14.472
13.761
1.346
4.787
20.457
18.499
17.041
21.230
11.706
6.413
12.083
12.578
15.803
13.256
20.896
11.800
7.246
13.071
18.674
16.378
10.852
16.627
10.916
16.353
10.684
10.101
18.968
13.882
13.762
7.677
8.331
10.082
17.667
21.801
7.383
8.203
13.136
12.177
11.694
10.907
5.198
13.790
14.963
10.461
16.413
15.713
12.028
12.883
14.140
15.760
6.369
23.502
12.256
9.323
11.300
13.603
10.411
14.510
10.543
18.564
25.617
19.329
21.085
16.509
8.636
6.703
23.528
9.813
12.903
10.345
13.350
6.374
19.053
15.847
17.061
5.488
11.502
9.932
12.670
22.176
16.942
23.711
21.914
6.937
10.574
4.406
15.494
22.538
10.870
19.146
20.756
28.456
8.449
12.406
8.422
9.525
17.822
8.011
9.283
13.787
8.623
7.394
13.115
6.778
13.141
14.967
22.797
16.302
1.688
10.308
13.992
19.453
15.765
15.604
30.706
21.287
16.720
7.506
21.123
25.259
11.948
12.835
14.898
12.178
19.795
5.790
10.078
8.641
25.230
11.096
16.381
17.018
15.112
8.379
15.705
10.295
1.430
22.279
10.656
24.363
8.702
18.056
12.429
21.370
5.996
13.834
26.416
23.495
16.714
14.832
22.531
16.713
20.148
10.545
25.015
10.432
8.144
9.384
13.485
10.470
11.420
14.603
16.860
16.059
21.042
19.114
20.925
5.022
15.193
9.359
14.156
9.862
21.103
17.674
10.545
10.103
10.073
14.366
20.629
20.367
15.063
15.886
14.632
16.590
22.308
18.163
13.991
15.276
28.007
10.608
11.577
16.898
14.469
12.178
14.280
12.359
18.626
13.374
25.663
16.358
6.204
10.042
14.812
13.612
10.246
19.760
6.765
9.520
11.309
18.503
6.738
20.818
26.083
12.268
22.129
22.872
13.877
6.681
29.359
25.035
14.476
9.342
14.024
10.845
8.902
21.901
11.434
11.805
20.894
17.526
8.446
8.733
16.882
17.124
5.182
8.706
23.918
12.017
18.527
7.724
29.105
27.528
11.433
15.668
12.549
16.080
14.486
13.523
14.555
12.165
28.085
33.379
16.809
15.185
9.507
21.116
17.063
7.146
18.663
12.347
15.453
16.011
11.025
9.488
13.774
17.288
17.671
11.359
14.977
26.801
23.930
10.148
18.917
27.391
6.140
11.377
26.043
14.822
9.513
16.797
8.065
18.150
12.652
21.352
11.633
18.531
10.449
29.461
13.301
15.905
11.571
10.593
14.173
17.261
20.485
10.951
25.116
16.311
12.992
14.853
26.568
20.988
8.065
8.942
14.894
14.330
20.802
20.706
18.472
12.563
23.449
17.510
10.539
6.739
11.993
11.408
12.352
13.581
11.218
8.136
14.774
15.580
11.720
1.835
14.804
31.944
17.172
18.396
19.674
34.195
13.200
9.128
8.473
10.079
7.718
25.420
21.955
6.457
8.278
21.084
26.112
28.284
13.564
16.414
22.217
12.061
9.724
12.784
8.933
19.673
21.013
25.705
21.788
26.026
15.604
15.889
11.381
1.591
7.703
16.112
8.644
12.175
21.857
13.750
19.683
13.120
13.242
11.987
9.716
10.173
18.287
14.773
20.470
5.362
9.924
11.697
20.857
11.762
17.105
16.736
15.512
11.008
15.897
13.372
20.214
29.139
14.956
20.683
5.582
15.691
16.278
11.765
9.779
5.923
12.923
18.395
12.854
25.885
10.911
16.614
9.691
10.096
8.753
18.477
17.068
10.133
9.288
20.457
11.019
15.075
9.643
29.142
10.460
13.628
18.995
13.043
9.724
3.251
20.065
18.176
12.061
12.564
25.392
11.768
1.584
14.308
8.511
14.423
1.837
13.801
23.829
17.858
21.622
19.297
19.862
18.773
8.392
13.114
16.870
17.946
20.196
9.077
7.750
14.612
10.940
13.652
18.226
9.862
9.869
13.277
23.546
8.608
1.749
20.697
15.422
15.755
18.005
12.803
19.530
14.980
3.134
14.590
19.255
19.840
7.290
24.742
9.053
20.774
15.875
20.944
1.508
17.564
19.496
1.798
11.637
15.852
13.453
14.865
20.679
15.081
23.117
10.680
19.748
24.436
23.800
20.355
10.472
18.234
13.535
8.266
23.413
23.555
13.778
6.199
16.936
11.594
24.890
23.297
11.013
13.510
14.979
19.071
11.857
8.972
22.390
11.377
18.393
22.199
26.191
13.273
27.698
19.879
22.649
10.566
21.403
17.499
14.182
29.367
15.911
16.474
18.918
17.857
21.814
8.401
17.454
12.032
21.470
10.573
21.856
12.158
10.957
15.120
14.454
21.896
23.034
16.911
8.809
2.070
23.096
28.957
16.287
11.927
13.561
25.586
12.964
23.750
25.464
7.937
11.953
21.134
13.730
15.713
18.997
20.370
13.602
12.122
13.270
12.805
3.427
13.070
10.938
12.915
26.142
9.545
12.026
11.881
12.658
5.830
25.653
19.276
11.016
18.415
30.811
21.745
16.496
16.198
14.642
7.478
19.981
18.376
20.766
19.407
16.263
11.986
16.351
25.865
25.972
16.733
11.845
25.154
15.714
7.499
15.368
34.110
12.246
19.418
15.330
24.537
1.913
20.520
15.660
12.939
19.795
20.102
16.294
20.213
15.003
8.495
19.914
1.953
8.873
19.812
39.413
21.790
5.255
16.283
16.686
11.794
26.388
15.497
18.881
19.947
23.357
1.599
31.110
12.722
18.613
20.157
12.599
6.250
15.756
15.320
6.106
5.500
11.975
20.402
19.805
9.044
10.103
13.092
5.179
15.572
9.272
17.899
16.473
20.215
9.489
14.796
12.684
14.679
18.167
13.822
12.558
32.446
8.786
16.621
23.576
26.666
17.661
18.803
18.588
22.197
18.828
19.417
18.665
23.019
28.445
19.768
21.020
38.606
15.161
14.152
11.441
15.349
25.699
22.070
6.345
18.633
17.946
18.092
23.311
14.041
7.836
30.780
21.703
16.718
6.766
11.221
12.942
13.943
14.677
23.897
11.006
12.425
21.599
8.366
5.693
22.876
14.679
19.434
28.078
22.526
8.176
5.920
24.782
11.187
15.395
14.945
8.904
16.344
6.442
10.474
22.565
12.975
16.935
17.544
16.412
19.323
14.885
26.017
16.786
21.026
16.439
25.851
9.468
19.464
14.689
7.466
21.969
6.617
19.471
33.046
9.312
5.350
17.253
15.817
9.176
17.936
21.615
18.011
19.703
14.687
15.840
23.424
11.345
9.153
9.612
18.692
22.946
11.888
16.424
10.583
17.055
11.641
18.402
20.882
19.473
18.921
24.795
20.310
25.217
12.228
1.738
10.510
7.529
6.725
15.386
26.541
18.970
15.426
8.580
22.412
25.120
31.605
15.989
28.996
29.745
36.873
12.391
16.040
29.236
11.545
20.167
17.114
18.402
14.835
17.619
12.503
25.229
13.699
32.449
10.128
9.842
18.070
10.412
25.034
12.092
8.190
21.843
21.112
30.114
10.904
3.883
17.269
10.946
32.965
26.574
13.960
18.152
10.726
12.259
20.789
17.163
19.422
23.061
13.830
12.800
9.360
16.575
12.487
15.388
22.756
1.914
23.947
16.134
14.853
15.952
30.827
22.155
15.773
21.598
3.211
13.860
15.743
16.624
12.438
14.342
10.445
12.322
22.936
29.646
23.392
16.219
16.055
12.858
14.112
23.346
16.731
13.525
22.205
12.974
22.295
15.395
9.315
19.660
11.098
24.332
23.674
39.636
13.668
28.189
10.645
27.800
13.818
8.716
5.325
13.809
19.234
8.693
31.381
23.696
16.662
7.332
12.492
14.188
7.925
10.754
7.549
10.503
9.401
6.889
18.954
6.458
29.310
8.352
29.248
8.362
21.160
33.421
15.683
21.813
29.730
6.099
14.085
8.244
10.123
17.340
29.072
14.195
8.866
18.665
14.798
19.041
20.041
6.645
17.181
15.496
18.936
13.024
19.617
14.731
12.780
19.473
16.469
19.565
5.911
11.829
12.703
17.969
24.745
29.037
16.929
10.280
12.398
25.676
13.329
19.736
8.911
11.015
22.806
25.056
25.129
20.460
4.156
17.975
14.338
34.650
14.869
15.657
20.892
12.441
9.368
15.624
9.000
15.934
14.315
28.021
17.849
26.454
20.610
15.616
18.195
18.311
16.273
7.616
13.521
24.638
10.332
12.663
10.850
29.057
15.549
10.036
22.908
16.603
9.081
30.737
9.477
11.082
1.479
5.083
25.034
24.942
20.213
5.276
16.743
23.700
22.971
6.733
21.355
12.959
10.707
9.492
6.278
8.685
23.684
15.914
7.311
11.553
9.785
12.348
16.795
26.688
21.439
14.637
14.793
10.016
18.530
31.199
18.019
18.910
17.291
27.579
4.145
7.179
23.795
14.124
13.015
19.486
27.335
12.124
10.699
15.922
14.043
4.468
5.422
9.741
8.937
15.907
20.105
12.662
6.160
17.718
18.150
10.994
13.093
20.651
10.625
9.146
8.112
9.981
21.408
25.222
21.562
3.323
14.738
27.033
12.718
32.931
30.860
15.717
23.892
17.942
12.992
13.369
9.881
5.267
21.801
30.922
18.798
20.429
23.884
15.772
11.360
14.651
4.027
26.438
12.837
22.949
7.941
10.470
31.900
13.893
8.186
15.360
33.021
10.638
19.461
7.200
33.056
17.913
11.191
27.549
18.897
22.330
13.864
16.903
24.736
21.905
1.728
19.979
8.703
21.080
28.161
6.242
21.239
25.486
24.221
1.542
24.890
24.295
11.755
25.122
24.134
10.415
17.789
12.165
17.876
7.356
16.592
18.785
13.538
26.378
5.038
28.351
9.967
13.340
18.089
28.129
9.503
15.945
19.419
13.620
10.572
5.853
19.712
15.665
34.068
17.818
11.674
9.037
18.924
14.942
8.260
9.845
16.193
7.352
18.280
16.364
22.075
9.915
7.568
23.452
21.417
17.133
11.711
1.419
17.437
33.729
20.546
46.289
14.139
16.480
13.261
9.609
28.200
21.914
12.420
29.929
10.962
11.710
16.430
6.989
18.477
6.373
12.578
18.257
18.537
29.836
12.761
33.727
13.300
15.070
23.618
18.666
11.744
28.547
25.880
21.642
4.418
10.838
6.150
19.079
6.565
36.761
1.657
8.302
14.773
13.139
39.164
12.183
24.402
9.867
19.662
15.342
19.247
8.367
25.987
8.810
16.246
13.598
9.609
18.175
21.391
8.514
13.270
22.182
24.814
19.672
17.271
21.854
15.781
14.706
15.101
20.675
21.867
12.510
22.011
6.837
3.554
20.594
19.927
12.390
13.718
14.823
16.998
27.663
27.988
10.120
13.013
14.209
6.128
9.215
8.773
11.049
17.488
11.033
16.383
14.753
28.411
8.085
26.931
7.574
22.548
8.120
10.539
27.931
17.375
22.114
13.886
19.448
15.370
26.489
17.988
17.426
28.101
2.605
19.756
11.416
27.285
19.510
13.296
14.352
18.418
23.059
14.121
22.287
18.713
19.725
14.730
5.847
28.896
10.790
21.172
21.129
10.788
20.734
6.572
7.223
14.718
20.119
12.693
9.154
17.187
1.472
20.295
26.344
17.220
19.537
14.490
16.296
16.158
4.969
20.856
23.768
21.143
21.561
12.160
8.975
18.480
17.638
8.106
14.268
17.841
20.804
1.189
19.525
14.152
11.545
23.523
15.298
5.570
31.159
25.909
10.795
13.701
13.988
19.470
10.029
10.954
12.679
14.434
19.597
23.539
6.266
30.375
26.087
25.292
24.057
24.628
9.965
28.649
14.155
20.366
1.870
13.167
24.010
9.016
11.131
11.766
16.418
13.702
13.922
27.884
15.085
20.313
25.541
17.324
34.120
13.408
15.361
4.379
4.747
30.335
6.004
23.018
18.628
22.591
12.743
6.657
10.494
24.926
14.346
16.740
6.344
20.772
36.468
5.422
15.299
25.800
22.870
16.640
14.876
21.143
26.795
19.880
17.684
13.382
19.391
9.208
19.987
24.830
14.519
13.072
24.910
15.799
13.477
12.535
18.581
11.251
14.576
25.296
19.395
12.011
16.362
18.889
7.072
18.357
15.422
13.353
22.754
1.644
16.808
19.699
16.916
10.654
7.750
18.230
29.904
29.646
18.641
11.342
14.492
17.752
24.239
19.831
1.676
13.688
19.009
22.626
19.784
8.542
10.316
12.874
26.446
2.281
22.076
15.650
15.472
8.805
41.684
7.937
11.477
24.961
11.437
26.827
14.064
15.463
18.387
14.921
16.238
27.260
48.197
20.228
19.098
21.318
6.574
25.867
15.427
15.470
33.221
17.046
29.339
7.363
9.929
24.761
23.129
15.968
14.325
5.803
21.762
11.837
6.665
16.056
15.593
19.521
16.372
17.186
18.846
14.248
24.291
12.508
21.264
11.475
17.343
22.300
19.992
7.621
16.876
15.340
18.585
13.582
15.670
27.083
9.939
18.863
18.828
15.688
21.021
9.956
32.556
18.782
15.808
18.071
22.804
20.691
17.454
14.581
12.067
26.373
12.495
24.824
10.681
21.352
25.840
29.675
14.637
21.089
9.668
9.079
27.660
18.097
19.960
1.522
27.992
13.860
10.361
22.073
12.002
35.197
20.331
18.520
7.234
17.887
10.427
31.058
5.579
12.534
17.088
8.917
19.076
31.383
15.924
28.934
30.786
23.208
16.102
19.664
1.412
21.611
28.874
19.768
20.661
21.877
17.508
23.387
14.822
12.374
6.209
9.760
15.251
7.143
9.940
18.760
18.595
13.227
19.211
9.653
15.985
12.816
17.117
19.554
20.182
7.445
16.480
26.014
25.143
17.997
16.782
14.905
10.841
10.708
24.854
9.391
24.557
35.920
16.518
17.642
28.254
11.173
15.481
18.596
17.915
8.369
25.519
13.426
21.110
17.180
9.006
18.281
17.927
21.354
27.343
28.362
19.701
20.545
12.421
23.448
24.833
1.468
11.780
20.425
6.367
9.441
5.187
17.900
37.889
18.086
26.390
8.096
24.554
18.637
7.127
11.983
10.913
12.973
15.453
24.993
14.032
32.748
18.666
13.032
13.548
25.414
33.169
34.728
21.593
19.054
7.042
12.480
19.570
10.030
6.256
14.171
4.079
14.798
14.485
20.297
17.445
18.277
22.578
17.090
13.389
13.996
32.245
18.349
13.400
36.076
20.981
13.911
11.076
21.411
21.086
22.173
5.783
19.679
13.673
21.357
18.327
24.046
20.151
18.020
16.696
26.090
17.075
16.442
5.174
21.997
23.273
30.359
8.945
31.739
16.208
23.810
21.183
13.491
21.523
17.119
14.747
8.176
19.596
23.731
10.752
18.430
7.841
22.651
30.402
14.179
22.012
1.728
5.088
16.455
24.510
13.602
36.448
30.782
14.360
8.765
21.727
1.692
21.850
11.892
9.114
8.817
6.534
6.440
20.526
20.950
20.542
23.020
16.679
15.858
19.100
1.573
29.207
22.714
24.407
11.390
11.504
24.871
16.034
26.688
26.857
8.000
16.230
36.019
13.921
18.150
12.291
9.573
24.280
16.135
25.783
25.232
14.780
24.302
23.536
11.441
30.587
5.121
21.052
23.216
13.967
12.351
14.157
24.462
9.811
11.950
18.987
26.178
21.687
34.654
38.351
17.239
13.895
26.481
17.129
23.197
20.513
13.021
11.501
28.640
26.063
27.913
16.986
18.409
23.393
34.558
28.469
6.738
21.953
11.886
16.063
24.704
13.723
1.898
25.053
20.709
14.345
15.885
12.733
24.109
6.774
20.778
27.891
1.776
14.008
16.584
27.426
14.868
22.861
12.979
18.826
28.097
20.819
11.437
30.621
27.198
8.071
33.219
19.640
24.552
17.417
22.818
10.987
26.466
5.520
19.038
23.066
35.975
12.220
21.632
10.922
13.352
14.337
36.827
36.070
27.903
23.045
9.647
19.780
23.137
21.205
8.140
23.332
30.216
27.965
17.195
5.170
38.667
27.414
19.898
31.587
30.764
26.117
31.908
29.251
26.700
16.857
25.784
19.119
18.330
25.764
23.655
18.436
10.457
15.291
14.776
17.485
15.173
19.874
28.528
30.427
20.797
34.148
15.870
21.238
25.559
18.346
13.577
25.960
24.302
18.452
12.945
14.131
14.147
24.451
18.090
16.491
26.434
14.296
12.974
13.060
14.538
11.603
16.114
6.907
18.497
35.193
10.083
26.193
28.066
15.172
40.235
10.768
16.565
13.090
27.411
16.645
19.394
23.561
34.562
29.376
8.605
14.412
22.976
21.601
29.395
13.164
23.514
17.709
21.495
26.910
27.630
24.162
46.661
33.516
16.928
24.620
13.574
21.704
21.799
17.823
5.952
17.695
29.704
20.971
24.536
16.967
15.133
22.631
18.684
16.042
35.480
28.330
28.518
17.911
42.703
13.594
28.398
17.165
17.155
14.981
9.658
28.752
18.079
18.265
22.927
25.789
14.670
12.913
32.654
9.959
11.570
15.546
14.155
22.272
14.244
18.866
21.353
8.945
16.318
10.575
38.313
19.222
16.239
7.646
14.534
21.516
29.780
21.549
8.706
9.611
23.196
18.099
13.483
16.246
11.677
26.925
16.605
11.201
14.729
21.372
15.964
15.682
13.097
10.976
21.661
15.236
27.028
16.710
33.370
36.489
12.675
31.429
14.802
27.774
16.577
1.372
21.310
31.458
31.495
28.913
25.264
31.753
9.770
40.312
17.949
16.942
19.309
24.431
23.179
28.297
18.377
32.869
19.873
11.477
15.592
31.820
23.734
18.273
18.167
16.470
26.058
24.113
19.249
26.121
29.196
19.066
17.974
19.936
15.633
30.020
13.968
29.673
14.141
24.538
11.967
10.491
26.951
12.011
17.899
13.365
14.432
22.182
20.079
35.541
31.858
33.887
26.628
13.574
22.137
20.189
4.069
23.837
11.179
11.465
26.665
17.805
34.529
23.721
30.780
15.633
16.077
14.177
34.096
17.049
21.829
17.830
20.729
10.607
14.800
19.906
12.152
22.916
12.116
24.341
23.808
20.219
14.565
14.319
33.535
10.129
13.076
22.173
19.242
16.117
24.422
29.280
13.211
18.790
32.012
10.469
18.228
20.077
21.520
26.497
11.117
10.103
24.548
36.048
12.590
18.702
32.978
11.481
16.437
27.466
7.934
8.901
18.721
28.253
6.893
10.898
24.355
26.790
15.496
25.631
17.864
16.371
7.576
15.930
18.634
14.368
23.376
28.723
24.258
22.868
10.405
20.283
27.774
18.574
24.983
21.030
9.379
7.420
13.915
22.631
11.520
25.568
14.608
22.975
13.963
20.186
18.866
17.480
1.693
14.479
33.075
25.270
17.547
26.345
18.051
10.142
14.118
23.889
21.010
27.532
11.285
29.875
21.003
8.729
1.438
13.356
17.770
19.958
10.811
19.392
11.534
15.447
11.042
15.929
15.628
42.367
34.762
9.319
31.890
33.011
36.980
19.056
19.682
36.838
18.089
17.306
31.430
16.144
20.914
23.397
24.895
10.392
31.670
35.867
17.955
25.168
12.773
21.133
21.354
14.233
20.803
22.722
8.901
20.942
20.900
29.158
17.212
30.139
16.287
23.423
12.316
14.928
26.819
18.449
23.655
10.470
32.434
26.045
15.742
23.633
19.416
13.144
34.216
12.578
24.778
11.636
21.486
16.486
33.540
23.703
35.879
22.173
34.197
15.921
19.076
27.878
19.556
25.177
6.684
34.077
11.106
13.892
19.348
30.559
16.630
13.306
19.402
27.461
17.346
23.847
35.901
19.065
33.117
15.515
7.756
19.740
13.417
4.649
17.096
19.272
20.599
22.683
9.963
27.267
20.160
25.966
10.692
24.713
25.401
6.924
21.974
16.025
15.913
32.036
22.227
11.164
18.791
14.867
14.275
28.079
21.873
9.018
22.396
26.380
27.323
19.908
31.154
22.342
21.026
21.014
16.693
18.867
21.517
26.459
30.952
18.984
26.404
1.602
22.213
15.646
22.156
25.550
17.556
22.479
31.105
24.122
28.402
39.255
11.451
21.906
33.855
29.428
5.676
30.071
41.578
43.468
32.742
31.522
27.759
23.322
19.314
17.540
22.699
14.972
33.332
22.079
12.047
24.957
27.894
16.401
33.437
12.249
19.281
25.170
1.867
16.144
11.281
27.845
20.919
16.011
25.552
10.929
14.923
35.561
13.162
27.503
28.961
1.884
29.839
25.175
30.526
25.842
35.089
22.513
18.918
16.468
6.765
16.824
27.354
28.681
13.145
12.563
3.838
27.825
22.416
9.975
16.557
21.650
13.441
21.822
21.862
24.213
22.304
18.431
24.781
13.140
23.697
21.089
16.097
12.778
18.563
15.001
39.873
17.722
7.913
10.394
21.323
16.759
26.436
25.561
20.185
31.389
30.877
9.348
25.892
18.486
41.047
16.254
12.884
16.928
20.117
11.683
19.716
17.144
45.656
16.079
10.125
21.931
18.813
24.415
24.414
8.645
35.399
20.860
27.366
18.386
9.844
28.932
25.609
16.099
28.345
29.357
21.750
22.577
18.111
32.160
22.784
14.539
19.823
10.354
34.053
25.203
8.919
37.190
11.450
27.597
30.488
16.366
11.832
21.879
27.400
24.028
26.216
22.136
11.143
31.993
12.130
10.855
4.474
14.459
26.823
13.370
30.619
41.537
22.657
28.593
22.375
18.426
13.217
22.436
28.837
22.149
3.123
15.849
9.020
22.516
23.139
29.152
11.472
18.047
4.506
11.746
11.060
21.408
22.712
14.165
14.831
27.981
34.105
18.370
11.975
14.815
27.266
35.797
11.782
26.389
14.216
17.748
19.022
19.348
12.764
20.381
28.019
13.248
50.520
25.504
1.704
7.755
14.786
8.500
26.119
5.634
13.288
5.298
33.894
13.175
6.682
17.203
29.161
12.031
11.026
10.778
31.437
33.303
25.712
26.602
10.350
28.442
6.383
14.742
15.644
11.029
21.277
21.154
35.639
26.108
13.865
13.050
18.515
14.256
25.390
36.808
29.204
22.609
13.026
32.819
18.568
33.426
22.101
34.037
32.927
10.014
30.295
13.539
8.852
34.400
36.476
22.957
17.706
21.020
40.869
36.204
14.062
9.608
27.133
13.152
4.438
20.332
6.100
23.327
20.316
10.769
19.635
9.756
31.779
12.002
17.759
14.910
21.019
19.629
14.449
25.381
29.389
24.517
13.080
15.683
14.069
28.841
20.879
19.781
24.204
23.493
18.176
13.108
24.119
16.242
18.431
1.787
17.088
21.403
22.651
17.100
14.513
24.146
21.916
18.890
28.996
23.518
20.846
12.888
23.177
12.258
24.274
12.397
24.638
17.400
26.420
22.058
15.897
27.773
9.523
22.166
15.053
34.381
23.816
18.987
29.272
20.971
23.689
28.389
17.335
18.528
26.752
30.389
20.689
10.448
16.720
29.161
18.712
27.835
20.649
19.392
11.260
25.112
22.367
13.278
18.754
11.581
13.265
23.858
5.290
18.630
24.698
20.725
19.894
20.963
22.526
10.866
24.945
9.718
19.774
21.136
7.468
41.186
20.596
28.585
15.018
22.133
34.832
34.250
12.551
29.502
29.830
11.577
17.529
9.979
13.737
21.561
15.152
14.069
17.459
27.671
5.571
31.382
30.596
20.557
27.755
19.344
26.446
12.091
10.889
10.754
17.574
24.143
7.242
10.473
19.739
21.532
7.344
25.828
16.200
18.015
11.136
11.369
51.983
7.130
27.368
7.310
17.831
19.084
15.492
24.926
19.935
16.310
24.899
31.409
30.179
19.985
19.561
7.488
17.304
24.777
18.542
29.243
26.308
30.332
13.584
18.055
18.077
10.866
8.696
14.117
17.096
7.737
16.255
35.476
21.156
14.994
20.941
25.258
18.393
18.048
15.013
26.655
19.310
10.901
31.029
20.723
11.863
12.595
27.133
34.917
34.640
18.570
25.156
23.017
8.991
23.796
14.867
11.165
19.634
10.228
21.896
38.293
24.682
14.176
29.589
17.231
17.635
33.484
11.666
27.579
19.781
22.997
12.605
22.954
10.459
10.292
19.495
13.841
16.803
25.628
17.829
27.881
22.015
4.481
27.515
21.162
23.298
17.938
19.416
14.858
26.640
44.179
23.816
8.872
9.751
6.311
5.726
27.819
28.938
22.565
22.840
30.635
22.714
23.276
28.271
31.536
20.091
13.543
11.728
9.372
15.444
18.408
17.332
8.428
21.233
7.797
18.056
15.075
17.117
28.757
13.890
10.139
35.222
8.029
11.485
19.295
26.898
17.777
11.497
18.078
23.489
12.904
11.993
22.062
24.203
12.093
12.025
12.732
17.591
19.433
18.972
22.735
15.202
14.158
38.806
28.200
17.851
12.256
16.973
30.703
27.731
18.538
33.344
23.676
17.942
11.269
24.861
8.973
1.564
23.838
12.947
8.577
19.707
22.639
27.799
18.839
17.516
23.005
28.553
25.668
33.143
28.648
25.987
22.159
26.270
36.714
32.215
16.568
17.740
26.403
17.867
20.169
15.071
11.454
21.848
27.577
23.209
14.801
29.296
15.858
27.817
21.019
21.654
17.683
24.390
26.944
21.018
9.183
31.130
15.276
15.891
39.297
31.011
6.910
20.876
12.008
13.112
18.371
16.840
23.288
41.020
10.420
17.037
10.023
22.590
23.108
17.360
22.332
23.349
31.628
20.080
19.209
37.086
23.317
11.299
22.045
13.914
20.087
23.645
40.271
24.119
37.756
27.530
24.289
17.146
26.474
12.309
24.789
20.431
18.701
15.867
8.174
11.817
13.876
13.900
22.641
13.592
13.730
32.133
16.002
24.688
25.399
30.852
20.036
28.934
29.990
34.215
45.882
51.005
25.398
26.659
21.299
31.582
19.865
26.458
10.032
31.677
26.558
13.603
19.512
4.663
12.468
15.683
38.103
12.036
19.062
22.427
33.765
33.960
1.849
22.166
13.871
16.395
11.934
20.154
22.530
39.813
17.862
6.821
28.403
28.088
25.161
11.421
23.678
30.166
20.133
30.434
8.272
15.338
10.397
27.273
28.246
23.328
38.102
31.790
9.574
13.670
12.696
37.043
33.878
12.751
29.351
6.404
34.622
30.967
23.562
28.569
12.180
14.674
18.946
23.934
20.679
20.336
18.513
23.570
26.296
24.976
26.753
23.176
30.682
11.208
18.531
20.104
13.210
14.150
16.323
20.392
20.622
21.815
9.303
23.943
32.653
24.822
18.227
12.416
37.919
12.039
23.785
26.444
12.927
13.000
22.428
23.073
19.822
17.242
40.194
15.233
38.530
8.506
19.407
20.988
14.645
9.062
40.679
22.425
29.898
21.952
16.718
14.589
29.565
8.986
21.986
19.496
27.320
42.216
27.500
19.755
29.024
19.117
6.480
9.579
25.731
37.173
24.969
17.189
25.454
9.470
26.543
19.038
1.365
26.113
26.205
27.033
10.797
23.917
14.347
12.831
22.611
25.903
10.742
25.461
17.915
16.558
27.181
19.638
28.690
13.394
23.214
37.849
15.029
24.440
22.921
9.927
27.092
19.810
24.322
18.225
18.046
12.411
19.346
24.812
16.896
14.388
22.603
20.854
20.592
17.156
32.103
13.750
15.551
17.450
25.773
5.868
16.088
21.125
27.540
14.002
26.704
27.684
34.113
20.592
31.090
33.404
28.571
14.987
3.471
21.369
23.862
12.962
17.449
45.804
24.078
26.200
18.516
25.802
20.094
14.643
13.772
37.670
28.116
35.859
14.056
24.368
21.511
8.853
48.807
21.811
26.401
31.054
23.161
13.327
23.132
4.369
21.000
41.464
26.810
28.638
25.059
27.831
21.220
20.734
20.779
25.713
13.030
21.431
27.994
22.092
20.551
15.033
24.308
27.486
19.895
7.586
27.822
20.956
24.354
25.767
41.125
26.652
27.773
14.727
13.433
47.939
23.074
27.779
27.589
35.901
14.883
15.294
14.037
37.676
20.196
28.524
9.527
10.175
25.114
31.408
23.108
10.888
28.938
35.744
7.378
14.962
16.433
36.462
11.731
12.452
13.207
26.764
34.019
29.716
20.892
16.354
14.664
17.116
17.816
7.020
26.570
32.658
11.915
27.826
18.832
21.619
7.683
15.947
33.168
25.685
43.617
55.419
24.562
18.268
18.726
26.422
7.746
27.524
20.700
25.115
25.197
21.489
22.718
10.062
21.686
10.009
26.138
25.641
17.248
31.587
36.155
15.367
23.228
31.184
11.776
17.290
36.360
26.588
11.106
20.256
19.432
24.790
21.472
14.311
14.561
15.900
16.853
27.647
16.058
16.374
24.674
26.497
57.341
13.609
23.431
28.950
6.581
32.128
24.323
19.043
29.494
17.168
5.772
35.389
21.465
31.473
26.474
23.460
27.170
30.241
19.692
14.774
30.129
16.471
26.594
22.836
25.829
21.054
10.321
13.767
19.717
15.662
26.554
17.352
16.522
18.669
23.548
26.337
20.952
25.640
17.185
6.482
38.207
14.935
30.426
23.308
16.503
12.711
22.838
29.571
19.840
21.139
28.759
7.446
20.639
31.634
30.577
16.003
15.630
11.223
23.763
17.899
15.377
13.459
25.120
26.868
18.186
29.693
28.874
11.460
23.556
26.722
22.052
24.067
28.168
22.131
23.600
13.907
16.039
24.489
18.131
21.585
19.981
26.684
19.489
24.525
18.944
14.045
32.734
16.827
24.991
26.179
15.800
17.240
35.274
13.794
20.603
35.383
44.100
3.422
26.518
29.530
30.873
27.470
35.081
26.457
21.701
31.809
23.884
4.952
22.683
11.934
20.085
21.800
26.334
30.420
6.376
13.520
17.142
19.698
22.471
21.981
14.287
10.553
11.851
30.466
17.892
20.603
17.765
33.829
45.056
27.524
20.702
23.264
11.479
24.215
19.514
25.542
22.754
23.040
42.790
20.080
4.911
35.805
36.228
12.654
36.568
27.641
11.531
14.903
9.414
12.253
1.736
33.523
13.505
31.526
23.504
27.468
25.564
21.024
18.759
20.520
20.989
23.444
19.656
10.936
26.130
12.541
26.844
16.939
25.008
8.380
16.163
14.436
16.644
12.641
18.063
17.676
16.952
13.981
17.510
30.506
11.827
21.379
34.558
17.942
25.391
31.910
12.732
23.062
12.361
24.306
25.596
20.391
24.394
26.535
23.033
17.059
41.857
28.848
22.341
18.818
19.990
18.062
9.871
4.946
26.699
33.262
19.249
25.365
17.504
9.112
23.421
16.510
11.700
52.090
25.395
16.568
8.360
26.396
25.520
25.032
11.146
17.443
26.646
17.390
29.544
1.443
13.090
15.379
21.786
37.494
30.582
23.379
22.390
21.945
25.640
27.943
37.759
26.197
39.473
32.082
14.834
32.049
7.851
35.136
44.903
28.163
15.662
22.025
30.406
25.508
22.584
29.190
8.123
17.433
21.977
24.979
13.780
37.458
30.422
23.161
26.773
24.855
20.397
11.817
27.427
23.680
14.454
10.175
26.037
27.346
5.758
11.347
32.560
19.981
13.305
16.770
19.778
37.671
39.700
23.094
7.653
14.899
34.474
4.780
27.884
29.431
26.166
10.573
16.638
18.923
26.349
29.150
14.587
21.657
31.515
36.198
24.660
20.223
25.771
20.504
18.559
6.542
20.480
6.554
14.320
14.848
17.546
16.777
21.025
14.182
32.964
36.428
18.205
41.564
26.382
25.828
17.018
16.396
39.122
25.732
9.451
10.548
13.985
26.782
30.115
14.193
21.459
18.709
5.712
10.990
22.426
12.963
33.583
26.790
20.609
28.869
19.289
24.434
25.597
24.763
20.858
21.572
8.878
16.808
13.303
11.741
37.062
32.038
26.987
13.955
21.567
8.166
23.153
17.609
24.619
28.732
17.873
26.556
9.884
25.987
18.996
16.889
24.516
17.005
31.096
22.052
32.862
18.371
20.985
22.088
22.121
22.788
37.197
15.886
22.022
22.755
30.900
16.122
33.017
22.736
31.428
15.504
24.859
18.842
10.812
21.879
18.035
12.430
19.618
6.340
17.788
17.997
14.416
25.337
17.809
10.536
28.098
27.679
20.750
8.742
44.704
28.513
22.289
38.997
22.073
31.883
39.102
13.644
19.559
26.309
30.033
13.440
22.277
16.206
21.752
22.547
22.651
22.149
24.948
13.955
10.937
36.542
19.832
20.408
18.550
7.387
17.550
5.684
24.318
15.198
25.044
38.679
33.364
36.760
30.681
46.589
18.576
16.621
37.159
27.666
36.748
34.038
27.216
18.636
16.519
20.627
17.295
34.902
15.195
24.861
20.677
14.394
28.687
18.790
19.019
17.222
21.226
12.286
23.308
38.343
18.906
21.632
12.963
23.724
17.877
30.119
23.415
12.484
21.624
14.401
11.798
17.399
34.342
17.133
24.472
34.650
25.006
21.592
20.162
34.590
34.153
26.318
23.025
28.733
36.422
34.579
30.760
43.935
37.799
20.169
20.560
13.977
16.865
14.559
6.891
20.667
13.592
25.059
12.022
10.267
11.947
19.735
18.377
27.622
18.359
30.889
12.721
19.981
6.088
17.326
16.983
18.098
33.924
14.029
27.122
15.298
40.110
21.841
22.010
24.160
39.642
28.353
33.485
22.141
29.966
12.137
18.802
37.825
27.683
21.357
26.961
20.031
32.399
36.076
25.884
13.210
12.903
26.305
20.585
22.607
21.159
17.692
18.779
36.198
20.179
24.250
28.257
11.106
13.162
24.095
9.139
45.397
29.933
20.269
18.837
24.183
13.084
29.751
18.777
10.192
47.063
7.059
1.543
24.466
29.938
34.673
28.840
13.149
13.310
9.662
14.054
8.308
26.008
13.222
36.631
27.877
32.991
31.489
18.211
19.024
20.936
1.534
20.213
16.664
29.452
7.155
32.140
36.626
14.387
33.720
41.644
15.132
19.386
14.755
18.788
17.422
24.096
12.064
13.964
35.003
21.680
23.741
16.531
8.243
11.638
23.266
33.652
20.287
32.516
10.341
49.803
16.688
29.938
21.167
10.410
23.021
30.132
8.858
28.137
8.752
37.091
38.755
8.173
34.748
41.226
15.227
35.677
25.952
33.548
11.779
19.627
11.865
30.050
31.679
21.351
32.309
12.793
30.629
25.271
14.733
32.765
24.635
34.008
21.736
22.694
12.264
16.061
16.238
12.150
14.950
18.035
22.553
15.299
21.407
31.847
32.145
8.726
34.949
28.790
16.525
25.825
8.713
9.975
18.863
26.746
22.719
23.288
11.694
34.459
7.753
16.974
33.235
23.531
10.831
5.262
5.960
36.986
12.541
16.885
35.349
16.580
20.603
18.492
23.812
36.286
7.404
13.675
19.720
9.935
23.651
10.618
15.745
16.010
33.961
36.567
28.289
19.529
11.597
35.228
15.788
9.959
17.217
16.060
33.638
18.879
8.789
20.335
11.377
14.287
8.549
25.653
18.514
15.515
10.665
16.432
10.118
12.178
16.605
26.163
37.414
42.936
25.679
13.197
17.896
19.382
21.534
17.872
22.022
33.009
32.630
39.920
29.995
20.962
17.554
36.540
21.640
15.557
24.848
11.987
18.151
16.002
14.831
22.459
22.293
15.907
15.768
19.218
19.227
11.178
19.252
38.874
21.246
16.150
34.329
27.901
26.730
25.762
13.292
15.299
21.192
33.484
19.450
9.208
12.240
12.358
24.476
24.653
39.624
31.903
29.224
23.363
26.205
20.692
23.371
17.338
18.127
24.729
23.887
26.490
24.207
14.442
19.345
12.884
26.203
19.069
23.012
26.260
22.745
18.124
23.256
29.918
14.771
19.268
10.030
18.164
38.271
33.877
17.084
26.126
24.080
11.929
9.765
18.685
10.829
39.627
10.326
12.928
29.393
32.799
21.565
20.349
11.943
25.249
23.298
18.701
42.363
22.342
41.502
31.963
17.675
27.428
28.434
20.874
18.288
25.752
10.374
12.281
14.598
14.310
14.868
28.609
27.459
23.440
4.811
18.684
14.648
11.024
17.803
16.773
41.285
14.901
20.551
15.157
4.366
13.468
30.915
17.106
15.027
29.384
22.865
17.246
24.362
34.255
20.053
17.948
19.908
18.946
22.725
21.232
17.778
5.692
28.999
16.057
5.751
32.812
12.262
8.584
25.902
17.683
41.837
34.215
26.158
21.417
45.485
11.725
13.350
29.940
41.779
26.048
14.021
12.985
15.303
31.617
23.484
18.499
8.826
12.631
17.604
57.373
53.532
35.058
49.459
34.239
24.311
24.707
23.944
27.625
31.098
21.955
34.501
29.988
17.004
7.006
22.144
9.335
19.460
17.203
18.453
27.338
15.248
30.507
25.939
18.836
15.587
40.827
9.007
30.613
22.205
15.835
16.535
10.507
45.523
19.935
21.211
13.528
10.407
31.936
13.005
28.748
18.027
22.189
13.152
15.857
21.834
16.109
20.265
33.167
35.748
8.664
13.507
21.620
23.746
15.996
16.662
27.829
36.009
40.984
20.729
18.780
19.876
25.347
17.147
19.325
22.243
21.007
25.780
23.522
23.940
11.652
35.213
23.990
35.546
29.144
36.578
7.743
13.703
19.163
12.175
43.406
48.587
51.372
43.246
3.021
14.102
17.276
18.705
18.654
27.527
31.679
24.994
25.873
26.510
12.631
13.444
17.277
19.712
25.298
32.795
28.624
23.150
28.947
23.112
27.054
9.200
8.269
13.958
11.239
15.986
9.899
15.585
21.012
29.451
12.217
12.725
25.809
37.766
37.451
19.688
24.980
10.990
13.554
36.366
23.941
40.462
32.204
34.120
17.929
22.271
14.077
14.761
22.873
19.068
25.422
23.327
32.519
29.350
22.353
17.613
29.797
46.193
23.888
17.507
17.880
16.679
39.467
28.246
27.402
32.319
12.787
15.158
20.415
17.843
26.684
17.133
14.716
30.956
11.805
11.080
21.274
32.021
34.894
37.644
23.885
15.642
22.696
20.240
27.070
17.993
23.919
18.008
42.406
21.245
22.346
12.313
17.020
16.430
14.541
17.766
23.911
33.131
34.897
25.635
36.518
11.530
27.266
14.914
23.776
13.523
11.547
14.643
27.700
23.969
34.118
23.720
37.137
8.825
13.151
32.759
23.192
20.313
17.426
9.605
10.132
29.845
15.625
17.426
18.213
27.201
27.636
16.214
36.788
29.372
24.027
26.122
20.567
20.991
23.450
27.556
45.003
14.345
27.811
22.301
24.612
22.400
35.644
9.187
9.536
6.690
33.410
32.243
20.319
21.327
16.461
36.396
23.353
30.550
20.898
40.282
15.642
27.936
7.796
28.412
23.826
25.555
35.233
14.802
26.180
1.631
26.343
26.307
26.905
38.449
18.130
4.176
13.386
19.370
7.884
14.652
25.683
14.991
26.575
22.123
16.470
16.576
24.439
17.090
21.709
38.099
15.329
14.678
17.738
15.313
10.444
14.110
17.966
49.085
24.076
30.911
31.101
20.459
22.392
22.424
9.271
22.603
26.481
11.041
17.568
21.504
31.856
2.434
22.712
33.684
17.014
14.042
31.783
16.467
10.950
10.567
33.795
27.479
14.033
40.155
9.826
27.779
28.751
8.205
34.515
21.668
21.912
15.354
27.665
7.426
6.668
24.192
8.331
22.250
18.581
49.713
15.631
16.109
32.741
27.272
15.921
37.374
21.591
33.475
29.906
23.910
38.707
12.889
20.888
41.440
16.569
9.016
33.836
17.907
28.683
22.412
13.785
29.827
18.461
32.328
15.813
10.727
5.806
16.121
9.794
30.360
34.581
16.516
21.446
33.549
13.347
12.899
24.934
24.547
27.130
16.298
23.221
38.164
11.469
30.690
24.454
30.688
22.142
28.696
16.274
29.683
17.262
23.014
18.265
39.811
22.143
3.703
28.008
16.556
16.694
39.336
40.772
34.925
15.608
14.673
19.098
14.936
33.280
24.301
17.034
22.385
21.661
11.876
21.669
31.643
26.936
10.724
28.290
21.384
33.237
18.381
32.992
19.868
14.117
36.116
15.066
22.284
33.105
37.240
17.806
12.162
25.161
14.027
23.018
17.009
26.099
17.904
19.621
26.914
8.887
37.521
11.449
24.323
8.833
23.497
18.995
15.504
21.600
9.260
15.593
37.922
21.026
16.953
32.006
35.476
24.523
7.607
15.281
19.432
14.452
23.020
29.831
12.897
25.328
4.677
18.999
19.773
18.762
19.548
28.830
20.577
23.013
31.738
11.793
57.514
26.968
11.771
22.870
19.280
21.680
16.362
33.431
23.440
16.584
21.819
20.776
21.125
21.455
18.459
19.896
28.662
29.255
20.596
41.905
36.175
21.247
18.494
27.215
9.206
21.153
12.286
35.186
8.257
30.681
14.879
8.760
16.404
21.843
19.028
5.250
14.946
17.691
29.913
17.385
21.865
15.690
17.973
23.864
14.999
10.378
24.972
20.997
27.106
23.887
15.534
18.643
15.492
17.684
16.691
33.431
36.098
8.681
15.311
12.346
15.015
19.819
25.081
27.951
10.686
15.322
10.829
11.345
25.305
28.246
15.875
27.863
38.335
36.855
26.672
20.837
13.696
44.931
16.648
24.861
11.974
18.699
44.722
24.154
12.775
31.869
29.786
17.515
15.698
17.393
8.324
9.360
40.127
26.911
10.415
33.205
23.717
28.408
19.743
19.295
1.712
25.882
13.791
24.818
41.699
20.832
18.002
22.936
38.495
16.456
13.152
23.930
15.583
33.966
13.915
17.041
11.427
8.135
11.501
8.495
27.310
21.665
21.775
32.805
23.911
32.374
10.641
29.612
9.945
22.894
26.169
23.729
43.637
26.843
36.196
14.176
18.735
24.650
26.459
20.857
37.156
25.084
12.885
37.170
30.947
5.144
14.294
18.725
18.207
16.647
35.084
25.239
23.889
22.637
26.036
17.556
24.021
26.861
16.176
18.472
9.131
34.791
16.911
18.141
34.360
20.789
15.843
20.053
25.537
29.463
21.632
22.418
35.710
3.907
19.719
13.560
13.584
15.601
12.544
43.885
27.805
24.263
16.845
27.318
17.404
20.039
49.934
22.862
26.806
10.686
6.585
34.234
23.935
21.172
21.297
17.010
16.692
11.997
17.094
5.117
25.269
13.701
13.425
13.919
20.392
27.419
29.114
18.776
30.865
37.576
18.851
22.877
30.054
18.513
35.351
23.559
25.047
15.038
29.361
19.670
8.429
18.878
12.684
21.831
33.581
5.353
27.278
29.082
16.296
34.652
14.093
16.991
22.306
13.386
11.412
31.081
31.502
19.187
30.262
28.544
20.044
31.821
35.353
12.998
30.862
1.589
12.194
17.355
19.618
22.152
15.609
36.539
31.464
21.074
8.797
7.580
11.301
20.374
3.993
21.921
33.738
19.449
14.495
23.393
14.255
36.890
16.690
17.053
21.236
14.802
7.846
24.565
34.073
18.818
20.419
8.867
25.645
15.242
20.391
23.604
16.902
29.859
24.162
18.059
41.471
19.495
27.565
29.211
24.282
8.628
12.038
24.346
20.579
16.334
11.183
18.733
31.311
9.684
28.471
19.627
12.881
20.842
8.217
17.695
24.145
25.618
19.094
19.505
12.457
30.490
34.936
17.453
33.056
27.556
19.009
25.228
8.817
21.621
16.913
28.541
9.868
27.291
13.226
21.572
10.593
24.017
23.873
8.480
26.970
40.719
21.019
22.789
9.475
40.406
15.170
28.789
36.776
24.715
16.117
18.820
31.352
14.434
31.772
24.742
15.145
13.868
12.171
12.589
12.284
24.139
14.553
21.927
13.748
18.985
15.228
7.173
20.861
17.080
25.017
19.574
32.622
36.425
14.723
7.021
35.685
13.290
7.459
31.439
28.188
16.469
18.711
21.861
27.155
30.924
19.653
23.694
23.889
25.673
29.257
30.058
36.751
25.638
9.994
9.243
30.692
15.401
19.251
35.239
21.604
24.486
21.708
25.378
11.586
26.876
20.723
19.121
17.976
1.139
39.855
7.700
25.921
15.904
28.759
10.855
18.852
11.219
12.268
25.816
25.231
16.078
29.604
9.401
21.377
19.247
24.377
9.214
18.524
28.596
15.577
35.136
29.115
17.443
14.816
21.553
20.879
23.585
7.168
15.723
25.308
16.476
28.328
13.249
18.425
17.498
27.786
12.417
29.370
28.650
22.836
9.721
30.269
11.462
31.199
28.967
30.562
31.269
23.674
22.421
23.332
10.413
4.759
27.006
24.727
19.902
43.459
38.162
17.726
7.358
22.296
19.974
29.319
32.718
14.587
30.641
30.459
16.183
11.047
37.526
10.474
23.305
12.809
16.823
18.487
21.328
11.640
15.375
30.499
10.185
18.759
15.177
24.522
32.868
21.783
25.612
22.994
21.142
20.989
16.806
17.427
43.346
10.668
17.471
37.893
21.636
18.149
44.376
26.766
39.476
18.734
15.046
21.565
15.967
22.916
21.911
22.819
21.941
26.793
20.789
29.824
20.435
20.630
23.471
24.211
23.163
43.931
44.308
61.779
29.229
28.851
31.848
38.574
17.229
20.061
15.895
46.294
17.240
14.324
29.120
43.818
16.872
20.520
11.289
33.890
30.310
21.091
32.993
18.281
22.497
11.811
22.090
28.907
13.644
26.193
20.956
26.063
32.378
24.761
24.800
20.874
19.659
24.839
8.934
46.642
26.554
16.716
30.824
32.739
21.748
25.023
25.671
23.997
28.695
9.395
30.016
25.567
11.186
18.020
22.459
42.853
17.358
21.294
32.765
10.836
11.119
36.192
9.945
31.423
13.236
16.775
41.731
15.197
16.454
13.550
23.562
15.478
18.859
24.517
12.583
23.261
21.565
35.748
8.812
18.035
21.603
25.217
20.421
31.151
28.970
32.128
30.383
24.394
13.197
25.575
14.769
30.774
10.007
31.152
17.102
19.644
28.127
28.917
34.263
20.500
15.562
18.802
25.536
19.035
8.808
25.550
15.674
20.193
18.041
31.006
5.848
24.718
20.523
15.823
24.646
23.293
17.458
17.959
15.097
14.076
16.290
37.636
30.984
36.524
28.623
55.545
14.129
27.630
22.182
24.618
13.110
40.887
27.633
9.568
26.577
37.261
21.172
26.923
14.314
41.916
24.693
35.618
28.613
17.794
10.871
15.278
21.227
16.644
31.422
23.784
17.890
15.883
5.907
27.766
28.498
14.295
31.978
31.459
9.548
25.264
42.459
16.205
15.752
40.384
51.456
21.925
36.271
25.968
24.089
18.489
34.108
46.405
28.279
22.683
22.194
15.221
9.649
40.306
32.801
48.297
36.086
21.414
19.078
26.613
16.693
21.941
33.320
18.597
24.009
12.067
24.966
19.758
47.392
51.388
17.292
22.322
28.041
46.213
9.205
19.393
25.726
22.546
18.358
8.583
18.959
34.797
17.438
14.398
23.677
32.697
20.617
38.718
41.256
19.493
23.489
14.739
21.546
23.261
24.073
15.839
21.009
10.642
19.225
17.514
7.376
8.563
14.224
19.973
28.128
11.726
27.124
27.051
27.804
34.572
26.946
24.467
22.443
42.794
25.119
8.177
19.358
19.962
35.523
42.154
9.618
14.331
10.765
20.670
24.567
17.905
18.000
36.295
6.937
20.234
10.238
15.807
34.580
13.660
19.323
19.911
19.860
21.736
18.069
37.944
17.421
13.574
27.797
20.924
30.000
17.817
25.137
16.746
37.106
11.325
17.918
47.686
44.198
62.892
47.022
39.786
22.855
9.960
7.120
7.981
31.794
17.185
16.737
15.703
36.272
30.096
14.277
31.166
16.422
11.562
18.760
22.439
18.029
20.808
24.529
12.720
24.083
20.049
20.191
25.286
19.106
27.250
25.893
22.653
34.278
13.798
12.078
27.536
18.361
11.607
39.202
27.261
18.551
26.947
17.497
1.432
21.108
15.947
17.487
23.008
17.896
24.770
29.028
14.093
23.019
20.202
28.359
9.501
14.048
19.390
16.895
11.702
25.943
17.823
31.849
41.524
22.756
42.520
25.652
21.046
26.084
13.356
37.104
13.265
16.515
35.883
33.133
44.235
52.135
10.326
15.000
16.450
38.139
23.577
22.262
16.926
19.196
19.259
29.061
19.610
28.546
25.762
8.480
21.994
38.020
1.540
16.423
22.707
25.605
3.935
19.260
35.187
6.872
27.502
15.313
45.373
13.450
21.770
18.149
24.465
23.751
16.602
12.074
27.443
9.889
28.336
17.282
37.473
10.502
23.292
28.252
25.337
26.139
19.150
38.965
10.310
17.988
11.783
37.979
42.323
19.902
41.979
15.147
13.076
13.715
21.742
17.425
10.266
7.101
27.030
35.582
29.443
13.296
33.546
17.522
40.267
26.094
23.639
26.665
20.788
8.814
25.076
36.420
36.027
29.673
10.761
20.002
27.170
19.305
20.678
21.970
33.328
16.722
23.456
32.844
31.982
17.150
28.093
11.963
25.653
24.931
21.239
35.495
21.882
15.840
33.231
27.774
41.696
18.914
17.181
21.262
40.654
15.669
37.118
23.014
23.037
27.115
17.099
24.349
8.980
26.213
23.525
15.197
27.360
22.066
24.143
10.725
38.133
17.430
20.981
24.620
27.471
20.302
26.254
22.710
21.079
20.193
26.761
30.639
29.160
13.220
19.976
16.617
20.908
29.666
39.747
16.211
19.084
22.837
17.154
34.641
16.992
11.325
29.283
36.574
14.921
26.364
25.598
25.452
15.461
8.565
25.133
36.520
25.880
29.843
20.026
36.675
25.513
35.739
8.101
16.583
19.458
14.742
25.924
14.987
13.728
16.676
17.502
38.197
25.768
37.867
24.753
20.619
28.147
35.448
17.899
23.272
32.366
29.670
10.651
25.302
16.206
20.380
30.679
27.785
24.774
26.524
25.991
19.689
17.827
35.874
36.043
36.361
21.427
9.763
23.811
44.738
21.874
25.812
22.248
28.382
25.411
13.029
14.030
16.925
24.977
8.620
22.295
33.447
35.103
17.922
28.046
28.076
26.162
11.162
16.847
27.558
50.588
6.412
23.336
15.210
20.170
18.147
23.036
13.291
13.138
22.314
8.056
15.293
20.538
17.793
12.753
13.968
32.397
30.901
32.713
36.809
33.443
17.332
21.708
34.935
29.227
23.623
18.069
21.573
13.292
26.268
17.786
25.728
31.868
33.642
20.049
17.204
26.085
19.664
32.074
26.220
18.815
33.583
41.139
23.764
20.172
14.688
8.398
31.170
24.759
24.848
12.189
20.065
14.961
35.413
41.259
37.188
34.724
25.246
17.749
15.530
18.693
9.539
26.731
28.257
14.905
16.696
38.724
18.801
14.604
13.754
25.944
23.379
9.292
29.443
24.022
50.593
12.135
16.676
20.144
24.589
14.171
15.760
34.250
18.446
23.642
27.747
12.213
29.276
9.766
22.210
20.927
42.870
48.565
41.362
20.160
44.919
17.137
21.783
13.330
18.648
13.506
10.362
23.633
43.709
26.233
17.912
17.504
29.490
12.744
24.814
25.609
13.700
29.161
15.427
31.123
23.694
24.062
48.173
24.678
64.595
20.673
19.930
15.917
20.618
34.974
35.244
7.225
16.653
24.945
25.544
44.363
35.884
12.832
26.531
22.251
12.424
26.473
16.870
9.148
15.701
19.566
40.924
21.764
23.877
14.800
13.190
9.484
14.097
21.270
25.779
32.743
53.792
21.418
14.193
13.700
28.679
43.663
30.477
21.531
13.600
16.902
7.514
38.428
12.113
24.403
24.117
17.063
13.498
28.056
35.614
17.696
23.841
18.960
38.873
29.419
22.413
20.898
7.090
15.925
31.991
25.186
23.371
14.018
11.392
17.121
24.625
20.108
18.393
11.714
17.605
36.163
13.867
36.126
38.619
21.718
13.450
22.809
13.770
30.969
8.562
19.798
13.319
20.241
36.186
16.078
24.696
31.286
40.520
22.992
8.752
28.718
49.240
28.487
16.823
27.117
21.312
28.594
21.565
14.604
9.253
18.762
14.127
51.981
32.591
17.081
9.154
12.789
20.145
23.658
24.450
10.587
17.696
13.463
9.006
11.388
44.203
27.994
36.535
13.436
33.680
22.200
28.864
12.405
20.386
14.310
24.253
20.147
17.967
16.224
11.742
28.088
18.091
24.437
23.201
32.078
13.325
41.024
36.923
31.553
24.566
28.631
20.334
19.359
18.589
30.294
21.532
24.187
38.667
33.426
17.848
27.987
14.386
14.525
21.543
21.760
9.994
25.306
35.488
25.201
19.533
13.162
24.326
20.662
16.388
16.668
24.241
20.096
34.543
24.400
31.868
18.966
19.756
33.249
34.009
11.768
23.950
21.861
22.871
33.301
27.807
34.952
37.741
29.266
37.273
28.138
20.806
24.274
10.384
12.287
18.121
17.515
26.033
38.195
31.984
25.022
34.095
33.761
16.390
32.211
53.991
22.233
13.329
39.868
16.866
13.026
13.952
11.558
31.209
45.656
52.446
29.387
10.744
22.329
19.164
10.952
28.374
20.041
11.454
38.947
34.221
18.001
49.481
29.435
25.138
25.008
21.214
24.498
28.336
32.715
27.591
21.355
20.808
13.110
29.640
17.900
18.898
27.731
32.493
8.341
23.675
26.691
43.744
9.922
27.351
12.883
34.604
33.266
15.997
36.745
22.839
19.003
29.640
24.666
31.198
27.801
34.855
19.696
19.467
17.496
23.480
38.107
21.547
21.521
28.030
13.928
28.428
32.686
39.249
23.973
32.756
26.988
33.254
17.143
21.421
42.372
12.987
18.463
20.455
21.154
35.784
27.085
41.765
22.612
20.465
29.288
27.640
23.767
30.900
30.836
32.166
27.781
23.588
27.446
23.141
17.463
16.533
19.535
18.151
21.944
5.863
25.143
42.101
29.049
7.310
7.350
20.134
13.776
21.700
8.423
12.072
18.052
18.374
30.308
39.778
22.309
3.306
43.489
30.100
30.978
20.025
29.764
31.748
9.715
26.457
27.775
29.705
28.579
19.427
16.262
13.933
25.420
31.956
16.067
18.334
20.267
26.254
14.626
38.742
25.388
17.392
27.163
25.699
21.702
7.693
15.384
29.860
36.256
29.385
35.983
35.504
17.905
25.701
40.165
13.265
25.484
46.014
21.942
14.858
8.586
22.872
18.642
31.533
23.563
13.593
22.310
10.551
15.756
20.910
26.475
35.991
24.607
9.059
31.431
15.060
26.883
28.825
47.801
44.015
19.033
24.778
20.132
33.465
12.113
18.713
34.715
31.081
27.932
28.274
14.800
31.155
20.776
25.230
14.986
19.132
16.781
26.956
22.780
24.733
16.375
21.308
16.586
30.180
37.467
16.380
29.864
18.193
15.926
22.927
30.473
42.387
23.685
25.361
11.159
6.495
19.594
22.200
13.991
17.364
17.362
20.062
33.739
28.238
17.629
20.178
23.526
6.268
25.668
16.314
17.082
7.124
29.758
18.392
10.322
24.052
34.846
21.508
22.728
22.593
39.410
20.462
32.353
22.775
27.232
22.938
19.278
26.311
21.953
25.299
38.817
12.975
12.758
19.917
12.155
36.722
13.670
16.692
28.862
22.294
33.920
28.763
25.051
28.484
32.326
23.135
29.091
21.223
27.266
58.505
45.701
29.860
12.451
31.207
40.221
21.655
8.977
12.313
30.855
26.738
36.291
21.501
36.940
24.780
13.218
38.142
29.261
44.396
33.353
31.918
27.310
19.041
23.638
20.727
9.140
12.084
19.685
12.807
23.632
15.803
9.863
5.372
18.955
10.740
15.624
24.886
12.311
31.838
16.195
21.410
22.196
16.413
11.351
29.170
36.159
36.736
32.771
10.432
15.661
16.344
32.938
21.970
66.832
22.686
12.282
21.331
39.433
35.352
16.259
21.242
18.726
37.070
17.395
11.632
19.798
10.032
15.085
10.021
24.927
23.637
26.906
18.735
20.018
21.186
13.985
24.348
11.258
19.368
14.006
10.955
25.420
49.006
21.949
12.430
25.110
11.858
13.829
17.831
18.705
49.645
34.623
23.134
21.902
22.951
12.471
19.082
21.552
23.877
23.106
22.698
30.974
25.846
25.116
22.160
29.488
20.259
22.200
24.935
9.504
21.330
13.834
25.257
34.907
11.700
30.024
25.096
20.103
22.475
29.323
14.621
6.810
11.407
28.567
18.497
18.923
20.920
32.188
20.744
24.392
44.125
30.082
25.078
9.535
39.303
35.923
22.652
10.878
11.491
20.104
28.239
17.026
22.897
19.639
15.269
23.613
34.402
14.472
26.575
27.334
16.672
31.698
24.756
34.069
15.856
12.755
43.055
8.216
24.312
18.022
35.747
34.800
39.197
34.918
28.119
26.524
20.516
31.190
15.775
24.328
14.313
23.561
17.023
12.374
24.175
15.962
31.377
24.141
31.028
22.204
18.792
19.900
30.050
13.760
15.743
22.086
25.568
11.359
18.740
2.997
19.359
35.576
33.310
18.653
19.054
15.040
32.169
19.061
9.348
24.865
18.967
18.982
17.802
10.862
33.025
25.571
12.797
14.790
21.934
11.761
11.078
22.617
32.175
31.515
11.270
1.129
42.603
21.130
28.756
19.754
12.376
13.427
28.849
13.183
14.579
15.085
30.880
39.533
20.560
34.298
13.675
14.281
22.308
10.854
14.801
46.790
29.021
34.310
35.898
39.234
19.749
34.120
24.739
17.930
22.009
15.653
25.399
18.336
43.515
45.430
13.740
49.926
16.130
18.597
11.979
18.415
29.534
20.280
30.071
21.676
17.094
30.627
22.423
44.135
23.957
9.642
27.214
10.654
11.359
25.571
20.615
28.086
41.664
48.249
44.531
29.872
24.046
16.533
15.806
17.235
17.517
28.684
33.064
38.423
28.069
15.692
28.079
20.967
40.251
20.124
24.492
25.586
21.533
28.630
27.271
16.628
27.096
15.085
28.361
11.759
17.791
36.634
22.245
7.281
4.112
45.456
6.854
18.537
20.611
17.728
29.054
12.181
19.976
20.051
18.543
9.804
19.558
27.758
22.148
18.211
6.364
14.934
24.472
33.033
16.684
26.035
7.089
14.087
32.195
16.203
29.252
26.689
21.692
18.222
8.419
28.187
24.847
24.234
34.931
18.035
18.264
47.137
17.129
22.750
13.417
18.453
23.689
25.175
9.002
12.005
14.723
25.262
26.494
28.597
11.013
43.356
32.509
33.141
10.793
26.581
15.209
13.746
18.832
33.727
23.533
22.655
15.118
15.800
5.573
27.689
23.094
23.835
16.662
19.506
12.747
20.725
14.154
19.558
1.830
23.239
10.787
43.846
12.067
18.676
16.587
19.680
26.263
18.157
10.798
19.649
34.896
5.806
7.546
40.913
30.175
27.485
13.242
25.500
25.257
14.045
17.446
16.069
26.125
8.299
19.420
16.785
17.979
31.090
11.586
31.335
16.126
27.270
15.819
15.135
21.357
20.845
17.668
33.630
14.776
28.931
19.747
27.334
22.242
16.861
20.664
30.620
29.700
14.187
18.496
25.820
57.415
35.822
3.672
22.118
20.791
17.327
23.349
12.714
14.458
25.384
31.190
25.479
24.455
43.146
37.707
24.540
13.503
8.689
35.940
9.141
30.339
28.682
17.862
33.106
16.965
18.756
19.329
36.288
13.913
20.273
13.214
20.829
9.715
19.150
18.809
32.742
14.135
16.534
22.843
24.486
31.467
29.039
17.371
20.028
36.365
14.954
6.519
26.239
10.184
7.851
19.513
25.458
12.474
22.344
14.490
18.882
17.659
16.993
18.202
24.613
14.793
15.128
7.994
23.973
13.115
20.696
27.910
11.056
13.595
25.113
17.093
16.740
20.282
18.534
16.866
33.771
20.468
20.281
26.787
24.523
18.062
29.633
14.479
17.592
21.433
25.508
17.789
12.027
38.130
24.671
27.802
45.254
36.641
36.505
22.008
37.771
32.766
20.627
26.786
16.569
21.299
14.574
21.776
28.553
26.209
27.796
16.195
14.094
29.803
9.189
22.057
19.108
20.294
25.368
30.543
28.392
31.163
21.914
15.721
16.077
11.823
10.601
11.292
18.223
20.486
43.129
21.970
9.092
9.677
18.230
20.203
18.357
28.130
33.928
38.115
19.231
19.617
29.536
20.980
29.715
17.747
22.474
23.433
23.404
24.983
14.422
32.098
20.087
20.286
40.402
35.152
29.128
29.707
17.478
40.141
23.274
17.765
14.044
21.239
21.522
37.978
28.350
20.244
12.108
17.991
32.784
35.054
11.650
11.893
29.022
23.667
20.002
28.990
23.818
21.407
30.806
8.942
19.244
25.019
26.439
12.868
13.269
11.350
19.348
35.942
27.750
28.646
36.203
30.699
22.886
6.673
23.463
14.783
18.376
30.591
11.306
14.142
16.415
24.128
22.476
9.811
27.820
38.474
9.778
11.206
25.849
34.567
38.223
15.141
16.690
20.351
43.156
44.168
21.478
17.091
20.463
21.679
21.107
32.795
28.377
26.433
20.607
17.624
21.873
34.659
16.208
32.390
19.044
31.432
34.203
11.013
46.130
19.283
18.440
28.440
19.573
26.393
23.774
10.778
34.936
33.325
21.482
33.409
24.830
14.481
33.148
28.786
20.373
21.502
42.570
37.264
12.777
23.282
18.570
23.692
7.547
27.458
21.169
8.447
15.021
11.487
37.507
24.683
34.233
16.374
38.913
28.578
35.699
18.079
41.813
31.017
14.829
14.967
16.609
17.935
21.217
49.303
26.454
28.753
56.020
28.884
19.223
38.050
16.560
14.075
26.890
15.058
24.501
14.593
11.898
42.202
14.922
25.928
21.327
27.352
16.433
27.742
53.201
31.239
43.442
42.327
28.415
30.100
20.963
17.169
36.268
10.959
15.874
21.945
29.870
24.699
18.310
16.553
11.636
21.283
25.702
27.485
7.671
15.827
8.206
19.950
25.111
18.405
33.520
22.862
8.101
20.248
17.234
14.071
9.950
23.472
34.841
20.029
17.024
13.554
14.617
25.183
35.687
22.161
14.495
30.402
11.908
13.689
13.433
16.504
24.275
20.555
26.559
37.331
9.123
15.254
26.068
6.766
15.229
23.635
22.760
19.983
14.025
11.312
34.230
20.461
25.284
35.989
6.097
17.229
46.671
8.123
15.779
21.075
18.939
27.063
39.618
23.668
23.243
10.023
37.836
36.076
11.205
18.864
46.781
20.044
16.749
21.636
20.270
17.772
17.496
18.448
15.827
7.807
15.933
18.135
19.304
14.698
14.967
15.216
17.621
24.648
31.460
23.304
24.617
26.852
19.009
17.804
12.290
22.130
12.166
17.637
19.439
25.582
26.392
8.679
15.949
3.952
23.768
24.069
32.955
15.039
12.368
16.825
32.031
27.089
30.719
16.174
22.338
27.309
10.677
31.485
12.709
27.613
15.165
36.762
26.563
44.030
16.641
31.305
21.462
22.098
21.437
42.163
9.764
22.877
22.234
16.951
29.293
13.939
32.360
7.447
19.144
27.809
27.397
12.444
24.862
25.815
31.914
20.113
21.662
32.038
14.726
34.567
22.362
24.118
16.095
38.609
13.441
4.399
14.561
21.790
13.984
16.777
14.136
16.091
13.780
14.924
19.459
22.659
10.141
7.728
21.350
17.781
13.912
36.036
23.355
20.473
27.596
14.819
16.208
18.412
24.072
12.374
26.825
14.212
26.050
29.793
21.619
16.598
19.717
18.884
14.044
17.538
18.498
24.827
35.305
16.252
13.539
22.280
24.498
12.736
8.595
35.154
19.878
10.222
19.492
8.904
20.466
24.249
20.964
30.323
26.392
16.420
18.244
37.028
15.853
18.727
17.939
16.435
38.959
21.326
11.696
12.100
11.912
39.122
16.351
24.515
13.194
14.136
26.304
26.223
28.377
21.497
39.141
23.353
38.668
11.097
17.848
22.100
20.966
26.908
26.341
23.711
24.811
42.108
20.890
29.727
18.624
22.901
34.263
5.879
18.037
25.193
26.587
17.866
16.626
11.676
27.208
11.115
13.637
14.913
25.807
61.403
22.599
21.465
28.015
22.021
32.378
20.618
26.074
39.375
43.817
12.654
26.843
32.241
23.827
11.733
15.523
23.254
20.688
22.695
30.456
32.750
38.601
40.772
16.021
27.722
37.805
15.680
8.109
28.867
13.931
24.112
25.515
28.465
12.285
9.390
44.381
23.273
28.110
36.702
32.245
19.754
25.933
32.057
23.719
21.497
19.922
35.134
18.601
33.095
19.028
6.271
8.288
18.329
11.389
10.094
9.066
27.397
39.706
16.674
16.243
12.384
13.968
19.744
10.310
27.364
20.550
24.334
11.388
37.203
10.580
24.743
20.554
48.698
16.175
23.796
15.180
37.645
19.327
23.692
10.374
14.972
23.081
12.575
27.370
20.225
16.365
16.790
65.742
34.293
20.582
26.635
18.820
36.444
30.471
41.166
25.516
8.976
24.361
19.908
38.444
18.306
36.952
25.984
16.193
23.799
20.883
18.631
26.263
14.071
15.080
25.439
27.156
18.492
30.451
19.504
21.591
17.895
9.227
15.046
18.352
26.283
16.444
8.723
18.983
19.003
10.975
1.097
24.727
14.516
29.108
38.012
10.220
20.679
30.220
27.483
4.617
31.105
13.223
43.396
17.248
6.723
25.752
30.940
21.113
18.595
32.702
16.903
20.487
8.886
27.255
13.516
11.495
20.642
8.197
7.801
11.001
17.982
1.530
22.205
9.574
14.110
18.427
14.656
24.287
31.806
9.846
15.789
11.209
13.207
22.501
14.610
27.979
13.522
12.211
22.477
20.650
29.948
17.994
34.918
14.779
18.312
28.071
44.396
27.332
19.771
20.314
34.301
15.652
29.537
13.564
11.669
23.786
19.789
19.472
22.738
17.307
18.178
37.097
30.926
24.681
6.942
21.413
19.846
8.556
15.274
1.512
18.999
16.260
18.650
22.755
27.272
10.648
16.854
34.041
28.456
16.528
16.933
28.232
40.003
41.641
19.524
10.406
11.915
32.022
8.583
29.350
23.532
15.692
23.310
16.797
22.279
6.948
23.933
11.107
18.312
18.746
21.411
25.478
27.132
22.895
22.736
21.488
42.779
26.074
7.773
16.105
11.805
25.839
17.487
27.403
14.078
41.125
24.839
26.592
16.935
41.060
21.951
11.752
15.573
32.389
26.314
16.324
9.631
27.185
24.398
18.086
15.713
29.225
8.940
14.342
20.325
33.498
22.293
20.932
29.093
11.910
13.150
43.000
21.365
23.097
13.639
10.232
12.611
12.559
21.968
45.708
9.231
41.741
14.876
18.165
9.656
13.950
5.453
23.536
13.446
24.522
21.572
20.487
19.097
8.001
51.158
38.420
25.712
30.858
43.893
15.683
11.216
28.296
49.342
27.777
34.529
1.271
17.935
36.235
36.586
23.022
25.590
5.522
28.879
23.498
21.467
21.701
43.058
27.129
22.790
23.542
32.930
22.591
14.689
36.817
17.546
19.299
26.349
28.722
7.760
13.975
19.316
34.451
15.707
22.951
12.456
17.303
10.683
22.443
31.732
17.043
25.258
6.712
23.874
10.271
18.029
14.722
11.611
13.683
8.368
27.884
16.586
43.422
7.853
15.798
24.231
25.147
30.858
16.094
14.465
15.900
18.044
24.667
31.767
8.284
19.642
23.661
10.902
22.741
22.426
19.035
13.055
26.840
19.015
14.899
32.959
4.655
6.795
19.261
10.631
19.625
25.798
27.221
22.409
12.950
9.495
25.804
26.797
20.003
13.235
25.335
27.232
31.440
21.032
18.244
21.010
20.034
18.373
28.872
33.898
27.869
31.263
32.674
8.660
12.483
14.862
25.350
26.570
8.553
6.036
19.914
18.215
24.486
39.482
23.430
23.682
27.831
26.239
22.281
9.986
26.099
27.073
24.653
13.318
19.422
34.722
8.793
8.343
9.169
24.503
5.651
19.665
14.658
21.415
29.657
31.007
12.784
9.828
12.345
12.126
34.468
12.558
27.672
35.658
24.115
9.492
11.263
27.733
28.736
35.107
24.239
21.362
19.817
24.508
21.559
9.856
11.732
27.057
24.752
17.514
18.612
14.018
10.982
26.047
17.122
35.201
40.446
33.215
12.297
29.252
11.923
19.884
23.100
14.150
32.565
12.282
17.004
30.873
21.547
15.112
9.979
18.138
17.835
15.872
19.067
21.667
33.708
14.387
24.970
25.680
13.400
16.710
30.712
17.859
36.308
20.762
39.489
36.833
30.509
23.362
9.557
35.930
34.908
22.729
24.719
15.710
20.902
15.604
23.467
15.128
19.222
13.548
24.083
24.570
12.237
12.947
15.078
22.453
26.248
17.023
24.719
10.380
20.371
18.041
25.930
24.186
22.373
20.106
22.813
13.215
31.868
28.232
21.666
16.604
13.252
5.988
26.156
22.911
19.972
12.986
22.142
17.806
18.139
11.948
9.434
35.253
33.095
17.717
11.132
29.711
13.898
10.698
27.943
31.896
16.010
14.240
30.702
22.153
29.551
25.080
23.585
36.831
25.643
17.764
21.965
22.065
10.968
19.533
26.568
28.823
26.741
28.809
30.845
25.513
50.323
54.554
14.790
6.534
23.608
25.010
24.851
58.335
7.261
19.417
39.430
11.859
25.197
13.044
26.857
11.308
19.685
26.880
16.425
16.226
23.345
6.885
21.816
10.922
21.545
24.900
22.540
21.286
21.198
11.997
8.737
9.882
17.898
32.709
12.758
10.935
31.267
19.972
10.124
11.731
11.509
25.124
16.949
16.167
38.970
12.922
11.700
23.801
43.031
12.624
13.244
22.150
15.266
14.116
17.883
23.941
21.193
32.486
30.714
31.330
16.933
40.493
22.351
11.205
11.033
26.522
19.728
20.921
13.031
1.655
21.148
17.560
16.756
24.063
9.837
18.635
15.018
16.399
14.456
27.568
30.412
16.181
32.271
29.445
25.560
13.422
30.571
17.664
38.097
18.366
8.662
24.581
32.662
8.207
13.147
26.748
29.804
9.580
17.441
2.964
12.514
19.578
28.729
18.258
30.210
30.199
11.352
18.249
38.802
21.590
12.755
29.670
41.195
37.037
11.746
6.275
19.483
11.704
19.236
30.830
39.882
24.800
12.985
23.524
12.624
11.234
8.505
18.720
23.075
28.761
30.588
8.782
13.986
15.723
20.522
26.219
5.989
19.588
15.285
21.724
13.170
35.759
13.407
22.313
29.544
16.381
10.680
18.510
9.434
18.053
14.396
53.230
32.661
33.103
60.323
17.524
19.465
13.807
13.252
15.783
15.370
8.170
32.607
34.133
14.890
11.219
20.993
37.764
19.796
15.553
21.188
15.371
9.178
19.121
39.696
7.562
38.096
12.414
38.111
12.247
20.284
22.302
23.668
16.900
6.710
12.711
28.262
27.463
24.382
23.460
9.077
5.958
9.631
12.437
13.911
27.494
18.974
27.558
21.231
15.457
32.980
26.004
12.365
18.225
16.361
21.729
13.879
24.669
12.444
22.693
16.153
8.297
42.804
20.533
8.813
19.764
20.893
26.879
15.751
12.580
21.818
57.750
17.429
32.903
25.154
23.097
34.902
14.121
14.812
6.899
13.820
23.039
14.599
8.886
22.106
21.436
9.686
11.953
25.030
28.925
14.568
42.992
7.998
7.066
11.002
27.758
16.213
12.002
18.889
40.276
15.150
13.321
6.744
35.220
9.344
12.861
13.582
27.756
14.328
12.239
19.383
9.135
17.570
9.139
8.971
40.574
22.518
17.226
22.564
11.428
35.739
36.098
12.836
38.761
31.642
20.987
5.809
33.855
52.462
29.647
22.582
33.044
30.273
13.188
10.045
12.495
7.388
12.716
28.769
42.191
37.194
24.711
14.998
13.788
8.314
16.911
30.100
18.451
26.751
32.232
39.596
31.468
26.222
29.224
33.780
20.664
13.490
32.078
5.833
28.491
12.288
14.006
31.878
18.101
30.722
17.205
26.980
9.926
16.731
9.680
14.047
18.413
17.990
31.187
12.560
6.456
21.846
20.492
12.682
12.017
15.664
16.850
11.978
20.782
4.285
28.679
31.572
10.331
19.797
8.263
10.661
17.015
33.907
16.139
27.702
13.474
25.643
17.882
10.877
1.443
28.931
24.093
14.187
14.212
23.952
32.425
8.107
16.087
13.795
24.366
40.509
23.389
19.873
23.674
14.634
26.245
25.722
23.938
24.216
7.025
20.250
33.304
33.926
21.170
52.437
17.581
16.630
26.367
37.464
12.977
10.281
15.134
8.899
8.520
20.597
36.580
40.791
31.264
21.538
13.252
13.919
37.878
14.357
19.413
12.541
11.133
38.495
25.887
12.212
16.758
13.086
27.571
9.908
10.257
10.911
25.086
23.921
15.525
14.190
22.581
23.589
13.283
15.885
13.210
19.584
10.569
13.667
9.444
16.181
1.623
13.080
21.954
13.760
13.643
19.561
20.011
7.155
17.569
16.985
18.271
20.220
17.969
14.923
11.084
16.509
24.469
34.640
24.177
20.771
21.893
22.801
32.414
10.309
19.832
42.587
22.220
17.733
13.986
30.623
25.154
12.065
35.048
23.974
23.990
25.341
24.547
37.389
13.209
20.798
15.998
27.548
24.655
8.757
13.597
26.201
6.356
24.870
13.422
33.001
18.983
16.904
16.133
8.355
19.061
26.755
15.690
11.490
17.306
8.238
30.928
30.636
18.517
26.685
34.264
15.914
11.543
17.763
10.682
27.606
10.185
15.288
15.597
15.936
18.003
14.631
17.305
27.378
21.694
21.670
34.423
39.642
13.574
24.941
45.123
18.873
22.175
21.474
10.672
10.561
22.103
19.813
21.944
16.481
16.140
9.270
17.663
12.389
17.192
22.856
21.338
26.512
13.655
36.758
20.163
17.958
32.720
24.966
29.427
27.687
10.832
13.751
23.977
34.593
32.878
21.689
9.390
34.844
14.473
11.723
14.450
17.173
23.792
18.068
34.196
34.526
38.581
22.938
15.744
11.925
4.357
21.902
15.493
19.997
25.396
31.672
28.766
26.622
25.249
22.887
16.600
17.668
20.471
27.498
27.441
30.717
26.247
8.290
17.386
22.331
13.800
11.208
13.431
17.490
11.314
18.261
22.948
27.401
22.085
16.834
12.853
4.313
23.805
23.824
8.853
13.066
13.272
24.743
31.161
16.279
20.806
19.587
10.388
20.204
11.362
20.158
24.513
12.003
15.532
28.579
14.406
13.988
22.236
36.456
16.271
31.949
7.192
39.743
38.716
43.368
30.460
22.920
12.531
48.624
25.327
22.005
10.547
31.401
13.846
7.419
17.890
27.016
25.464
11.485
17.575
18.031
13.262
38.499
19.004
10.102
17.613
27.670
37.096
23.870
11.274
22.311
31.259
44.429
25.621
41.061
11.080
20.607
16.723
22.376
18.200
32.029
21.046
8.102
15.085
29.221
28.002
11.795
21.695
24.661
31.818
10.355
19.910
19.968
17.908
20.699
14.604
34.757
26.154
20.596
19.956
19.909
23.312
12.180
18.786
23.985
12.212
12.756
16.558
12.316
11.913
10.188
12.455
13.013
18.731
34.303
16.940
20.672
21.145
8.027
13.807
18.651
47.400
14.284
32.351
9.982
36.720
17.258
21.341
13.221
18.795
12.299
40.540
22.500
38.021
18.850
19.564
11.444
11.787
13.743
5.638
10.808
13.722
17.229
20.481
12.523
13.752
5.892
14.647
16.653
10.632
9.873
49.441
13.030
10.909
16.432
11.443
33.526
27.199
22.154
19.312
8.719
16.746
11.164
17.318
43.284
39.615
27.006
37.879
11.493
33.019
11.658
7.709
12.772
16.335
21.842
9.775
33.895
13.436
47.938
21.052
9.745
11.134
36.527
27.345
24.144
17.202
20.048
44.918
22.189
10.364
24.308
14.343
7.126
11.887
11.360
15.611
9.200
23.494
11.840
12.802
8.543
24.371
46.235
28.518
15.522
20.932
17.406
27.240
13.507
13.645
20.371
34.907
17.418
18.464
22.017
18.078
36.518
17.324
14.614
18.463
30.613
24.383
22.735
28.741
24.776
42.749
14.450
31.492
23.087
9.539
23.887
28.657
7.570
17.773
11.980
7.315
18.584
13.121
20.562
41.623
23.648
21.302
18.619
10.687
24.683
19.226
13.744
9.692
19.387
14.420
14.872
9.879
32.090
9.794
19.848
15.840
29.973
30.845
19.095
36.360
30.614
20.866
14.462
15.486
12.588
15.436
28.095
29.431
7.800
17.423
19.190
22.369
21.488
15.530
31.844
17.209
40.144
29.710
10.611
36.511
30.984
13.012
27.056
13.607
16.780
11.682
14.633
10.004
21.189
11.092
18.339
22.924
32.794
9.590
14.170
11.876
8.784
13.373
13.258
22.112
14.918
17.736
8.132
17.618
8.932
11.320
31.644
11.915
21.431
35.384
18.378
12.406
9.348
27.079
30.626
22.069
10.139
24.378
15.272
9.330
29.963
28.181
10.519
53.238
28.094
15.742
20.075
31.742
24.185
11.202
24.463
36.756
21.649
9.552
7.531
28.608
24.293
8.748
39.471
48.555
37.319
28.730
21.976
15.875
17.709
12.675
24.796
46.896
16.867
39.165
22.071
19.009
15.302
16.674
31.873
32.749
9.368
12.760
23.990
6.127
35.673
33.444
24.052
9.992
16.630
42.917
7.326
15.370
14.696
31.729
13.803
19.099
17.679
25.353
27.451
22.939
23.040
44.116
18.176
13.982
16.205
10.152
13.633
15.511
30.779
22.041
22.131
16.682
12.271
58.471
12.749
27.200
25.570
10.460
23.299
49.159
25.205
23.820
21.213
27.916
18.179
23.121
22.821
12.347
7.504
13.201
22.534
6.160
20.207
16.250
28.514
25.420
29.885
11.465
24.785
29.629
6.428
19.385
11.880
24.592
26.023
38.700
6.015
11.872
11.401
23.610
18.334
18.250
8.881
15.873
15.676
14.321
31.638
37.549
15.966
23.447
20.281
20.126
9.905
28.681
12.838
15.041
21.665
18.962
19.766
11.236
29.483
22.880
16.617
5.962
27.333
22.655
11.353
24.663
13.682
11.324
24.067
20.723
11.899
6.894
12.472
15.382
45.088
23.469
34.607
11.377
16.900
31.934
17.055
29.030
42.279
20.783
16.719
26.434
11.125
17.248
38.695
21.285
6.149
26.019
24.316
22.307
26.965
39.034
36.719
13.759
32.560
16.739
33.103
32.483
32.305
21.631
20.140
32.443
36.244
26.299
17.356
16.340
32.756
23.526
31.230
26.535
10.252
26.855
23.160
26.760
24.603
10.159
15.484
20.997
16.839
20.384
5.490
16.256
16.026
23.045
21.540
9.014
22.151
6.345
19.056
14.765
9.060
18.432
24.020
45.096
15.713
9.105
24.515
28.283
16.527
14.605
10.303
18.027
24.479
19.835
27.869
8.386
12.304
15.628
12.101
25.663
12.937
7.988
40.919
18.853
19.539
14.351
12.774
47.366
16.326
12.962
8.358
13.423
42.581
17.504
29.467
42.140
29.747
12.811
18.418
20.715
18.053
49.459
15.073
22.347
7.183
11.784
12.742
9.495
19.459
14.712
22.967
18.098
18.267
19.542
11.398
11.793
14.986
17.772
25.085
21.009
23.303
18.107
11.970
14.160
24.865
15.317
17.311
14.081
9.680
24.018
9.569
10.578
22.049
1.871
8.123
30.880
27.491
5.930
8.405
20.642
19.517
26.819
21.807
13.911
19.627
55.776
38.562
27.145
22.764
6.205
22.966
26.712
17.856
11.946
21.823
17.057
17.713
14.807
22.263
17.832
29.565
14.543
5.482
19.910
25.269
27.151
24.203
12.558
5.071
22.712
15.809
20.104
19.910
32.158
14.938
11.794
17.155
33.033
16.934
24.761
9.071
17.222
21.786
45.846
31.093
19.427
63.275
27.443
32.089
25.528
13.516
21.271
23.837
22.476
25.759
9.030
32.320
17.620
37.271
12.786
21.200
22.625
13.622
20.560
11.850
22.226
25.271
15.617
19.871
18.445
19.145
28.910
14.853
20.357
11.292
34.212
15.799
11.680
12.572
10.519
20.161
8.208
8.436
13.477
26.091
23.806
35.378
43.580
20.941
28.428
3.837
18.050
13.206
20.890
10.525
37.079
25.799
17.923
23.547
16.602
11.019
24.639
17.095
14.397
23.686
14.558
13.320
25.480
14.227
13.167
31.793
23.324
19.061
7.197
27.365
12.205
33.087
10.959
27.704
18.115
27.509
44.584
12.487
31.981
39.253
16.607
38.409
24.338
12.070
16.176
16.555
37.246
21.094
12.820
22.427
8.018
11.077
31.697
25.367
15.856
20.867
28.756
34.567
20.604
19.904
10.795
32.271
16.669
42.622
22.338
34.693
28.602
16.712
8.045
22.380
53.474
30.443
47.703
30.040
19.788
26.251
12.662
13.918
10.097
12.370
32.830
14.059
28.164
14.279
42.472
17.821
21.385
13.080
22.610
25.827
11.992
32.401
26.526
13.529
15.768
40.917
28.474
19.123
10.214
24.084
17.840
12.151
18.911
13.878
29.482
28.022
25.796
22.465
11.125
18.708
20.344
15.043
10.916
15.887
15.108
22.531
23.558
13.324
27.795
17.536
17.385
17.668
7.626
21.554
42.287
25.043
38.870
9.733
9.103
17.199
24.232
42.417
26.379
18.455
6.829
22.156
15.271
13.360
13.567
7.374
17.544
19.001
16.304
27.953
10.978
11.541
33.718
24.007
6.332
11.255
22.723
22.042
11.605
16.764
18.256
39.243
22.753
14.201
22.776
16.592
18.907
15.159
18.482
25.418
17.831
19.842
23.110
15.292
9.703
18.666
20.187
6.549
23.710
34.464
11.003
19.228
9.753
30.659
31.962
16.375
34.614
31.766
13.075
11.277
7.663
21.223
10.894
14.197
21.123
20.532
23.193
29.289
16.557
10.169
21.908
34.028
17.151
12.896
23.060
13.818
15.746
19.875
26.466
11.911
17.131
11.772
20.792
18.239
19.772
23.258
17.811
28.856
7.623
17.183
28.069
15.436
15.595
12.388
18.318
20.098
1.543
11.568
16.852
12.537
24.540
15.832
11.935
37.937
15.314
8.095
11.448
15.285
14.232
11.355
25.793
10.992
13.046
16.544
22.449
8.664
16.334
27.708
8.378
19.152
24.244
15.218
31.993
11.605
21.461
17.826
29.532
28.877
29.706
26.045
20.834
22.545
22.500
41.278
36.050
16.233
33.300
34.640
23.318
11.499
14.897
10.845
24.994
18.102
11.804
27.950
25.524
38.498
9.541
29.703
32.832
42.847
29.026
15.008
15.508
13.358
19.666
15.664
19.994
10.431
5.316
12.524
14.078
41.528
25.200
15.895
9.680
16.351
38.841
16.749
7.738
34.325
25.546
16.122
37.557
14.989
31.163
24.739
28.508
22.600
16.961
16.240
12.970
20.701
9.545
14.948
41.099
23.667
17.450
23.153
21.485
33.676
2.882
20.445
16.797
18.208
18.803
20.406
23.836
10.936
18.787
13.595
16.430
11.241
18.917
7.768
12.790
12.019
8.027
19.531
13.444
26.413
27.899
20.779
4.783
22.003
38.100
15.186
19.074
26.504
20.412
22.500
23.399
11.621
16.396
17.919
26.423
21.864
19.738
29.704
26.513
15.534
21.263
7.502
15.083
12.556
8.615
9.805
36.631
11.933
10.475
11.520
30.192
19.966
10.739
12.522
21.924
20.493
8.955
17.250
20.626
11.832
10.592
17.230
21.872
11.203
18.792
10.349
24.986
47.132
21.300
24.959
23.688
23.964
9.732
18.537
11.944
16.961
23.077
21.449
9.751
11.067
28.066
9.593
14.586
27.010
18.620
30.441
14.666
24.505
15.685
29.754
11.825
19.184
37.496
22.124
21.963
9.377
17.061
18.920
8.686
19.949
16.707
12.020
12.810
21.546
17.179
20.156
14.053
29.142
27.485
11.642
13.682
12.349
10.847
9.001
6.071
30.250
11.774
13.914
24.426
14.605
26.611
18.480
9.479
11.169
27.690
29.080
31.902
15.126
15.094
12.984
18.527
9.601
28.555
26.718
15.812
28.984
18.328
32.403
25.147
6.435
14.545
13.247
18.800
16.465
20.267
13.812
19.568
12.133
16.438
30.794
18.344
17.716
20.784
23.003
39.672
18.557
19.287
21.107
13.232
23.843
18.140
16.382
4.122
16.909
1.135
26.496
18.584
19.652
18.039
46.090
23.716
8.885
21.742
22.265
47.836
13.751
17.435
21.993
21.537
26.554
20.140
15.108
6.210
19.120
17.716
12.352
8.167
14.978
13.736
25.313
42.419
35.564
23.014
15.675
15.276
16.890
11.530
33.399
23.688
14.507
9.341
19.043
13.365
12.069
16.897
15.425
5.326
19.009
15.722
1.438
18.539
17.115
15.591
13.960
15.473
19.128
15.557
35.471
7.924
23.544
44.392
21.014
22.910
19.772
34.142
21.564
25.634
22.613
10.724
9.635
37.140
18.698
9.632
10.087
44.623
37.695
15.256
24.368
10.173
16.699
12.577
11.021
20.675
17.783
16.866
13.953
24.827
28.487
18.766
16.068
19.190
21.338
18.959
7.176
16.043
27.770
28.553
11.640
45.012
28.214
14.409
17.827
23.546
22.523
10.368
9.430
16.848
15.506
18.719
27.821
12.514
10.547
11.166
25.093
31.597
23.981
13.464
19.594
21.161
21.483
7.379
21.851
9.426
7.254
7.233
20.764
16.680
21.033
21.818
16.951
18.815
16.092
32.173
18.132
10.931
19.005
18.170
22.588
12.311
20.923
32.439
24.706
17.710
8.012
18.922
33.585
20.225
14.558
26.856
13.255
14.214
18.270
25.638
12.413
35.522
17.996
28.412
20.484
14.486
21.841
18.204
10.437
7.219
32.500
19.103
14.457
12.815
25.107
19.846
8.730
15.314
28.690
21.725
17.224
16.955
16.813
21.673
11.900
23.259
18.652
21.994
12.456
24.940
24.958
20.558
28.884
24.978
11.013
20.662
34.805
31.698
28.149
18.759
20.739
20.312
26.388
28.233
19.257
44.183
32.039
24.937
13.518
21.632
23.143
19.566
14.673
14.662
11.767
18.824
15.875
18.831
31.424
16.325
23.800
16.097
15.682
15.149
20.819
20.715
17.622
14.692
29.838
37.100
6.969
14.268
26.030
19.742
24.387
21.899
10.216
8.352
4.662
9.127
8.240
40.989
18.842
21.405
9.669
9.092
23.648
19.883
30.557
22.723
34.699
20.920
47.938
27.465
18.896
24.298
19.054
27.946
20.161
19.564
7.704
19.283
8.735
28.044
39.980
11.864
25.183
33.998
10.935
13.900
27.283
13.356
15.146
32.180
4.399
10.395
11.803
15.443
17.962
16.867
9.284
41.911
14.412
23.484
14.757
18.175
12.542
7.500
18.203
13.838
19.153
16.708
16.756
11.050
4.498
29.633
25.703
11.657
17.182
27.097
23.682
12.410
19.095
22.199
9.872
16.563
21.189
30.823
20.053
6.475
25.183
29.272
22.658
17.526
23.099
17.803
17.519
18.221
42.968
24.729
13.933
28.931
24.114
22.358
15.736
19.866
14.847
24.739
9.118
5.988
31.725
13.375
30.248
32.136
9.106
16.295
14.243
20.604
11.543
12.383
34.855
24.405
40.119
24.992
36.962
49.416
16.876
18.299
11.539
34.055
18.343
6.990
23.475
20.067
19.463
27.048
18.667
19.243
25.074
10.597
17.875
16.301
16.977
8.438
12.516
15.377
12.512
17.482
18.203
12.652
12.982
15.156
18.079
12.088
18.388
10.584
45.815
22.307
12.184
22.117
22.183
9.921
26.046
21.765
8.196
12.840
9.130
27.718
35.314
23.963
33.861
16.568
11.225
21.107
27.178
11.451
11.104
6.416
10.431
16.636
34.310
27.503
6.786
7.503
17.517
17.626
29.277
19.302
4.561
23.027
19.035
24.166
1.488
29.887
18.879
16.547
13.829
1.745
20.005
12.824
15.195
13.372
27.633
16.262
23.556
10.743
15.648
11.435
18.101
12.279
19.530
29.763
29.250
26.618
23.991
17.330
13.636
16.185
22.483
10.593
13.828
21.609
26.662
29.113
31.673
25.485
26.479
13.072
16.577
22.754
29.986
41.488
30.643
17.632
22.289
21.566
19.767
17.754
10.947
41.119
8.045
9.427
8.880
12.654
9.951
29.777
25.060
21.543
10.350
24.002
7.840
14.488
17.733
15.998
35.942
18.241
11.138
14.970
14.520
22.483
22.857
17.212
14.326
15.160
12.709
23.058
14.451
8.996
7.479
26.972
14.625
21.109
26.429
15.358
20.175
17.691
31.067
22.775
11.099
19.831
10.234
13.816
9.980
21.775
20.978
19.987
27.957
11.577
23.983
13.757
18.529
17.271
1.580
18.608
13.284
10.900
9.312
6.527
23.532
19.826
8.908
15.119
18.988
20.171
22.762
24.644
19.012
25.835
24.119
23.591
21.023
6.738
21.664
22.152
4.140
9.269
21.341
29.439
47.090
20.055
29.646
8.970
11.795
21.248
9.952
6.601
4.540
9.766
10.523
21.664
22.073
15.729
12.932
28.845
20.814
18.466
16.990
9.439
19.390
13.647
11.264
17.261
12.340
19.932
22.630
26.464
20.673
19.926
32.599
21.221
10.986
17.684
25.872
23.569
16.337
19.164
11.750
11.547
20.339
27.289
18.697
12.804
21.106
12.509
20.692
9.563
21.035
13.181
19.449
27.671
13.141
27.837
23.486
18.165
13.391
10.787
16.762
14.997
16.212
8.675
25.227
30.919
9.699
18.933
12.611
28.085
36.853
38.280
19.727
13.618
17.992
24.042
15.156
9.938
16.764
22.666
25.399
14.394
41.782
27.441
22.703
32.115
20.180
25.332
15.093
29.699
8.776
12.233
12.782
16.227
18.134
18.700
18.305
12.721
7.182
21.280
40.919
15.092
11.187
6.865
34.699
7.742
14.946
33.594
17.774
17.397
16.518
9.217
24.546
10.055
17.831
12.268
38.411
5.882
11.456
24.219
30.812
6.087
8.115
14.720
21.513
24.994
14.091
11.264
14.107
33.323
28.242
13.264
19.477
38.225
27.736
13.089
11.687
4.475
18.227
18.414
29.121
29.156
10.091
42.061
32.232
17.674
27.085
16.333
10.116
18.677
6.956
27.713
20.823
19.101
16.470
9.090
24.257
15.955
20.859
17.335
33.447
22.252
17.939
40.239
17.899
12.726
19.078
25.372
30.599
33.236
18.959
18.710
22.338
19.249
9.394
4.487
23.907
42.494
30.547
17.026
11.315
13.203
6.000
21.371
38.615
14.660
17.066
23.518
32.010
18.546
29.656
28.351
16.502
10.716
34.887
38.835
34.212
18.798
10.034
19.640
23.154
10.125
28.374
22.785
33.996
10.116
7.146
18.398
23.976
14.992
22.715
16.921
1.852
20.957
19.129
35.204
35.559
30.019
8.184
23.933
15.618
26.272
17.167
24.410
22.203
13.814
19.690
32.192
15.929
12.483
15.144
6.891
16.889
17.581
17.819
19.568
18.007
9.524
23.111
19.939
24.771
13.807
26.221
12.445
21.386
14.916
28.908
25.997
21.854
9.908
13.940
12.310
25.635
10.453
25.966
23.143
20.781
27.271
25.663
18.501
4.268
18.122
21.244
23.422
23.173
18.374
15.052
16.522
12.285
30.321
26.554
17.863
12.260
35.333
17.146
20.510
31.668
16.458
13.062
22.122
16.269
18.256
40.456
10.564
14.987
9.856
19.690
13.106
37.675
7.084
1.806
9.889
21.254
23.120
20.441
20.913
13.765
15.744
26.622
3.575
18.562
25.729
7.657
26.857
19.594
29.653
6.980
10.220
16.785
23.793
16.554
20.037
31.397
12.285
27.483
21.985
35.484
6.857
19.015
25.924
22.651
25.445
19.328
16.591
18.540
18.863
15.730
23.508
15.279
14.691
11.811
20.906
17.894
19.640
19.035
21.650
27.089
10.765
19.149
18.364
11.830
13.296
9.087
25.682
35.094
7.998
12.020
27.556
31.356
14.391
32.503
8.403
21.175
19.259
10.587
15.359
28.931
16.351
17.682
24.077
15.326
8.253
20.700
11.894
31.681
32.313
1.314
27.925
23.554
14.726
26.896
13.473
16.841
1.736
8.046
12.356
7.228
35.858
13.011
9.279
1.408
12.503
15.473
9.922
11.387
32.535
25.863
8.849
39.885
28.591
29.230
23.289
17.278
29.135
22.342
12.626
12.341
14.474
30.839
14.658
9.865
20.545
9.243
15.019
20.435
19.043
33.292
17.074
12.651
17.571
19.302
12.023
11.617
11.463
13.179
12.916
24.472
11.381
13.129
42.305
13.425
12.864
15.334
27.754
10.588
1.798
10.427
16.856
13.973
32.534
42.365
30.423
24.396
49.467
55.615
35.207
21.297
22.726
28.077
19.987
25.573
16.058
14.648
19.016
13.077
22.264
22.347
35.891
20.398
7.693
8.948
27.228
28.275
26.059
40.335
11.536
28.545
18.564
13.108
6.954
20.034
14.454
31.106
20.298
20.154
10.506
8.328
32.100
10.981
9.469
13.675
21.068
25.456
14.109
13.031
12.148
12.613
14.342
19.014
25.059
24.285
10.061
17.522
22.031
7.024
15.025
21.791
16.997
15.710
12.232
10.443
15.383
10.204
21.194
26.162
20.289
20.965
37.733
16.409
12.221
13.823
5.344
26.710
16.317
27.017
16.812
24.861
10.815
7.765
19.698
11.516
29.578
23.747
9.769
12.283
22.268
19.586
26.438
22.121
8.144
18.364
13.643
19.296
18.609
9.495
10.888
12.966
9.214
7.717
5.863
15.668
15.668
14.323
20.162
35.929
22.428
34.971
6.703
13.585
19.052
17.115
19.933
10.597
24.045
21.111
14.183
17.695
30.860
12.202
11.566
13.623
7.734
9.056
18.946
30.223
11.834
30.261
40.725
21.680
10.498
1.890
6.619
7.946
16.531
12.912
12.198
21.595
24.182
18.202
28.369
26.555
8.207
15.047
16.675
29.676
17.233
9.400
18.483
12.254
22.553
23.004
6.523
10.251
7.746
1.392
17.816
13.813
16.118
20.152
32.612
10.398
20.502
9.703
6.743
17.240
31.994
11.713
28.262
12.431
21.098
11.184
30.956
12.770
25.299
15.921
28.255
12.699
28.182
29.492
17.919
32.141
6.335
12.922
9.060
18.978
14.560
14.888
6.317
20.922
10.310
14.757
11.271
19.014
13.979
27.454
27.341
9.514
12.844
12.376
21.857
13.186
15.801
20.381
15.671
10.165
19.364
8.823
28.280
14.656
26.295
15.459
22.200
17.295
11.072
9.076
22.310
11.856
3.660
25.736
15.914
23.319
24.710
24.697
11.695
31.908
46.032
17.560
26.341
23.996
31.238
24.574
20.447
12.181
17.558
16.306
12.954
18.534
18.625
35.928
5.839
16.276
12.178
21.534
11.097
13.741
21.427
16.530
8.165
15.228
38.331
14.442
25.337
36.335
8.573
23.996
8.077
13.456
14.837
28.276
18.669
19.593
13.565
5.196
19.465
9.766
28.865
15.815
39.589
30.153
23.146
18.370
13.014
21.479
12.539
11.163
6.378
32.593
7.455
15.009
23.806
27.077
15.733
6.143
15.803
22.227
23.661
20.249
16.481
18.514
23.415
5.084
10.977
13.762
8.918
20.078
17.149
15.334
19.373
5.559
32.854
33.437
18.599
15.229
29.006
21.884
19.002
6.775
11.076
30.263
17.108
21.447
16.695
15.177
15.904
12.960
32.262
8.544
19.411
28.383
8.742
13.456
24.350
15.418
7.197
37.425
13.919
17.134
30.503
15.332
16.691
21.142
22.642
16.882
7.180
14.912
17.825
27.008
24.309
13.384
18.626
17.049
7.754
29.981
10.733
9.715
6.683
26.928
15.049
22.812
12.468
11.479
24.937
12.505
9.460
7.576
27.514
42.534
6.721
18.022
11.352
8.188
16.690
14.538
15.886
18.553
27.784
16.661
12.530
42.260
19.804
26.397
6.993
12.258
17.103
20.046
29.715
28.144
20.996
10.403
21.105
14.822
26.908
12.740
20.231
17.623
15.170
25.070
30.295
10.857
7.954
20.024
12.560
34.724
12.467
32.455
8.247
20.227
12.440
55.033
31.200
20.019
8.971
58.182
9.731
12.666
15.511
24.232
10.712
18.412
7.926
13.232
12.066
12.341
13.742
11.537
11.430
24.256
11.050
39.533
17.261
49.802
15.981
6.105
21.262
22.651
25.082
11.578
38.135
12.625
17.411
29.269
20.484
7.277
9.285
12.569
13.069
15.184
21.512
21.279
13.093
8.486
22.796
28.262
25.000
22.100
22.820
15.702
13.912
12.035
30.799
6.880
19.893
20.950
15.133
21.995
6.644
12.433
25.424
5.070
39.038
25.695
8.711
13.198
16.889
4.666
19.845
10.166
19.861
12.555
19.401
12.144
22.507
11.083
14.426
5.268
1.520
18.432
32.581
17.051
12.094
9.995
10.841
16.351
26.297
3.298
30.151
24.484
9.646
11.019
7.829
9.827
15.347
24.625
17.266
12.654
23.016
37.992
21.682
12.943
35.419
7.878
12.908
28.670
11.671
41.633
39.859
10.414
14.167
10.084
12.704
11.268
9.058
10.432
21.063
10.335
11.593
8.533
7.703
5.871
11.973
12.507
5.561
16.890
20.288
7.269
16.482
18.970
7.592
12.451
8.747
20.709
22.622
15.202
9.521
18.223
10.795
33.687
21.607
21.867
14.972
27.238
16.538
4.967
22.099
5.471
33.749
10.698
8.138
18.621
13.966
29.796
23.002
10.204
14.060
17.439
12.405
17.763
15.612
11.815
28.482
18.399
14.284
16.666
26.677
20.369
26.419
11.681
13.941
19.105
11.669
23.688
18.996
14.051
40.248
23.355
11.944
16.791
7.771
25.232
35.449
5.067
27.122
39.365
38.771
22.833
17.404
10.382
5.290
17.213
20.567
34.795
15.256
11.509
16.324
17.622
13.411
38.324
9.133
14.976
32.183
13.097
9.201
12.494
27.100
29.227
27.538
41.373
15.960
19.040
25.625
17.667
13.045
19.146
10.127
18.531
8.628
9.852
17.295
9.684
21.560
36.529
39.562
5.407
8.933
10.631
14.084
14.839
19.107
16.000
5.705
30.003
26.500
18.624
17.395
17.104
19.100
10.528
9.026
21.948
16.638
7.320
26.956
18.811
8.060
19.249
1.877
19.277
26.263
28.176
7.144
10.847
39.181
20.792
45.099
16.636
15.437
22.820
24.066
19.314
10.340
11.908
13.465
30.281
19.677
6.056
19.424
17.465
26.969
8.899
32.104
27.755
20.681
21.185
8.027
9.970
10.390
19.777
7.748
14.486
10.740
20.147
13.118
24.602
29.983
24.597
23.897
33.155
26.293
7.748
13.654
17.084
31.363
19.101
19.962
11.103
4.802
8.552
10.790
17.964
30.902
8.094
16.383
15.794
19.480
36.559
14.086
14.682
10.836
24.247
20.251
16.879
20.998
7.375
20.531
15.385
14.859
10.301
26.703
16.345
12.750
12.069
11.296
23.162
28.100
33.638
21.601
43.576
19.257
12.265
27.274
11.414
26.309
12.469
26.063
9.117
1.545
11.703
7.360
1.607
20.210
13.579
23.615
13.887
15.341
9.242
13.966
7.664
13.211
15.339
10.443
19.647
19.041
19.147
13.675
30.445
15.369
20.514
36.157
16.466
21.275
29.752
19.228
18.521
20.309
14.694
21.890
4.454
32.938
8.952
29.303
17.252
16.164
11.588
12.597
10.734
10.953
24.661
13.393
13.735
17.872
13.008
8.562
12.581
16.572
18.729
31.026
32.754
6.941
18.411
14.080
20.805
15.345
35.005
15.625
10.441
8.904
5.975
10.460
6.719
16.974
14.699
14.237
15.059
30.996
6.352
19.686
10.267
23.907
5.343
18.985
18.690
29.103
12.722
23.127
30.641
9.061
8.541
8.656
21.091
14.494
11.330
17.585
20.300
12.899
37.798
26.417
15.888
14.110
29.811
6.468
25.130
1.455
24.999
27.311
31.179
40.905
8.559
15.621
26.344
22.174
21.328
48.769
27.767
18.875
24.795
21.243
25.108
13.903
10.659
35.330
9.874
16.075
25.425
12.479
16.060
26.624
20.168
16.156
32.625
12.779
24.373
15.935
20.259
15.043
35.547
22.058
11.468
14.549
29.360
41.354
31.117
20.708
23.695
25.560
7.566
28.975
1.331
20.721
16.627
26.481
16.442
7.056
10.581
11.404
14.887
27.474
19.874
16.610
18.026
19.003
12.196
14.525
12.054
6.649
22.593
35.116
26.287
25.686
15.665
17.423
21.864
29.324
14.912
16.903
36.618
27.494
27.140
27.807
30.895
25.959
22.414
11.938
17.730
11.896
20.468
22.798
25.428
18.853
7.667
23.812
32.339
21.102
14.450
25.460
18.324
7.633
19.453
14.265
12.252
27.372
17.849
23.579
18.001
15.044
19.667
25.584
16.241
23.216
22.660
18.174
24.470
11.471
36.805
18.468
6.670
11.380
14.169
9.704
1.904
36.606
22.014
9.545
9.199
13.720
14.290
11.999
6.510
29.388
35.056
11.094
17.466
7.467
54.636
13.789
21.125
21.519
12.522
9.609
24.297
8.763
30.254
41.499
24.332
8.996
25.124
14.750
23.139
16.946
20.717
14.629
9.773
21.998
25.742
25.462
20.678
17.313
4.016
16.575
14.898
5.070
15.048
13.159
6.179
15.348
23.912
26.395
14.293
35.501
30.598
34.605
37.696
27.244
20.842
21.197
25.385
21.537
17.432
13.428
3.934
7.478
27.042
19.731
18.190
27.597
11.567
20.655
11.710
15.363
12.061
25.073
9.177
13.564
10.910
9.198
16.669
20.813
13.018
9.893
20.324
33.238
19.962
23.577
21.744
26.885
27.209
21.999
22.568
15.291
25.068
13.088
37.471
20.679
14.919
23.580
11.013
14.044
15.837
3.707
12.366
21.256
12.924
13.194
15.795
25.598
16.485
17.611
10.004
24.506
41.479
8.429
11.804
15.123
26.663
19.630
4.671
9.432
11.646
10.290
30.415
24.625
15.933
14.004
5.539
33.117
30.925
22.767
4.734
11.234
12.334
33.207
25.810
46.759
42.564
29.484
26.702
11.115
16.778
8.986
11.119
11.004
12.670
3.692
12.342
30.680
14.690
35.453
4.153
24.425
17.954
12.619
16.503
19.592
23.892
12.336
12.771
33.169
12.591
13.601
21.936
16.080
21.448
20.591
13.878
12.616
18.850
23.475
27.588
26.135
32.737
24.750
10.648
21.460
20.766
20.936
12.716
9.623
20.267
9.843
29.837
19.575
25.489
8.116
27.891
7.424
11.968
17.240
10.150
23.399
25.865
32.460
22.669
10.824
35.663
25.163
15.903
27.139
12.693
9.010
30.409
6.356
13.613
9.020
15.102
17.313
40.631
27.930
13.082
34.400
13.876
23.321
24.313
17.815
14.350
21.913
21.145
14.864
20.192
9.769
7.645
23.868
9.837
8.698
19.903
16.816
10.500
11.347
13.676
13.777
19.124
38.985
22.087
15.093
14.902
13.753
20.636
7.972
13.982
18.573
20.278
28.500
19.259
11.870
32.118
32.676
11.997
10.464
15.814
6.235
23.309
21.158
14.412
9.940
17.667
23.086
13.129
15.291
11.006
13.268
14.065
14.010
5.900
18.583
31.462
33.811
21.416
21.114
8.996
19.318
28.797
5.760
21.835
17.294
16.158
23.398
35.360
22.438
18.681
15.566
17.075
18.010
14.449
6.938
14.306
23.791
13.398
13.537
55.461
21.718
35.739
22.050
13.562
23.535
7.345
26.365
35.095
26.270
25.958
27.968
34.223
31.230
14.672
4.996
15.475
15.787
37.429
10.298
6.460
19.837
21.475
22.781
15.576
10.153
7.122
24.455
18.495
15.983
15.543
14.517
22.656
14.596
9.255
38.126
6.360
1.327
13.451
21.754
11.775
27.476
7.445
22.288
7.204
22.960
16.838
19.743
10.541
27.412
4.440
17.014
12.055
8.127
19.671
70.658
10.717
33.906
24.688
24.509
14.232
26.835
20.059
7.203
36.652
23.522
18.802
12.366
29.033
21.813
13.907
18.981
15.443
10.769
14.774
13.364
11.526
12.627
17.112
9.028
16.992
35.382
9.833
22.216
14.545
17.123
33.992
6.552
21.413
8.598
16.897
35.503
6.921
16.087
12.883
17.938
14.179
10.225
19.535
18.727
27.296
17.820
14.233
12.773
18.396
14.933
17.684
14.889
31.826
24.207
26.888
22.645
10.771
16.630
26.622
33.281
23.187
22.461
14.138
16.561
19.842
18.088
6.966
32.300
17.400
5.931
18.218
28.557
7.122
12.357
17.100
20.757
11.146
17.456
28.553
7.804
20.258
10.442
13.901
19.098
16.551
15.058
16.659
14.967
19.545
19.088
6.974
31.878
39.414
19.398
10.643
22.648
11.989
9.096
38.122
9.679
7.586
19.696
10.027
6.348
19.228
31.013
21.698
10.584
21.368
10.007
18.099
16.086
26.115
17.136
19.472
22.058
20.447
17.622
13.484
10.843
30.627
27.890
30.990
34.816
16.737
14.657
19.856
10.165
8.693
21.771
35.860
18.775
14.849
11.296
10.741
8.862
12.639
6.443
23.404
10.920
7.364
21.524
31.417
16.702
17.213
9.749
19.788
21.930
31.612
21.214
14.459
6.437
44.072
20.130
21.301
19.149
34.483
24.041
9.170
55.895
16.534
24.971
21.745
13.382
29.930
12.523
9.840
33.722
45.278
39.800
34.866
23.912
28.900
10.401
14.109
36.801
22.464
12.763
13.944
12.707
16.933
8.420
21.784
25.938
9.862
28.966
37.217
26.849
13.965
10.433
15.371
11.484
12.286
20.697
5.153
14.604
18.065
15.781
6.126
17.602
11.069
25.062
34.944
8.058
25.874
17.293
14.444
4.794
13.015
9.647
15.297
9.226
9.734
7.892
23.742
44.678
22.138
28.945
41.387
22.813
17.156
16.848
24.290
13.881
10.213
14.210
19.821
26.088
15.786
19.171
9.391
8.832
19.521
9.667
14.905
20.678
14.978
1.455
13.547
15.082
18.696
6.754
8.086
20.782
32.032
20.035
13.474
15.892
40.116
25.436
37.821
17.682
15.729
16.226
23.730
36.012
21.336
16.181
35.751
20.520
21.346
16.515
29.857
15.981
13.713
19.103
7.116
30.406
34.852
12.900
1.654
10.794
20.902
15.086
11.252
12.879
11.488
12.298
27.234
11.787
11.559
24.578
18.878
19.389
11.264
11.305
29.260
7.203
18.754
14.604
20.427
18.180
17.976
32.371
20.449
18.897
16.495
29.320
30.152
26.573
19.960
9.260
21.297
5.726
41.714
11.189
34.680
27.979
14.008
21.623
36.322
9.693
19.263
13.057
14.163
39.563
20.329
10.457
12.222
10.730
5.517
18.965
45.194
16.283
9.619
15.893
32.218
16.285
8.482
14.181
39.020
31.127
9.396
14.752
26.240
26.218
37.264
4.125
11.237
20.607
16.128
20.812
16.087
8.385
16.148
30.865
18.185
15.433
10.708
21.187
12.751
19.892
14.232
1.397
24.117
36.071
43.324
14.095
21.907
28.805
27.926
9.016
12.522
33.382
17.959
27.978
13.463
24.716
19.005
29.678
27.458
24.233
6.739
19.337
22.232
25.526
21.150
11.258
8.129
18.744
5.886
9.153
29.620
12.695
10.949
26.289
8.414
32.370
26.796
14.996
8.434
16.913
19.762
7.773
32.686
17.003
10.482
17.959
5.382
10.169
29.762
22.007
11.150
25.488
21.814
29.233
8.737
15.703
17.907
18.047
10.649
19.224
22.840
13.944
25.119
9.237
7.067
9.325
15.727
20.768
12.691
14.798
8.034
15.859
7.855
12.059
12.444
5.731
20.110
26.740
8.918
15.859
17.655
6.847
12.221
6.403
7.166
17.701
55.984
20.199
14.002
24.048
14.041
12.799
8.145
23.816
20.030
13.498
6.811
13.917
18.722
26.632
13.421
14.462
31.803
23.924
5.538
9.731
9.906
37.169
14.008
23.684
24.167
8.283
26.421
7.925
10.628
17.222
16.867
24.948
15.689
8.126
17.767
18.195
17.451
9.887
17.882
11.603
19.804
18.523
14.338
14.032
8.953
15.516
5.633
8.835
11.738
14.568
26.100
9.616
26.794
11.987
11.534
11.923
23.746
27.913
8.314
35.124
16.991
10.311
12.226
15.518
21.482
15.707
15.210
19.279
49.532
53.367
29.344
46.353
12.193
22.763
7.891
5.331
11.182
10.595
21.001
9.708
10.716
18.043
13.195
15.829
21.196
30.521
9.621
34.695
21.438
13.815
12.851
16.626
27.178
9.156
16.513
21.308
10.424
27.299
18.160
28.302
8.259
17.168
15.330
17.656
19.861
16.187
41.678
17.301
16.863
13.286
18.508
15.059
25.629
27.301
16.252
8.253
13.478
23.934
16.565
17.416
19.803
9.110
11.753
22.099
15.389
24.189
9.938
18.551
9.596
17.722
12.114
18.189
9.083
17.706
16.908
13.721
11.719
9.720
9.455
15.255
15.914
9.869
16.742
11.262
31.610
24.540
14.783
13.925
53.032
22.927
21.515
29.437
14.344
10.967
14.463
9.183
22.365
12.866
11.000
9.996
17.082
17.577
29.661
21.294
26.179
12.527
13.618
11.775
26.484
7.802
4.881
22.207
29.155
33.451
15.283
7.673
15.337
6.873
29.815
7.211
13.066
22.112
14.858
19.861
23.258
33.805
22.338
7.829
10.733
9.379
28.661
7.582
41.009
26.288
44.683
18.184
19.854
17.769
18.985
25.359
18.037
10.049
21.682
12.685
8.157
9.336
22.658
33.555
17.296
14.550
13.480
25.703
26.564
9.209
26.514
38.171
8.894
11.106
19.241
4.343
13.935
30.546
27.912
35.906
21.343
4.714
9.457
6.821
32.299
33.335
4.966
14.574
15.502
24.852
10.044
28.392
9.431
22.843
11.664
34.476
11.376
18.464
26.742
14.524
14.185
4.981
10.989
29.165
29.478
10.531
23.804
10.874
14.713
6.132
18.520
20.887
20.976
8.402
33.943
31.898
11.847
9.195
17.889
21.957
24.686
4.182
14.090
23.188
21.658
8.509
11.403
17.524
14.729
14.003
24.504
22.099
19.883
16.646
5.003
13.220
14.240
16.212
8.030
13.345
6.401
10.732
13.688
14.850
9.232
16.357
10.994
49.336
20.818
28.990
18.311
5.508
19.041
10.103
15.339
33.622
31.197
11.835
9.740
9.235
16.288
11.838
15.913
30.826
5.765
16.003
22.375
33.515
16.362
8.794
38.072
10.427
19.808
3.381
13.123
11.757
8.185
17.241
20.997
9.105
25.864
16.293
29.478
31.689
9.733
11.544
14.932
12.854
18.371
18.001
1.733
22.121
24.011
14.614
16.679
8.788
14.488
20.191
8.197
28.340
9.637
16.706
12.114
6.411
11.642
17.073
15.717
12.986
12.465
4.579
12.900
6.604
19.732
12.596
9.874
18.230
10.884
14.471
22.210
18.545
11.824
5.035
19.699
10.727
47.569
27.183
24.930
30.651
19.427
27.829
10.187
13.684
13.227
13.877
14.033
15.874
27.120
12.368
26.165
9.302
22.090
16.055
5.953
14.920
9.427
28.896
10.971
16.046
8.156
26.626
37.589
33.670
7.611
11.703
13.890
9.569
23.926
16.244
27.857
21.663
19.650
9.992
15.185
13.138
19.939
10.229
4.443
15.220
19.718
18.353
9.051
15.493
31.050
12.329
12.251
25.096
8.932
15.453
19.948
11.484
18.534
31.433
31.591
6.244
11.202
18.703
13.101
10.538
10.587
10.288
5.690
35.571
29.378
19.906
21.740
40.133
21.292
22.851
14.902
8.869
9.292
25.766
17.845
19.385
18.428
24.768
9.876
7.441
23.618
21.632
14.998
35.411
15.818
20.031
11.017
1.465
14.926
13.454
19.588
24.506
17.344
25.067
12.445
14.450
11.222
23.517
66.601
30.485
39.099
49.340
25.919
15.159
14.587
17.732
19.515
26.231
20.577
16.833
15.679
10.213
14.231
22.382
34.631
29.372
24.630
8.977
1.636
38.433
12.022
5.302
26.816
31.497
28.368
27.686
13.095
26.658
23.317
7.990
9.485
25.087
36.905
8.957
11.772
14.965
11.911
11.814
16.883
40.130
42.988
38.997
10.972
9.498
27.767
7.426
9.719
11.949
14.934
21.411
8.100
18.811
23.616
9.034
7.231
16.230
16.695
37.422
11.692
9.845
20.139
17.239
7.965
11.822
18.300
15.881
17.865
15.555
16.066
34.515
16.638
28.319
27.282
7.442
26.098
35.305
32.735
19.931
18.419
11.749
9.858
11.352
31.281
26.263
41.734
7.751
25.717
11.565
6.952
11.958
8.125
15.631
35.477
6.859
10.130
33.108
24.300
31.658
5.716
32.804
19.447
19.065
30.154
12.872
35.052
11.509
14.825
11.886
17.422
14.599
8.935
16.588
10.943
12.809
5.562
20.390
49.515
15.327
18.144
18.080
11.369
2.816
28.229
22.966
18.012
4.777
1.820
21.455
27.135
6.101
25.885
29.414
15.998
20.342
11.789
10.199
15.324
9.742
20.897
26.987
15.320
13.491
9.940
17.666
16.950
15.328
10.824
6.848
13.375
10.197
17.798
4.832
24.995
33.991
15.641
43.616
10.378
18.525
32.547
28.142
14.251
15.240
16.389
11.378
17.901
7.916
9.591
47.539
24.979
11.676
21.377
17.542
23.339
8.228
24.741
8.709
26.522
19.498
8.479
9.555
14.033
33.657
31.326
29.096
10.575
15.322
6.983
16.198
11.225
19.484
17.588
13.627
13.646
10.598
15.773
25.299
24.316
23.964
12.885
7.664
8.349
10.316
20.422
27.430
22.621
9.890
17.435
6.060
19.712
11.789
14.902
27.251
20.964
10.901
17.548
32.959
23.648
4.829
16.784
10.312
10.471
15.200
6.585
8.484
15.274
7.434
9.202
24.875
14.980
30.954
22.836
28.529
16.857
16.240
10.005
5.609
22.417
10.396
8.236
14.162
14.637
14.089
19.765
20.588
22.160
19.684
22.274
8.887
12.193
18.253
28.349
17.875
13.970
19.521
13.575
22.136
14.776
13.525
27.494
8.082
6.475
8.250
10.719
42.458
27.685
9.138
13.231
14.237
16.408
14.118
15.349
19.975
15.846
10.362
16.351
10.915
19.188
17.241
6.367
7.822
20.391
21.442
32.633
17.557
23.540
10.909
25.323
12.782
15.827
24.501
3.948
13.731
29.801
16.299
28.836
7.946
23.038
12.055
18.720
15.916
11.993
17.395
14.377
20.808
5.714
7.305
11.066
23.575
18.056
8.164
13.887
9.454
13.661
12.655
1.935
12.325
15.690
13.465
10.047
13.965
26.946
4.374
25.411
10.697
14.417
12.339
7.950
13.255
6.260
12.220
8.636
10.926
17.392
6.658
6.479
18.242
11.505
16.264
10.472
10.607
22.458
29.846
20.968
12.170
5.454
13.546
12.388
14.934
17.927
21.711
22.675
8.634
7.077
11.092
17.338
31.945
15.491
8.267
20.131
8.586
29.064
16.901
12.181
10.973
21.773
15.873
20.940
28.567
6.542
11.256
9.234
9.327
11.973
12.818
6.678
13.613
9.680
17.834
25.026
3.404
16.196
24.253
9.806
25.530
9.980
40.007
25.330
12.254
15.663
16.136
11.692
12.962
14.141
23.383
11.085
18.577
53.258
11.105
11.646
5.224
7.655
7.870
21.135
4.783
6.210
56.222
17.403
35.079
10.231
20.735
22.504
8.115
7.653
6.129
8.957
6.731
33.625
25.381
19.701
7.354
9.416
15.275
9.929
27.715
10.577
10.460
11.283
19.879
24.763
4.013
1.379
13.733
8.147
6.325
28.554
22.608
10.027
15.483
22.577
5.601
19.582
13.647
35.572
24.190
14.004
9.307
12.754
22.954
18.246
37.285
20.630
15.144
25.650
33.619
12.375
7.587
11.855
28.576
6.802
7.177
16.806
22.315
19.775
21.973
14.759
43.552
21.418
15.172
15.809
9.355
24.943
26.003
27.051
8.904
9.607
24.130
8.361
14.913
22.258
14.023
8.856
21.203
12.457
22.024
28.634
12.776
16.677
19.180
9.754
18.267
16.536
17.671
15.132
12.797
21.951
11.503
21.609
9.748
25.386
39.876
13.051
23.505
18.512
14.845
10.178
11.789
15.393
9.649
19.137
16.006
7.885
8.604
21.497
12.795
26.699
7.989
22.207
10.991
17.042
12.580
11.048
19.686
15.039
5.625
21.496
11.200
13.256
10.709
27.179
10.988
5.587
13.807
11.743
15.164
15.789
26.074
8.342
12.082
6.896
19.949
16.337
45.008
24.938
19.614
22.635
7.159
14.775
28.081
9.956
6.723
36.910
9.681
30.893
1.897
19.900
14.123
24.909
6.526
21.735
12.011
20.098
15.626
17.357
7.369
17.574
19.191
12.742
7.029
9.297
12.616
24.476
17.042
6.133
7.433
9.083
12.145
19.379
7.506
12.062
18.778
17.963
11.252
19.278
8.462
25.723
14.925
12.029
26.500
13.875
10.113
18.247
17.849
14.601
9.664
15.634
28.232
9.511
12.112
9.479
4.647
11.170
9.625
5.902
12.112
17.405
11.414
18.078
6.694
17.544
7.999
17.111
13.960
13.571
8.524
10.301
14.327
11.126
5.665
13.699
15.093
31.978
30.463
21.122
9.545
6.701
6.161
12.934
7.169
7.020
8.716
18.695
5.899
24.389
13.886
14.244
14.851
21.653
17.997
8.136
17.962
15.420
26.847
12.783
18.913
16.574
24.589
12.896
13.042
11.288
23.434
17.556
26.960
16.974
31.132
10.683
5.419
13.787
52.359
15.277
28.188
33.428
14.769
10.303
7.977
14.654
13.371
30.960
11.980
25.697
28.548
10.067
15.323
19.924
7.760
24.406
5.603
31.326
22.472
8.698
19.565
14.590
17.403
31.291
11.569
26.044
4.629
9.693
7.482
16.328
8.749
26.938
17.116
35.735
27.326
16.293
8.846
49.747
13.162
23.802
14.112
24.798
13.085
10.568
6.564
7.791
16.619
15.607
14.634
25.536
7.005
14.376
7.868
16.252
22.545
7.282
17.982
13.163
9.621
16.529
12.730
9.547
47.491
15.343
1.949
13.482
24.732
11.750
11.670
15.115
10.484
8.974
27.219
33.764
16.829
15.560
22.348
13.509
31.260
18.242
34.289
9.198
29.758
21.508
9.010
24.653
17.912
19.210
9.301
7.033
5.953
26.422
3.948
8.972
11.458
7.365
25.002
15.395
22.920
11.868
40.544
34.918
21.493
8.059
16.240
18.749
7.663
17.669
24.811
7.013
7.260
9.457
19.031
15.019
6.001
9.944
21.210
19.038
23.644
15.599
24.072
17.148
13.928
6.805
14.353
10.480
1.729
6.471
8.303
8.388
25.347
7.181
11.867
14.764
31.470
18.954
34.974
19.775
8.057
29.463
18.230
15.127
7.455
11.034
10.563
5.905
25.889
27.656
18.622
17.993
12.174
16.263
17.943
14.971
12.993
11.527
16.226
9.553
10.119
13.415
15.411
17.825
14.777
24.603
27.459
9.438
6.819
8.291
18.143
7.907
5.266
11.930
5.616
11.185
8.075
10.999
14.879
21.620
29.407
11.467
20.617
15.851
19.753
8.052
9.991
10.139
8.168
1.513
20.062
24.965
15.630
13.286
31.090
11.452
7.296
19.891
7.603
12.501
25.814
13.065
2.681
10.791
10.059
17.137
29.120
6.104
11.039
15.420
10.041
4.734
10.743
16.899
15.539
12.826
15.893
27.443
16.979
10.009
9.624
14.522
17.417
11.987
18.447
5.564
10.822
7.492
32.193
21.803
24.405
16.754
8.976
24.020
17.445
5.011
14.403
13.218
7.363
11.083
11.295
26.593
27.738
25.704
12.812
8.000
24.025
19.379
13.886
1.760
7.634
7.574
12.888
12.733
26.273
10.729
7.509
1.229
7.591
17.083
6.409
9.766
17.110
17.498
10.550
26.836
17.860
1.662
17.365
7.041
24.677
22.064
11.881
5.240
9.711
15.781
8.559
7.043
13.246
20.071
9.615
10.767
18.579
6.360
20.580
19.742
12.738
17.932
16.924
13.962
26.090
6.279
13.965
13.705
12.430
11.518
16.110
31.650
4.290
9.096
8.743
20.340
15.790
5.075
13.882
11.306
8.570
12.703
7.166
13.751
15.373
7.861
17.855
23.680
12.403
14.181
12.540
10.358
1.361
17.832
18.020
12.732
11.043
31.088
19.817
23.115
7.693
15.343
17.918
10.087
6.231
34.118
11.397
5.056
11.865
20.792
18.931
8.815
7.716
10.947
15.965
4.361
1.876
10.058
9.045
5.449
19.328
44.296
14.757
6.414
13.722
12.789
16.353
19.775
8.909
4.912
15.293
6.403
17.571
18.594
6.585
15.464
13.421
15.103
3.305
26.737
9.193
15.106
27.077
22.193
17.102
13.455
4.949
10.325
15.345
5.932
14.610
13.230
11.430
9.224
11.039
11.897
22.516
31.151
10.475
4.846
13.520
17.279
7.135
23.686
7.078
7.252
13.973
5.743
14.430
23.810
29.349
21.744
11.979
28.086
9.586
5.202
11.879
11.285
19.854
16.039
15.561
10.618
13.367
8.040
5.926
12.000
17.030
11.418
23.475
7.774
16.649
10.362
8.711
12.714
5.558
31.396
15.996
30.105
18.935
15.305
8.095
7.497
25.727
24.627
13.224
9.206
10.401
30.849
10.441
10.687
6.419
14.268
21.638
11.712
10.199
12.495
10.722
12.406
7.093
12.889
9.500
7.978
12.982
10.214
16.715
17.685
7.852
15.124
17.447
7.663
17.408
11.439
17.092
11.509
7.417
14.733
8.472
11.694
11.964
15.941
17.700
32.213
13.839
26.983
20.213
14.829
13.497
7.924
12.725
6.869
13.041
23.779
4.410
17.403
15.759
4.751
10.407
8.817
10.976
12.872
8.850
8.180
3.008
11.174
18.551
6.185
41.363
11.610
10.961
12.343
7.322
12.579
15.991
9.746
9.032
15.366
7.555
9.729
6.925
18.123
6.156
6.098
18.775
14.344
8.700
21.696
9.491
19.948
12.531
6.400
10.998
12.960
23.673
9.381
5.900
20.168
7.390
17.935
10.531
13.400
7.099
26.500
17.811
14.682
12.196
26.401
7.715
1.586
17.345
20.123
23.857
6.565
5.790
8.301
16.304
11.368
11.462
7.395
8.105
9.027
14.255
7.539
6.611
4.475
18.558
19.211
10.915
5.432
9.712
16.202
18.580
21.185
13.575
29.488
16.759
15.960
11.749
1.839
9.534
16.316
12.015
5.537
18.836
19.609
6.232
17.981
8.957
12.373
26.026
10.126
12.610
5.648
9.309
11.675
7.501
9.920
1.672
25.299
11.315
13.060
15.533
16.477
13.025
21.696
16.325
13.020
14.007
9.863
9.199
10.147
13.041
7.431
14.402
10.975
17.685
14.180
10.533
11.691
29.348
7.991
14.144
6.452
14.592
13.627
16.042
7.611
10.839
6.706
2.046
8.914
10.372
24.579
28.761
9.797
20.834
7.422
10.936
18.971
12.255
14.126
31.320
18.266
8.566
10.315
9.411
17.033
11.907
1.840
27.728
11.735
11.010
15.621
9.453
12.803
15.358
9.218
5.862
13.038
15.790
12.708
11.649
14.018
14.682
10.925
12.446
8.201
12.590
15.367
14.748
17.359
13.439
11.252
18.525
12.561
10.103
4.798
1.730
10.064
13.977
9.218
20.046
6.221
7.796
8.974
20.994
13.936
16.984
8.045
4.033
7.965
25.790
35.851
22.875
8.309
9.563
7.095
12.979
16.206
15.168
14.277
12.580
11.039
12.630
13.641
15.919
12.052
7.612
7.848
7.557
24.453
18.444
11.794
11.510
28.740
16.365
12.241
5.729
14.214
16.720
4.853
7.936
6.473
1.940
7.662
7.754
10.063
1.825
1.722
11.828
9.128
11.856
25.226
17.337
37.843
19.885
29.551
10.423
9.244
9.597
14.578
19.965
31.012
12.910
10.227
22.700
18.850
18.010
7.295
7.649
8.895
8.256
12.699
18.870
11.605
20.101
11.234
7.931
8.698
13.414
8.146
7.673
12.194
19.893
14.842
10.965
11.275
6.108
16.861
14.973
11.545
15.674
10.503
11.771
9.260
22.187
9.757
10.519
15.859
7.331
7.288
8.852
13.755
12.134
9.018
6.445
4.176
10.731
9.724
12.398
13.465
16.309
16.698
9.091
9.954
14.784
10.909
11.977
8.386
12.346
14.918
21.629
12.576
6.776
26.034
9.282
9.041
17.126
21.537
12.575
10.269
24.981
14.525
9.011
18.238
13.180
11.614
19.696
17.311
23.163
22.890
25.281
9.659
3.950
13.507
28.581
17.160
14.965
9.054
14.381
27.950
20.764
6.879
21.657
20.098
14.577
34.272
16.615
21.399
6.590
11.151
13.374
12.368
12.119
11.739
6.024
1.915
14.478
7.568
8.904
8.261
17.184
28.824
9.752
16.193
7.378
17.749
16.260
9.493
22.650
9.574
8.890
8.074
12.610
7.099
8.734
18.499
14.713
13.751
9.043
11.601
23.010
9.170
15.875
9.224
12.636
7.217
5.409
13.115
8.977
12.453
19.491
7.833
21.870
1.644
11.633
12.047
23.501
8.119
13.403
16.647
23.623
13.354
27.605
10.362
9.907
13.572
8.887
7.939
19.172
1.820
8.103
6.331
11.681
3.487
11.384
11.010
11.055
20.257
13.747
8.687
10.686
8.762
11.176
8.335
11.124
11.832
10.995
20.965
16.369
7.483
19.061
10.221
10.538
13.104
25.007
13.558
10.793
1.964
4.784
10.962
15.672
13.850
16.606
17.327
5.521
24.624
10.153
20.011
10.103
8.505
5.923
6.780
10.304
7.074
13.135
4.195
16.623
6.030
20.469
7.909
13.082
4.053
13.329
9.864
9.151
26.098
9.743
15.607
25.113
19.183
21.756
16.833
29.202
17.496
1.723
24.484
6.793
25.149
12.737
13.359
11.947
12.537
10.568
5.712
11.358
20.679
13.891
9.768
10.716
11.036
11.086
13.869
10.995
11.118
9.904
6.109
7.134
4.976
6.990
11.755
15.022
16.488
9.431
22.410
1.828
14.984
12.025
4.697
18.686
13.776
9.553
17.648
10.973
11.047
6.641
13.018
5.482
7.734
15.458
20.094
5.845
20.011
10.425
29.339
8.595
10.114
8.593
8.823
20.998
15.155
9.755
8.616
6.012
8.849
14.809
7.316
1.365
8.452
11.696
9.160
5.464
15.076
11.495
6.669
15.862
7.451
10.324
13.495
7.914
24.093
25.728
22.407
12.386
15.718
14.700
27.045
15.998
7.537
13.605
15.936
9.869
16.897
11.212
14.231
15.312
12.714
18.348
13.878
5.921
13.556
17.881
12.302
18.407
10.973
9.288
19.689
11.150
14.069
10.681
10.464
8.453
15.332
4.401
14.848
9.580
6.015
8.477
9.088
7.932
21.787
10.919
19.243
9.201
23.180
17.783
9.397
8.991
8.698
17.966
12.713
6.990
20.025
18.000
15.632
12.173
12.717
1.181
9.639
6.610
20.490
8.149
10.958
7.541
33.043
16.438
13.547
14.517
16.183
1.393
16.549
1.589
12.537
6.375
11.785
7.534
7.686
13.609
7.645
16.216
1.651
8.409
20.453
13.005
11.326
10.491
8.002
11.563
9.789
15.806
28.970
15.950
1.776
9.385
1.358
12.256
12.047
9.926
7.741
6.654
10.389
14.644
19.133
8.350
5.589
13.589
8.739
7.104
12.434
9.140
7.949
15.137
1.407
9.059
7.494
10.917
11.590
23.112
20.189
19.079
3.056
10.769
18.731
11.685
12.842
4.989
19.435
9.343
8.790
10.596
5.622
9.258
19.117
15.033
9.795
15.254
14.528
10.607
12.597
14.194
15.332
27.174
16.357
7.519
30.599
10.322
9.130
31.779
16.038
1.536
7.591
12.466
23.357
12.625
11.716
8.923
8.920
15.874
13.487
9.366
20.314
18.226
19.827
5.358
15.352
17.350
8.107
21.563
16.852
11.556
10.522
9.579
22.163
21.097
23.693
5.705
8.974
9.300
10.985
14.182
8.106
6.103
5.974
10.902
8.978
11.948
14.868
11.407
1.528
23.442
6.822
5.616
7.007
12.813
11.465
12.439
10.817
14.498
1.818
10.595
5.228
9.280
7.951
14.065
6.278
12.706
7.276
12.587
14.325
1.735
6.759
14.190
8.890
7.786
17.981
11.277
7.406
14.985
6.284
7.687
5.700
5.056
15.667
10.548
6.871
4.285
11.132
10.182
11.670
6.548
12.438
20.200
8.387
10.319
11.666
7.607
21.091
15.642
7.060
16.070
5.702
5.251
8.877
5.935
20.653
8.214
8.191
9.673
6.690
15.226
21.426
12.033
9.990
1.885
30.284
9.022
13.174
13.399
26.487
19.489
8.706
13.344
6.658
1.512
11.599
12.509
8.106
8.998
11.717
18.992
5.244
14.964
11.999
14.279
8.110
5.346
16.832
10.183
3.993
15.939
14.033
18.551
5.179
17.776
13.277
7.979
14.785
14.532
12.161
5.635
8.467
18.862
14.166
9.325
14.938
15.046
14.137
16.962
18.888
18.505
12.875
14.771
11.159
11.811
8.191
11.487
12.554
7.274
9.313
12.606
7.101
8.315
14.635
13.200
7.048
8.488
15.259
1.869
5.674
12.846
9.042
11.286
16.610
8.280
16.724
7.492
18.938
11.937
6.895
13.832
31.742
16.801
18.007
13.895
10.655
10.631
5.227
11.726
15.412
24.875
14.354
11.641
9.873
1.728
10.323
10.580
17.447
21.651
6.951
9.143
8.294
1.967
9.080
5.151
11.142
16.856
21.718
28.572
8.644
21.200
16.714
20.975
5.903
5.170
22.781
9.075
7.220
20.717
15.105
7.574
12.464
9.697
6.582
22.223
4.846
3.871
8.418
1.622
5.864
7.754
18.066
11.854
19.205
7.812
10.785
16.554
10.256
10.271
9.443
7.092
4.454
11.323
7.443
5.102
21.959
12.596
13.965
7.379
18.949
10.399
14.225
13.173
6.576
14.421
23.770
14.173
17.839
8.639
10.017
2.064
12.092
8.062
5.318
9.552
10.584
9.015
4.772
8.072
21.458
10.478
17.796
11.261
22.888
21.744
7.196
8.410
5.952
5.728
17.395
21.887
29.121
7.053
7.577
16.222
9.185
7.166
14.055
6.498
4.918
7.115
9.662
5.519
12.487
8.036
5.930
10.149
10.235
8.931
1.135
4.353
5.346
7.199
12.345
11.825
11.417
20.168
5.385
11.770
24.577
6.543
6.388
7.315
10.398
9.094
7.304
12.717
16.055
5.046
12.260
6.076
9.597
27.173
3.337
6.428
11.094
13.971
12.752
15.431
4.544
9.326
8.286
9.932
7.749
5.703
4.753
6.684
14.278
12.790
13.230
12.895
12.180
14.271
3.056
9.627
6.318
10.920
17.499
7.566
10.965
11.510
8.006
10.092
14.155
11.857
1.737
1.659
9.840
8.549
17.293
9.123
12.614
9.993
9.790
11.237
9.795
19.998
16.853
17.308
22.941
11.467
22.086
6.974
8.265
9.062
9.667
10.647
12.552
25.811
12.366
8.588
6.280
6.592
14.567
17.699
6.261
10.406
12.015
12.452
5.256
4.973
13.084
5.358
5.153
4.361
5.950
10.136
10.270
13.708
9.895
6.276
10.850
13.466
9.958
10.291
10.591
9.174
12.211
11.494
6.163
9.682
20.946
10.105
17.354
23.197
9.330
4.165
8.421
7.901
11.592
6.182
6.183
6.802
7.348
13.127
4.464
6.365
10.544
6.135
10.944
8.488
10.048
10.359
19.642
1.737
21.550
14.120
12.187
1.181
7.192
8.088
22.076
14.815
13.695
12.105
11.027
8.482
5.874
19.200
12.322
10.591
4.603
7.251
12.328
14.664
19.415
6.772
13.616
10.240
1.224
8.639
8.294
11.188
7.630
10.355
16.894
1.947
14.381
6.783
7.960
2.966
15.008
11.729
19.546
1.723
17.802
7.960
5.087
13.296
7.949
9.194
5.693
15.898
9.807
7.927
12.561
21.510
9.145
17.699
20.438
10.720
7.462
18.002
16.386
5.634
7.707
14.072
10.602
14.239
16.101
13.280
27.792
9.969
19.015
6.519
7.915
9.523
9.275
5.150
11.196
6.502
15.604
57.967
14.897
22.005
19.325
17.287
17.089
12.679
14.610
7.487
3.714
10.017
6.686
13.355
9.100
6.990
21.772
7.078
4.321
13.196
14.783
10.264
6.555
1.506
20.288
3.833
9.184
13.651
19.735
27.947
6.267
9.940
12.983
10.991
6.741
13.290
20.625
13.987
11.438
6.134
6.415
4.077
10.268
10.682
8.140
4.974
7.055
11.639
6.135
10.312
10.878
8.149
8.601
19.842
7.504
7.703
5.448
10.845
7.037
13.239
5.474
9.408
14.102
11.679
10.999
7.494
11.293
1.754
10.234
12.320
22.470
13.411
7.924
14.115
6.711
10.829
1.826
4.506
13.259
5.592
15.868
8.877
4.959
3.831
6.901
13.088
14.626
11.815
5.464
16.414
4.536
6.273
8.069
6.585
9.917
6.651
6.253
7.421
6.812
11.000
6.411
29.651
16.932
7.736
17.862
9.701
14.834
7.436
5.646
6.850
10.996
7.460
4.354
16.691
1.417
14.189
11.151
1.891
7.868
12.340
10.719
7.609
8.298
1.625
14.302
6.786
10.394
6.266
8.810
16.475
12.545
4.046
16.109
7.631
10.461
10.676
10.374
5.899
18.513
17.217
7.567
9.147
13.566
8.364
10.068
5.707
6.676
6.889
20.910
14.451
11.091
5.206
6.138
9.003
5.249
14.633
9.183
19.433
7.996
5.425
12.871
9.563
7.480
11.441
9.314
8.060
14.959
15.804
4.879
10.342
1.403
10.375
6.459
4.755
6.666
19.835
7.768
11.898
11.074
29.673
10.135
13.544
14.059
9.940
6.462
16.746
17.797
13.497
4.718
20.300
8.479
9.464
19.420
7.635
1.444
7.989
12.458
13.337
9.742
6.209
17.478
9.568
8.778
12.652
14.920
11.244
7.392
12.917
6.380
7.237
1.686
8.168
9.876
10.892
13.612
12.905
10.674
9.992
13.610
17.928
24.524
19.866
11.507
4.959
7.317
8.083
13.886
17.349
17.012
11.031
9.587
7.095
4.286
7.918
13.052
6.193
11.979
9.229
7.638
7.355
7.572
10.978
7.964
4.639
6.293
4.902
14.344
9.072
6.141
12.196
4.371
9.033
8.988
11.688
6.119
7.493
13.568
5.001
9.997
11.757
9.062
5.917
6.814
6.378
13.579
5.865
4.953
16.190
21.562
11.160
6.980
20.386
11.263
8.759
14.026
6.031
10.382
1.427
8.158
10.431
18.102
7.501
8.304
9.678
13.398
10.465
5.323
1.960
7.559
6.559
3.536
11.882
14.902
21.062
13.858
12.934
13.101
4.680
5.060
11.610
12.695
11.722
6.024
4.819
6.710
5.399
12.416
4.339
8.141
8.958
6.746
11.762
7.588
9.552
4.837
8.908
7.234
7.776
6.517
8.439
7.349
6.801
14.000
10.174
7.714
6.944
8.696
12.738
9.303
4.525
7.888
4.559
9.518
8.129
8.690
10.048
18.527
11.958
9.124
10.860
13.149
6.701
12.272
10.103
8.446
6.517
1.462
11.624
14.683
17.466
12.019
4.968
5.577
13.081
14.477
8.729
6.871
7.970
6.891
6.187
6.026
10.280
6.614
14.800
9.158
11.069
18.755
1.510
8.425
9.234
6.241
15.854
6.984
6.002
14.879
6.338
14.840
11.414
16.022
10.556
9.838
11.932
10.695
7.629
20.877
4.845
6.722
8.459
8.861
6.489
9.990
11.211
5.971
12.777
19.567
10.757
13.454
9.314
8.409
7.575
9.438
14.276
17.329
16.872
15.059
7.232
3.809
8.102
4.083
4.071
9.309
9.391
6.403
8.927
8.558
7.586
8.810
6.269
13.913
1.504
17.451
11.200
7.716
10.712
1.626
7.961
16.226
12.089
11.277
12.302
6.812
1.714
4.882
20.451
5.035
12.562
17.918
10.476
10.446
5.816
3.791
7.151
15.572
5.323
11.563
5.885
12.229
12.495
14.161
1.617
25.218
9.412
9.164
12.186
10.587
14.343
9.102
4.635
11.110
13.248
8.771
10.399
6.768
6.985
5.787
5.915
14.701
10.462
6.017
8.395
19.075
6.590
6.829
12.444
7.057
13.270
8.714
5.171
15.086
11.413
1.899
8.885
19.566
10.300
7.872
4.362
4.162
5.530
10.414
9.532
7.949
8.967
23.169
16.714
13.734
6.900
8.937
11.447
14.524
3.642
10.418
13.049
9.021
8.242
18.379
8.637
9.795
15.787
9.940
12.386
19.392
9.497
9.841
8.851
3.736
14.133
5.234
11.569
11.550
9.749
5.020
8.945
9.132
10.644
9.032
15.336
13.598
14.606
10.751
6.787
16.101
11.529
4.576
4.150
9.531
6.880
7.636
7.585
9.861
10.720
7.393
7.974
15.580
12.264
5.581
11.004
11.078
5.908
4.482
10.149
13.380
14.092
5.417
8.793
12.588
8.168
11.673
6.691
21.084
10.291
11.705
12.108
6.329
5.368
8.507
1.425
11.295
6.637
8.987
17.079
5.590
15.898
23.273
6.979
13.397
8.459
7.812
5.594
12.652
7.709
8.014
12.140
6.871
9.044
32.285
5.655
12.405
7.726
23.525
1.935
8.296
10.556
1.793
6.509
4.574
6.173
4.910
9.352
4.300
15.094
11.906
15.182
17.766
8.058
13.018
6.604
6.018
8.552
5.838
7.358
13.760
8.773
6.788
17.558
8.639
8.726
12.434
15.861
4.549
10.311
6.989
1.505
7.305
9.884
12.368
8.283
6.211
9.950
1.405
8.240
2.701
9.091
6.148
8.840
8.890
3.658
7.570
10.711
12.607
7.683
6.187
8.863
30.545
8.667
7.099
8.595
4.613
11.537
10.745
8.135
8.086
1.377
7.010
17.180
20.752
11.716
8.406
13.738
9.919
9.270
5.138
22.258
12.212
14.065
9.432
12.059
8.938
8.995
6.110
14.093
10.660
2.897
15.316
6.178
8.156
7.487
7.176
7.746
20.110
7.658
13.898
20.919
16.606
7.014
8.594
6.459
14.169
7.311
6.537
6.458
4.723
6.420
6.797
4.947
8.807
4.257
5.846
10.919
9.644
9.530
8.630
6.925
18.430
8.224
3.413
17.676
9.466
1.652
14.667
8.169
12.607
6.075
5.106
13.991
6.871
17.872
9.079
11.719
8.553
13.026
19.333
12.140
13.193
13.710
15.129
5.746
7.052
18.955
14.975
1.734
11.661
19.660
16.985
13.802
6.638
11.122
8.763
1.056
1.691
7.408
7.543
8.963
14.458
4.789
9.408
6.148
6.125
1.094
8.460
6.604
6.541
5.078
4.948
10.679
12.701
10.916
7.818
5.499
15.512
10.478
11.146
15.928
7.241
3.689
8.175
6.660
1.681
5.671
1.148
13.170
7.385
4.531
1.725
14.638
7.412
13.117
8.653
8.921
1.425
5.071
9.182
3.855
11.054
7.620
11.335
8.081
20.075
6.114
4.599
1.776
15.045
9.976
10.303
4.284
9.419
10.432
6.827
6.535
25.168
13.557
5.401
10.354
10.972
4.079
6.183
8.749
9.149
10.852
26.691
15.962
11.169
6.275
24.205
9.696
13.130
8.325
10.854
9.647
12.224
15.345
5.376
16.760
20.744
11.495
20.687
13.421
6.049
6.071
9.485
8.219
8.828
3.722
9.345
1.496
10.718
7.848
7.668
1.906
8.740
15.464
13.033
7.912
16.596
6.148
10.384
10.152
5.003
1.574
6.787
11.738
6.604
1.712
6.975
4.851
14.543
4.199
14.262
6.387
4.434
13.325
17.069
10.364
8.997
4.300
4.491
11.368
9.151
5.860
7.246
4.427
15.169
4.879
7.320
3.978
1.518
5.640
7.962
12.642
13.311
16.698
8.988
7.957
6.562
7.998
14.069
6.943
9.703
24.626
19.438
7.039
1.313
11.790
32.577
15.254
8.422
6.770
7.962
6.956
5.914
1.762
8.332
1.663
14.254
1.641
19.314
14.883
16.154
9.117
14.202
9.820
9.549
8.072
9.496
8.700
11.426
8.740
13.218
15.764
7.841
12.605
6.919
8.518
6.523
9.761
9.207
6.772
20.035
5.841
8.301
10.118
6.182
19.053
5.335
19.102
6.254
8.583
10.418
11.204
9.248
9.603
7.989
5.297
5.923
8.675
4.594
6.669
9.225
10.909
10.729
21.105
5.501
10.728
20.122
15.020
8.115
5.537
8.232
6.821
9.148
12.683
7.033
4.499
15.492
4.949
10.823
9.229
19.181
8.456
16.411
9.338
5.231
6.052
7.855
8.446
10.415
15.646
6.933
9.987
4.828
11.214
13.415
6.368
1.432
7.191
4.925
5.712
13.288
5.504
11.410
11.703
10.818
7.074
8.269
4.875
10.917
1.697
8.159
11.874
6.353
6.597
6.536
6.086
1.445
5.353
9.240
1.461
8.611
9.188
8.757
7.887
6.734
1.755
4.718
20.323
16.267
13.019
5.195
8.294
4.179
9.054
13.615
13.003
15.124
14.149
12.512
13.119
21.846
5.007
6.262
4.694
7.178
7.874
8.066
5.035
4.269
9.845
9.958
9.895
9.916
6.543
4.925
5.745
16.976
9.825
8.102
10.479
13.824
11.296
3.123
7.019
6.053
16.011
1.371
6.418
4.744
19.197
7.849
10.743
5.581
8.016
5.728
6.029
5.648
5.257
10.494
10.094
18.711
5.154
8.857
9.350
10.033
10.593
12.126
5.868
1.209
7.730
5.360
11.518
12.782
5.763
4.549
3.815
18.978
5.791
7.362
5.317
7.110
6.904
11.040
20.071
10.575
13.121
8.556
11.105
16.231
10.382
5.454
5.625
5.038
7.720
9.457
7.653
4.982
7.504
8.489
13.629
13.191
15.561
8.455
1.502
9.306
10.436
15.086
11.587
18.375
9.428
9.650
4.202
6.782
5.645
9.475
5.487
9.332
12.556
7.697
3.752
7.915
7.447
12.764
1.879
7.578
7.904
4.697
4.935
8.514
15.186
6.733
12.773
5.203
14.824
4.664
9.064
1.789
5.849
22.614
15.415
9.411
7.075
6.864
12.166
11.126
1.275
17.287
12.141
14.711
9.624
7.863
5.762
9.585
9.382
8.226
6.839
6.367
18.597
12.279
10.258
10.029
14.540
12.385
9.021
4.752
9.230
7.845
5.969
6.284
12.740
7.778
12.010
1.777
5.918
16.509
8.676
7.858
6.667
8.596
7.490
6.291
10.942
7.447
31.026
8.304
6.632
10.035
18.667
12.649
4.362
11.586
15.001
8.239
7.376
7.496
9.891
3.707
7.293
6.679
5.327
10.262
13.705
14.106
9.155
12.303
16.367
1.683
11.314
5.018
8.371
6.255
17.668
7.834
13.276
8.761
5.535
10.390
1.351
6.397
10.919
9.827
8.727
5.078
7.818
13.277
6.735
17.156
11.113
7.762
5.208
7.843
11.908
12.448
11.263
7.844
14.252
12.621
9.408
12.857
6.207
1.610
6.459
9.550
9.944
7.715
9.773
15.531
9.456
5.020
6.709
4.361
7.122
14.993
8.118
7.767
1.813
8.653
5.615
1.675
4.242
15.556
6.456
21.781
5.073
10.046
11.077
5.969
6.793
5.461
13.204
8.757
8.950
14.950
1.759
5.419
10.643
10.469
1.421
8.160
16.615
6.346
4.224
4.488
8.304
8.295
1.712
5.515
1.867
6.166
14.864
8.519
3.043
6.382
8.482
11.018
10.871
7.184
12.373
12.324
14.658
6.321
6.541
6.828
3.730
7.616
14.728
12.092
10.138
7.478
4.831
4.469
5.826
5.815
14.731
10.307
9.550
6.415
4.131
11.907
1.868
14.567
12.675
13.887
9.308
12.061
8.833
10.080
12.396
8.103
6.390
1.288
11.335
13.670
6.238
10.877
9.920
11.613
11.578
7.443
8.233
9.271
11.374
4.821
11.151
8.632
6.108
6.800
5.079
10.815
10.342
9.143
6.886
9.828
5.456
4.999
16.837
7.182
9.342
7.458
6.081
11.263
11.511
1.478
5.779
1.547
9.260
13.955
4.990
13.419
4.929
3.742
11.068
8.542
8.490
17.147
14.695
27.056
6.792
12.634
9.817
14.786
11.506
6.291
16.561
9.624
6.841
10.850
4.976
8.485
7.384
7.587
10.435
6.259
9.900
7.883
14.761
12.273
5.005
8.284
11.783
4.747
8.176
17.983
7.593
8.361
4.371
8.496
9.816
7.793
7.952
4.391
8.259
5.042
7.483
6.061
9.507
6.461
1.603
3.457
11.917
11.102
10.432
6.380
11.169
9.266
7.323
4.612
6.995
13.570
8.223
8.782
7.281
7.290
7.979
5.506
4.516
14.256
6.224
10.833
1.690
11.693
2.777
15.127
5.237
12.433
9.082
9.116
4.471
12.504
8.856
1.530
12.944
7.944
7.891
8.783
9.345
18.165
11.116
19.226
8.053
16.258
1.584
11.996
8.592
5.199
7.925
7.691
5.990
4.076
8.776
11.333
7.279
13.021
20.057
14.003
10.364
8.740
17.948
9.299
9.116
5.250
10.599
7.000
8.947
7.152
13.448
9.077
4.976
7.414
5.970
10.144
13.307
8.100
8.578
18.113
4.394
5.877
8.814
8.108
15.855
4.620
12.160
8.584
1.565
5.531
8.431
13.770
1.584
8.959
6.649
1.668
6.749
7.449
5.444
5.313
9.452
14.202
6.132
7.163
5.282
6.016
8.310
7.694
15.240
9.585
6.350
3.439
11.218
6.789
12.709
10.738
4.217
16.474
17.966
6.716
6.611
6.724
12.172
6.313
6.454
7.151
5.377
7.363
5.658
6.669
6.660
6.271
9.406
6.074
6.280
11.065
4.176
6.159
8.573
11.400
13.958
9.925
9.497
7.721
15.710
9.070
9.955
9.129
5.561
5.144
5.781
1.468
14.370
9.137
13.139
8.235
1.371
10.124
5.048
4.417
5.009
15.064
8.079
8.913
5.004
5.401
10.894
11.055
5.076
11.459
4.805
8.992
7.071
14.081
6.058
1.607
10.781
8.685
14.720
10.016
10.594
8.062
5.387
5.325
1.772
8.486
8.332
5.357
9.334
9.954
4.859
8.279
7.537
16.679
5.145
8.908
5.225
9.666
7.733
11.664
13.897
13.548
10.013
6.693
9.507
9.363
7.395
15.280
8.607
1.757
13.636
5.742
7.715
11.889
9.651
9.665
3.932
6.274
6.840
15.002
8.390
13.229
6.656
4.123
10.600
10.319
15.279
5.820
6.261
1.698
6.327
4.641
12.444
3.720
14.045
5.189
7.588
10.282
9.491
7.059
5.476
11.363
9.168
1.797
14.050
1.733
12.222
4.937
8.280
10.448
4.873
8.204
3.362
7.093
11.124
4.202
13.485
6.504
14.744
7.148
5.356
1.434
7.182
9.621
14.037
11.747
5.473
10.418
10.998
9.222
5.835
18.248
6.033
8.473
8.166
9.690
5.433
6.150
1.625
7.406
12.408
13.072
6.534
6.638
10.475
7.028
8.726
8.613
4.543
7.597
1.577
12.889
9.663
9.866
9.124
6.772
11.762
11.388
9.095
1.555
4.433
7.207
4.573
11.103
5.257
17.820
7.419
11.097
12.572
10.870
12.782
11.327
6.499
8.443
9.876
5.175
7.214
5.996
7.209
1.792
1.654
14.422
7.599
5.594
9.287
11.655
5.851
4.807
3.693
14.258
4.249
10.971
9.345
7.766
11.869
6.742
9.601
6.107
10.154
1.220
12.739
6.948
7.191
10.707
1.410
17.223
4.669
8.956
7.364
7.606
9.366
17.120
7.336
10.703
4.101
7.809
8.360
7.080
1.193
12.280
11.353
3.956
6.835
6.646
5.719
8.949
7.091
10.387
13.245
19.975
15.440
12.093
9.629
6.649
7.849
15.232
10.674
8.804
5.070
9.181
2.773
1.588
8.774
10.358
5.663
9.433
10.475
6.578
8.157
4.625
10.989
10.182
15.786
8.732
7.222
9.033
8.753
9.949
8.996
7.328
5.121
7.477
8.083
7.264
5.893
6.071
3.754
6.197
6.070
4.246
5.333
3.044
18.619
1.703
19.700
4.540
9.080
11.411
7.938
6.388
1.602
9.686
5.149
13.685
9.523
5.495
8.134
10.670
14.220
15.853
7.953
15.559
10.921
8.104
6.086
10.835
9.696
11.967
5.915
8.329
8.109
6.734
9.212
6.899
8.581
13.111
1.574
10.529
9.412
6.994
6.068
16.729
4.296
4.760
3.305
7.454
10.051
12.697
6.047
9.648
7.091
5.147
8.117
7.422
6.323
8.925
6.927
8.710
10.780
10.392
7.159
1.536
5.588
25.406
11.936
6.552
4.859
6.401
9.344
7.604
9.934
8.091
1.435
5.094
8.475
10.213
2.802
5.035
6.487
14.869
6.750
6.732
9.523
8.480
12.704
3.450
9.630
1.739
9.583
9.416
8.963
12.363
6.451
12.893
5.541
4.440
5.783
7.900
11.135
4.938
13.304
6.548
7.732
5.786
8.491
11.387
7.928
9.548
5.118
5.715
11.778
6.386
6.628
6.076
5.591
6.624
4.870
6.698
4.709
13.622
14.850
8.388
6.205
4.779
1.645
3.089
9.350
1.554
12.551
6.710
13.139
11.808
8.373
9.596
8.972
7.105
1.306
10.317
11.337
1.727
7.152
8.063
8.874
15.797
4.974
8.586
8.461
8.400
10.280
12.898
10.775
9.242
10.690
16.958
7.366
1.562
11.958
9.695
10.167
1.892
6.729
10.527
1.457
12.508
4.986
9.679
4.649
5.868
6.347
11.243
8.748
6.218
5.714
10.168
5.663
6.057
12.034
1.919
1.504
5.040
1.783
11.221
11.971
6.691
1.629
10.696
7.466
15.884
5.784
1.541
7.113
7.597
6.870
5.868
5.775
8.351
10.997
6.036
9.871
8.050
9.610
8.527
5.414
11.128
5.572
4.468
1.671
13.527
9.436
16.597
9.348
8.436
7.621
7.414
10.739
6.156
14.510
6.947
8.627
13.885
8.915
9.296
12.044
5.525
7.040
4.368
7.781
8.937
5.582
7.250
8.384
6.107
6.595
12.318
11.749
5.556
14.834
7.998
7.080
4.417
11.037
6.186
12.402
10.456
10.957
4.188
11.732
7.257
8.059
6.661
16.282
13.554
5.936
12.154
10.043
11.084
12.628
4.258
7.638
11.509
7.301
8.956
8.384
9.466
11.274
15.062
7.355
7.373
8.369
4.738
6.265
7.097
11.713
9.299
8.194
18.000
6.537
10.114
7.494
5.671
3.957
5.875
6.672
4.742
13.994
6.920
5.462
9.903
11.444
7.669
7.112
10.054
11.764
7.953
8.943
6.305
6.239
17.969
9.640
8.694
15.383
10.475
12.527
4.459
3.928
12.377
7.812
11.921
7.607
8.126
11.666
5.684
8.260
1.467
10.777
10.283
12.200
8.565
6.550
1.639
8.525
10.972
10.687
11.960
5.516
5.956
7.347
7.191
5.604
3.745
5.181
11.256
1.782
4.168
9.038
12.523
11.385
5.124
10.861
2.007
11.203
5.901
15.271
5.327
4.834
1.646
5.564
7.300
11.501
1.486
9.057
5.779
1.418
7.020
11.232
8.539
5.993
5.517
6.069
1.458
10.946
1.176
3.378
3.698
7.445
4.638
8.845
6.383
7.257
10.064
3.643
1.655
9.624
5.969
3.380
1.745
13.310
1.800
5.226
6.199
8.834
3.742
4.639
8.858
14.182
11.437
13.230
3.317
8.856
13.963
12.387
6.957
8.003
6.642
7.257
11.619
3.461
4.885
11.246
10.770
10.956
7.202
8.707
16.980
7.947
5.480
3.673
10.442
10.414
5.234
5.802
5.881
7.539
1.501
3.414
18.888
8.811
10.596
7.468
4.437
7.747
11.625
5.785
11.828
7.928
7.392
9.189
11.007
1.737
11.489
3.982
7.679
1.647
9.641
5.685
1.614
10.038
11.618
7.920
6.023
9.584
7.830
7.165
11.485
7.514
3.974
4.760
4.697
5.911
11.998
4.059
5.428
1.616
7.310
6.759
7.930
4.616
17.093
5.484
3.391
6.461
13.231
11.055
1.821
9.483
9.179
13.438
8.649
7.459
6.622
4.221
3.851
4.230
12.241
4.579
6.365
10.398
9.349
1.766
6.131
4.788
10.446
4.494
9.381
11.592
7.964
6.061
9.470
8.438
6.980
12.350
5.212
16.836
7.115
9.779
13.304
7.673
7.450
16.054
6.811
7.130
8.374
5.741
5.659
7.600
8.643
7.941
4.334
11.047
7.081
8.571
5.870
7.659
6.566
5.387
6.351
10.156
6.088
11.234
6.667
11.803
7.216
6.071
8.894
14.883
7.678
5.965
4.093
4.595
1.492
1.104
4.578
3.431
9.371
5.086
5.460
4.076
6.989
6.768
10.292
6.412
7.194
8.003
11.510
6.994
7.803
16.774
19.524
11.285
5.231
10.757
9.558
1.636
1.897
1.398
6.074
5.538
6.675
5.787
7.910
13.549
4.813
4.952
1.948
11.850
4.991
11.395
1.683
10.714
10.451
7.617
13.988
16.298
7.119
6.751
5.660
17.785
4.652
5.760
13.343
8.395
12.813
5.642
13.252
4.145
1.520
7.575
6.627
6.388
9.519
5.542
12.884
5.082
5.351
10.817
6.181
1.998
3.414
6.395
11.851
6.947
7.275
3.379
6.414
6.961
9.687
7.127
19.000
8.034
5.503
1.542
4.868
6.216
6.957
3.956
3.995
9.398
4.525
9.008
6.957
10.287
12.332
6.303
4.524
8.432
5.671
10.188
16.818
13.210
9.997
5.407
20.451
11.852
12.478
7.696
7.137
6.028
6.784
6.889
6.648
8.477
1.270
6.849
12.260
7.034
5.020
9.515
6.685
3.847
9.078
5.898
5.063
9.836
3.632
8.349
10.434
14.243
1.875
7.922
18.129
12.810
8.224
9.782
3.863
7.042
4.604
6.073
5.967
7.242
1.572
1.314
5.148
5.048
5.629
4.650
4.707
7.925
17.502
10.682
1.824
9.720
6.391
4.215
20.103
4.618
5.729
4.349
1.514
8.540
7.160
1.625
7.632
5.982
8.217
6.301
8.959
11.217
2.083
6.502
5.791
5.352
1.523
5.405
10.020
6.397
13.381
4.801
1.266
13.899
7.270
10.197
12.093
6.419
7.025
1.775
8.875
7.825
7.169
8.482
9.997
6.719
7.479
7.945
10.371
4.863
7.486
5.751
6.661
9.440
1.132
8.724
3.941
11.708
1.931
10.235
9.095
10.070
10.633
5.736
13.440
1.475
7.099
7.858
4.132
9.890
1.232
11.666
6.257
7.929
10.158
3.577
8.400
8.847
6.632
8.279
7.633
12.723
4.059
6.637
8.009
11.207
5.061
12.722
6.172
8.320
7.027
7.083
5.292
13.906
8.021
8.480
3.481
4.757
10.631
4.436
11.404
4.880
9.424
10.364
10.720
12.786
12.919
1.444
18.845
1.529
5.946
5.707
8.199
1.818
8.045
1.558
4.768
9.445
1.701
1.341
3.384
7.147
9.164
4.694
16.098
6.939
7.637
14.916
6.208
8.971
12.748
5.136
5.780
7.018
4.897
10.259
5.957
8.853
3.867
9.193
4.881
7.299
7.185
8.995
5.564
12.367
9.082
8.119
7.506
8.706
6.778
3.751
9.263
5.128
6.583
4.063
13.373
13.506
5.209
3.577
8.565
8.890
9.392
5.783
14.915
5.910
10.088
8.957
8.860
5.265
9.657
6.176
10.446
4.776
10.158
6.460
6.943
5.699
9.730
9.142
1.563
4.468
3.026
6.284
6.532
10.505
17.798
5.888
6.456
7.118
5.798
4.606
7.657
6.521
4.852
11.403
7.599
8.397
3.857
7.240
6.816
9.798
5.934
5.796
5.007
5.683
4.812
5.802
6.787
7.443
5.043
5.134
6.683
11.122
12.773
5.216
10.487
10.294
5.213
13.029
9.458
10.780
8.234
6.570
6.868
5.983
22.079
7.564
4.441
8.845
5.880
8.219
6.390
1.600
11.302
5.062
4.992
7.802
9.624
1.769
6.611
5.101
8.415
6.164
11.993
7.687
10.554
12.393
7.683
9.818
6.929
6.526
12.288
8.023
3.942
5.278
11.792
5.674
7.683
8.174
13.321
5.261
4.496
8.550
5.716
7.070
7.258
1.356
5.915
3.715
10.102
4.313
10.238
5.561
10.722
8.709
8.868
7.967
6.036
4.687
7.017
7.257
1.698
7.963
5.703
5.217
8.378
6.209
12.405
7.063
10.632
6.306
16.109
5.876
9.189
5.839
8.139
1.216
7.130
8.941
9.218
9.818
6.490
8.376
6.713
8.045
9.396
1.740
9.072
8.662
5.889
13.051
6.004
10.227
1.559
5.970
6.979
8.810
5.563
4.607
6.489
12.905
9.758
6.829
8.895
9.266
1.917
10.075
3.827
7.508
6.406
5.516
7.976
3.759
4.446
8.540
6.592
11.784
6.039
19.937
6.985
9.300
7.307
6.791
12.885
4.599
12.859
8.021
10.237
7.039
1.845
9.926
8.672
8.338
8.640
9.241
9.813
8.782
4.159
11.548
8.260
1.484
6.368
4.486
21.046
7.083
6.674
5.136
6.160
8.366
8.123
7.063
7.578
4.958
4.493
8.879
2.980
5.712
1.526
6.297
9.533
6.072
8.207
4.829
14.052
13.068
5.919
1.417
10.024
5.229
1.652
4.392
12.691
11.720
4.428
1.524
11.484
11.468
4.630
4.916
8.364
10.916
11.615
1.610
6.219
1.679
11.174
1.891
3.905
6.910
10.090
6.777
8.030
5.520
19.074
5.208
6.095
9.563
5.921
1.396
7.092
7.937
8.920
5.122
5.538
11.208
7.523
6.333
8.168
10.515
7.046
1.718
5.144
3.730
9.131
7.408
4.995
12.190
10.253
6.961
9.406
1.914
6.505
5.848
3.930
6.245
20.478
9.356
9.062
11.940
7.662
5.729
5.552
1.716
9.898
4.034
4.865
4.730
9.456
6.146
7.213
14.531
5.604
12.764
8.763
11.762
7.232
3.434
5.639
8.430
5.555
9.290
7.058
1.390
9.354
6.813
8.124
13.379
11.255
1.630
9.373
9.954
4.753
12.984
1.579
9.700
5.513
11.803
7.002
13.262
1.407
1.370
6.307
9.993
8.757
8.757
13.422
5.264
4.672
4.280
10.403
9.257
7.131
3.335
7.920
1.650
10.253
5.570
5.795
4.954
5.819
6.198
11.736
6.996
12.269
3.668
7.658
8.001
17.084
5.910
9.004
1.849
5.554
3.635
6.836
8.673
6.227
4.036
4.498
7.476
8.287
5.051
6.290
3.503
3.753
5.887
4.417
1.791
6.331
7.984
6.505
12.161
8.062
12.185
12.297
11.469
8.021
10.505
3.625
8.646
12.169
8.417
11.198
9.259
7.049
1.565
10.011
5.923
5.448
8.442
4.139
7.286
8.742
11.201
7.532
4.456
8.346
4.291
1.715
9.967
15.413
14.852
7.662
5.272
4.883
7.344
10.637
13.783
10.371
4.318
1.317
3.887
4.368
6.562
4.078
7.209
4.949
6.540
3.367
10.156
9.240
8.694
11.078
3.882
5.877
4.661
4.082
6.552
6.476
6.446
7.676
3.224
15.119
1.742
5.991
8.186
11.467
5.020
8.096
12.395
8.066
5.851
7.255
6.635
12.424
6.848
7.078
8.333
9.901
1.745
6.532
9.704
10.780
3.373
4.223
8.310
9.813
3.541
10.749
9.519
9.324
1.830
5.171
4.904
1.317
8.312
3.756
6.999
9.685
7.762
9.637
1.663
12.671
7.539
9.323
8.280
1.680
6.369
8.001
9.624
13.087
4.511
6.114
10.039
4.131
4.602
8.956
3.656
10.426
4.749
5.443
1.830
8.144
7.813
5.558
5.157
7.030
4.279
7.847
5.353
1.242
6.554
11.953
4.896
5.435
8.749
5.812
10.274
9.315
1.581
10.711
7.229
4.076
5.704
7.914
6.436
6.328
1.837
8.484
7.115
9.010
9.218
15.349
9.756
4.425
7.220
15.086
3.668
2.861
8.204
6.594
8.245
16.226
8.145
9.458
1.663
7.942
10.187
5.384
4.817
12.709
8.392
4.772
9.935
6.336
5.929
7.105
10.042
6.003
4.472
14.143
10.292
5.529
8.277
12.895
5.645
8.584
8.489
5.114
4.727
1.378
5.928
8.681
5.697
8.609
5.997
3.424
10.474
4.500
7.680
6.113
5.878
4.640
10.792
19.612
6.078
10.147
3.874
5.927
1.295
7.617
5.278
4.796
11.307
5.397
10.451
6.849
5.631
8.524
7.900
5.674
11.468
5.582
5.493
6.189
9.555
5.477
6.148
9.629
12.093
8.792
6.637
3.592
15.387
8.618
8.958
4.316
7.999
1.591
12.063
4.568
12.902
1.650
19.393
10.976
10.645
9.671
11.185
7.796
7.741
9.322
1.925
4.515
11.436
5.241
11.587
7.383
5.478
8.492
8.447
7.470
4.322
4.826
5.042
16.099
4.208
8.113
9.393
5.119
10.887
10.482
6.664
4.751
3.909
5.387
5.394
6.628
11.634
4.808
4.555
9.159
3.313
3.513
9.023
3.345
10.621
1.182
1.156
7.619
6.062
6.591
4.118
6.344
7.657
6.755
11.521
1.705
5.787
2.464
1.513
1.827
1.890
5.125
6.515
4.520
6.443
5.032
8.808
8.579
5.954
4.337
8.183
6.048
3.996
4.922
6.056
3.863
10.445
4.665
14.754
1.567
6.852
9.722
3.319
7.024
6.897
7.049
6.912
3.936
10.634
7.135
5.720
11.035
9.735
8.859
4.886
5.231
5.294
5.970
3.470
10.464
9.410
5.946
4.808
7.381
5.186
4.400
6.511
4.608
5.904
6.827
6.011
9.919
5.392
4.329
4.157
8.246
9.169
8.723
6.747
8.515
7.609
7.327
5.871
10.353
4.824
12.547
7.282
1.457
9.191
6.010
6.967
6.227
1.693
6.623
1.368
5.223
14.639
6.194
9.324
5.959
5.080
8.305
10.752
1.776
5.289
5.200
12.407
8.052
8.022
7.252
17.068
5.185
7.185
8.693
14.171
7.314
7.349
2.547
1.501
7.147
5.816
7.583
8.927
9.878
1.302
12.921
5.260
5.868
5.318
1.844
8.089
11.708
5.441
5.723
1.424
8.440
6.040
7.547
6.520
7.097
8.846
8.893
13.665
4.346
7.960
4.338
18.809
3.886
16.971
10.526
5.869
9.957
8.643
1.458
5.446
8.141
9.419
6.571
4.336
5.060
1.559
4.786
1.891
5.733
5.323
7.637
10.187
9.942
1.724
5.831
6.351
5.420
6.346
7.923
7.799
6.690
11.170
5.148
1.600
8.686
3.423
15.060
11.806
1.481
13.974
7.124
5.665
7.057
13.559
7.103
9.870
5.844
8.755
9.249
1.633
11.423
12.451
13.801
8.755
1.439
6.942
10.358
3.625
4.795
1.830
1.711
13.275
6.733
8.104
7.228
7.980
4.075
11.138
5.288
7.836
9.267
9.810
11.431
8.024
1.956
1.055
5.384
8.157
7.288
5.117
10.003
8.617
12.718
14.033
4.543
8.023
1.617
13.567
9.496
5.929
6.952
14.223
8.100
5.868
6.525
6.345
5.978
8.660
8.264
8.461
12.693
4.914
9.995
9.952
4.207
1.781
5.796
4.949
4.483
1.578
5.196
5.641
4.954
17.874
18.282
6.197
4.156
7.431
1.393
10.255
7.615
10.527
1.765
5.367
4.899
10.258
5.622
4.117
7.435
8.855
5.089
8.037
5.826
7.217
11.169
6.398
7.959
8.535
6.157
12.510
5.639
5.630
3.814
8.291
4.156
8.181
5.169
2.092
7.739
6.852
4.801
13.461
12.900
1.661
7.063
6.033
6.231
3.457
4.311
4.991
7.850
6.060
8.439
3.812
12.976
13.078
7.373
5.107
4.718
9.382
7.636
7.240
1.693
3.959
4.691
8.999
7.031
6.824
10.391
10.471
6.429
5.711
6.962
6.288
8.767
11.977
5.180
5.942
9.578
5.140
5.154
7.528
4.424
1.669
8.494
10.030
4.509
8.161
1.638
1.287
8.214
4.036
5.458
1.835
9.313
3.855
5.758
5.892
9.900
6.866
12.503
6.852
6.325
10.488
6.505
6.053
5.958
7.191
4.815
9.163
7.512
10.712
4.784
8.402
7.900
11.193
7.628
9.428
12.867
9.645
7.184
3.785
3.970
8.003
1.798
3.915
6.977
6.876
6.404
1.639
6.951
6.163
6.795
7.513
4.798
6.027
6.880
1.635
10.092
13.102
8.671
6.228
5.280
1.808
8.496
4.430
9.525
6.675
11.098
5.565
1.660
16.367
8.907
1.592
11.303
5.948
7.861
10.271
13.360
4.964
22.247
5.352
5.210
5.265
3.157
8.612
5.815
12.619
5.866
6.646
1.768
11.487
9.716
5.226
6.565
7.878
6.751
8.426
3.926
4.729
7.847
6.113
11.171
11.242
8.607
6.340
4.924
7.778
7.520
8.682
5.719
11.234
6.507
6.193
7.015
5.340
4.657
6.268
6.045
5.351
6.611
7.829
5.865
5.617
10.692
12.821
5.344
11.272
3.814
6.626
10.142
6.322
5.536
6.427
5.951
5.723
4.363
8.257
1.283
8.940
4.598
7.221
4.274
10.016
8.051
9.489
7.346
5.137
9.791
4.248
4.096
7.394
8.598
7.953
7.717
6.123
8.863
7.901
10.924
5.049
5.525
5.273
4.410
3.108
11.137
4.539
5.936
8.054
1.786
4.652
1.974
5.359
6.843
15.391
7.515
5.598
6.511
8.339
4.043
8.770
1.382
1.374
7.680
8.454
1.564
8.384
10.317
5.170
1.349
7.114
4.186
6.956
6.046
5.423
5.512
3.996
9.696
9.331
1.581
5.300
6.731
10.127
6.362
4.888
5.177
5.265
4.840
6.272
11.297
0.962
4.024
11.289
12.081
3.721
11.200
7.095
14.287
4.612
6.598
6.936
8.075
3.311
9.110
9.497
6.106
12.842
7.687
11.317
10.994
2.699
1.783
6.339
6.827
8.245
4.366
5.341
1.688
5.335
5.763
1.649
7.682
5.890
10.321
4.692
7.086
5.458
9.498
6.558
5.546
5.909
5.351
8.290
7.093
5.056
7.394
8.460
4.302
6.548
5.776
7.827
1.852
5.760
5.205
9.919
7.610
6.237
1.499
7.838
8.912
9.850
6.339
1.486
1.790
5.404
1.701
9.401
6.465
4.607
8.515
5.491
7.614
4.939
5.792
6.744
8.672
5.992
5.739
10.191
11.570
7.500
8.347
5.302
5.198
5.413
8.228
6.328
8.731
1.520
9.507
9.428
9.900
6.267
19.552
5.738
8.869
3.761
3.965
10.254
4.428
17.234
7.250
11.243
4.073
1.574
4.154
3.875
11.749
8.076
1.350
8.184
8.713
3.784
4.977
5.320
3.705
14.761
6.666
6.036
4.801
4.732
11.135
5.867
8.450
9.780
5.848
9.384
8.348
9.443
9.282
8.536
7.093
1.621
4.392
10.022
7.122
9.823
9.650
6.367
3.892
9.877
4.978
7.058
6.203
1.468
1.690
1.826
6.578
5.487
4.207
6.451
8.032
10.900
3.466
5.538
5.552
10.473
5.780
7.228
4.806
1.686
5.167
2.001
9.925
5.611
10.325
12.297
7.197
5.604
7.276
5.538
5.985
9.023
5.405
8.957
9.272
7.554
5.301
1.356
7.627
1.746
8.750
6.501
8.657
3.314
4.235
6.858
7.796
5.870
9.209
4.218
4.630
1.532
8.801
11.807
5.996
1.669
10.427
4.785
2.648
6.857
4.245
5.371
6.422
1.804
7.643
5.279
6.028
2.788
9.777
5.558
4.925
9.807
5.219
1.624
14.042
8.319
6.551
3.756
5.621
1.931
5.600
1.438
7.185
3.984
5.480
10.781
5.286
7.054
1.426
6.297
6.403
6.090
6.153
6.007
11.789
7.018
4.751
9.041
7.785
6.596
10.129
5.987
10.373
1.561
4.101
1.810
6.360
14.408
13.081
12.622
5.000
7.889
1.301
9.309
1.468
8.489
10.727
5.085
8.690
8.879
8.208
9.432
6.411
8.547
6.385
1.531
4.750
8.685
9.778
7.603
7.652
4.088
6.936
3.949
8.401
8.546
6.921
7.977
7.039
9.334
4.888
6.083
11.404
8.605
4.543
8.822
6.810
1.696
6.235
3.644
4.901
3.439
7.686
7.679
3.083
6.601
8.710
14.199
14.179
14.951
7.362
14.955
5.908
6.384
4.226
5.188
6.781
14.107
6.061
10.060
4.775
7.315
1.400
1.680
8.133
5.972
10.862
4.509
17.383
4.278
4.911
7.901
4.678
4.303
4.004
7.546
10.851
5.373
9.178
9.397
8.617
8.218
8.379
1.534
12.295
1.652
9.410
8.137
6.724
7.590
4.479
4.981
4.606
7.154
8.174
5.811
1.806
3.768
7.744
4.819
8.534
1.449
6.818
5.493
5.666
10.210
3.870
4.203
5.717
7.225
4.251
4.253
6.710
5.909
4.170
4.313
3.558
1.629
2.962
4.791
9.240
1.701
5.369
1.702
5.937
5.290
6.484
4.824
1.653
7.068
4.447
6.050
5.041
13.480
5.928
5.446
8.405
1.686
1.239
4.741
8.372
7.943
9.470
1.276
5.783
9.868
4.836
1.710
8.180
3.725
4.427
6.639
7.735
13.070
6.748
10.187
4.791
1.618
12.586
8.685
4.731
3.761
1.415
5.066
7.378
8.502
1.508
8.340
1.537
4.076
6.268
8.863
5.542
3.992
4.971
5.153
4.709
9.243
3.373
9.599
4.713
4.958
5.078
4.257
3.232
5.185
7.550
6.712
5.962
6.307
8.237
6.610
10.759
5.465
6.729
4.657
6.722
4.504
4.415
6.132
6.852
16.871
11.050
9.231
8.888
4.773
4.798
4.113
9.415
7.559
4.648
6.491
5.743
7.134
11.946
5.671
6.816
12.088
6.962
7.310
11.046
5.390
6.737
9.077
5.886
5.511
5.179
4.884
7.143
5.811
5.458
9.651
5.987
6.169
4.560
13.808
5.218
7.252
6.816
11.063
11.372
1.899
10.455
9.502
11.533
6.892
5.758
4.337
1.653
5.658
9.747
5.960
10.620
6.163
5.078
6.764
6.587
1.553
8.948
8.642
5.841
7.876
3.734
7.582
8.931
4.761
7.269
5.158
3.230
7.307
4.612
12.231
11.311
5.922
5.765
9.934
7.594
8.260
8.024
7.652
5.797
7.283
8.457
11.018
5.800
4.497
1.387
7.452
8.762
7.553
8.271
4.527
8.776
5.188
10.948
5.837
7.140
3.039
4.294
1.478
12.055
9.920
5.573
6.542
4.263
5.313
7.663
7.254
4.215
8.352
6.378
7.890
7.355
9.992
5.371
1.316
7.636
7.074
6.652
3.745
6.401
13.999
14.394
4.894
7.445
4.034
5.111
5.112
5.975
5.564
1.004
10.081
8.699
5.336
7.743
6.630
5.907
8.245
6.253
6.412
5.341
4.563
1.564
7.513
3.157
1.578
1.628
9.398
6.409
10.811
6.596
8.138
8.733
4.728
10.721
8.708
4.566
5.397
12.008
8.863
5.408
4.871
9.194
5.500
7.020
9.965
4.949
6.194
5.822
5.286
1.755
8.576
5.868
6.918
5.911
6.384
3.920
5.362
6.700
4.031
9.722
5.900
1.470
6.073
7.957
9.766
6.715
8.863
4.959
3.633
8.692
9.064
6.252
7.398
4.786
8.131
1.438
4.061
5.477
1.860
5.506
5.636
7.690
9.874
12.771
3.867
6.849
10.647
1.629
3.729
6.401
7.990
8.885
5.333
8.092
6.028
4.841
10.883
8.081
4.612
5.565
6.615
6.306
14.004
7.997
1.338
11.960
4.871
4.278
3.745
4.082
4.965
13.895
6.753
9.583
5.068
5.989
4.265
9.012
6.999
10.053
6.323
8.053
5.850
1.950
5.929
8.301
6.984
10.070
5.997
5.921
8.151
5.210
4.224
1.777
7.776
4.225
9.790
6.310
12.143
11.400
13.641
10.367
5.961
14.550
4.627
1.613
6.612
8.148
6.641
4.981
5.967
1.854
4.238
4.087
13.367
7.205
1.266
4.267
5.236
3.645
5.135
9.026
5.548
5.626
8.488
3.359
7.102
5.761
9.297
18.841
6.299
1.716
6.202
3.294
7.162
7.595
4.387
6.394
10.004
5.424
8.889
5.945
4.524
7.312
10.284
6.857
7.885
1.660
4.371
12.235
5.624
3.560
5.951
5.451
5.775
6.113
4.963
7.777
6.663
6.056
10.072
5.674
3.599
7.235
1.826
4.229
3.813
8.153
6.782
4.146
10.024
6.869
12.725
7.889
6.044
6.591
8.921
8.258
3.613
10.543
4.370
8.243
3.739
6.128
8.649
8.702
2.481
7.701
9.321
7.381
10.799
6.822
5.483
5.111
5.113
7.188
7.107
5.922
8.641
4.105
3.922
3.739
5.452
7.069
6.058
1.861
11.485
7.928
9.173
3.893
8.363
6.081
3.083
3.912
1.757
7.792
6.775
3.869
4.847
5.709
6.469
1.793
4.265
5.295
5.938
5.413
5.149
4.160
7.627
4.875
9.331
6.893
6.214
5.841
10.331
8.516
5.730
7.873
6.636
10.671
4.731
11.698
11.215
6.584
7.176
9.931
5.639
6.375
11.524
6.187
8.725
4.405
5.461
6.447
5.998
9.898
1.703
8.239
6.150
11.073
7.485
9.851
14.525
6.956
1.419
1.913
11.632
9.400
5.382
9.270
1.308
6.241
7.069
6.779
10.059
6.810
5.709
1.643
3.611
10.425
9.460
4.192
6.386
3.994
8.286
8.363
9.230
5.606
4.331
4.841
4.673
8.761
16.263
3.903
11.177
1.668
5.677
7.176
8.816
3.557
10.685
3.445
7.355
14.968
6.413
9.310
5.891
5.198
6.019
5.744
13.545
4.788
10.546
6.964
3.590
11.196
8.374
12.678
8.650
4.744
8.707
1.526
6.588
1.717
5.362
2.184
4.443
3.749
3.739
2.892
9.891
6.155
8.707
9.034
7.980
7.883
5.178
6.581
10.239
4.300
5.806
8.150
4.785
7.891
7.258
7.405
6.158
5.736
8.286
5.449
8.677
10.619
7.808
2.973
10.198
5.624
6.349
5.123
5.914
7.549
8.789
3.412
9.070
14.674
5.683
6.281
4.310
5.188
6.133
8.011
4.331
7.297
5.344
5.151
5.042
4.545
2.109
6.458
8.800
4.292
4.194
4.210
1.435
11.851
7.733
1.983
4.972
4.950
3.918
7.349
5.287
8.073
5.457
5.145
7.870
6.557
8.045
3.977
1.256
10.048
8.648
1.169
6.505
7.006
7.548
5.375
2.976
1.936
4.797
5.434
7.811
9.409
4.895
1.421
6.485
4.821
5.887
6.943
4.736
10.287
8.752
12.731
6.080
1.607
7.656
7.493
9.447
5.099
7.039
5.345
5.661
8.347
7.101
9.390
7.820
9.981
1.513
6.977
11.028
11.012
5.424
1.642
6.397
6.438
9.123
5.837
5.667
5.699
4.742
4.286
6.269
5.513
7.373
6.619
6.939
7.286
7.176
6.199
5.264
5.001
8.298
5.554
3.767
6.206
4.299
4.854
6.534
5.113
6.163
3.429
6.421
7.656
10.193
3.205
5.875
6.150
8.124
7.273
5.676
5.095
4.506
5.125
6.973
7.443
6.333
5.390
4.149
6.075
1.647
7.316
9.184
9.497
4.703
1.682
9.159
1.609
12.374
6.666
7.154
5.338
5.083
5.341
7.270
6.756
4.749
9.710
5.744
9.340
5.072
11.882
6.401
6.111
9.239
4.839
7.724
1.595
7.063
4.500
5.414
6.968
8.384
4.279
4.626
5.415
4.964
3.681
1.375
7.131
4.440
3.863
8.820
5.283
17.122
9.293
13.516
8.020
1.845
5.950
6.023
3.896
5.203
5.207
3.303
7.084
5.795
6.421
7.231
8.529
3.847
4.841
8.865
5.438
4.758
8.505
8.137
6.130
9.890
9.744
4.556
11.809
7.414
6.941
9.354
10.521
6.949
7.195
5.293
5.246
9.245
3.392
6.111
7.245
4.732
8.928
1.176
9.406
5.485
8.794
4.908
10.686
4.618
6.060
6.794
11.136
5.308
6.670
6.086
7.081
10.080
5.119
7.702
13.689
6.916
6.838
5.353
4.186
9.112
5.182
1.708
5.099
5.244
1.764
5.552
6.081
8.708
7.833
6.280
4.439
5.546
1.786
8.706
6.950
6.154
5.975
4.799
5.153
5.542
5.104
10.156
1.555
7.320
4.058
12.757
1.488
7.532
7.058
7.738
5.430
1.754
4.385
6.749
6.614
1.433
3.539
6.060
4.059
8.522
6.906
8.265
5.324
7.712
7.716
8.095
7.868
3.413
4.947
7.726
3.627
3.856
4.918
5.148
11.421
4.594
13.498
5.128
5.456
5.786
3.693
7.286
14.849
5.234
6.609
7.297
4.390
4.591
5.035
5.202
4.650
7.427
7.558
11.220
5.215
9.484
3.823
9.246
6.677
6.780
3.567
7.483
1.483
4.923
4.280
13.964
6.676
8.168
6.796
4.515
4.943
7.201
5.820
1.376
4.554
10.132
7.326
4.936
10.388
7.662
7.709
4.419
11.800
6.305
4.262
8.455
4.584
4.412
1.965
5.522
9.772
46.389
4.256
5.988
1.642
5.431
10.562
9.605
4.566
9.463
3.741
3.820
4.093
8.782
13.140
5.080
6.275
5.848
7.197
4.594
4.624
11.683
6.423
4.629
10.102
9.933
4.927
7.370
6.131
12.329
4.524
9.040
11.352
4.540
7.140
4.282
4.253
4.953
5.851
5.610
4.464
1.553
6.822
7.626
3.771
7.622
7.006
8.472
9.024
5.858
7.583
3.962
9.923
8.007
1.345
10.796
4.380
7.816
6.565
3.966
6.006
4.892
5.262
10.431
9.074
5.443
6.538
5.621
3.352
6.206
7.028
9.613
5.877
5.558
5.966
12.435
7.983
8.083
7.452
6.196
6.942
4.019
9.879
5.097
4.650
3.399
5.707
5.512
6.194
5.155
5.900
5.212
1.424
1.474
5.192
6.567
5.541
7.384
10.418
11.556
11.654
7.619
7.405
9.029
5.173
4.465
5.294
3.509
6.304
4.218
3.415
3.181
7.547
3.969
6.100
6.518
4.693
4.271
7.923
6.543
9.505
8.234
1.682
5.430
3.423
4.142
1.573
4.938
6.417
9.320
7.234
5.580
8.740
4.973
6.185
6.650
12.529
4.316
6.467
9.440
8.708
4.240
6.907
8.664
7.232
4.743
9.162
11.946
5.075
2.208
9.602
9.461
1.169
6.188
1.570
7.267
7.698
6.033
14.244
9.105
7.572
4.512
1.670
1.481
8.979
4.704
4.250
5.138
6.873
4.049
3.952
6.697
5.132
6.108
6.001
6.559
5.211
5.607
6.440
4.485
3.933
3.803
7.216
5.878
5.187
3.699
8.854
9.232
1.665
4.768
7.720
4.086
8.091
9.342
5.185
6.477
2.626
5.985
4.578
1.575
7.530
7.831
4.697
8.956
4.335
3.934
6.386
7.465
5.103
6.127
8.831
6.476
10.627
4.856
5.642
5.707
4.870
3.881
8.145
5.232
9.777
4.591
6.054
9.675
12.591
1.735
6.955
1.361
5.991
5.462
5.403
5.926
3.949
6.410
4.808
6.012
10.709
7.696
7.582
5.707
13.349
5.824
8.072
1.572
5.043
4.518
4.689
7.575
10.244
9.854
4.345
4.694
10.239
6.606
10.062
12.642
4.815
8.109
3.764
6.540
6.824
9.237
4.546
4.977
11.940
3.197
14.763
11.675
5.483
11.627
13.876
9.820
9.810
8.235
5.049
1.712
3.613
7.938
6.914
1.667
5.507
1.590
4.344
4.553
6.987
5.777
6.124
4.519
7.447
8.839
10.242
3.183
3.428
7.396
14.890
7.728
6.186
12.387
9.215
8.350
8.418
5.607
7.090
1.475
7.716
8.660
4.845
5.647
5.033
1.750
4.990
4.927
7.572
5.408
5.100
10.261
7.246
14.185
5.790
4.746
6.824
7.143
1.696
4.962
8.515
3.644
4.472
1.464
5.402
11.346
7.760
7.226
3.701
5.297
6.636
7.746
7.997
6.495
12.017
3.692
12.177
8.348
14.382
5.901
13.937
3.137
5.155
8.127
9.575
4.776
8.606
7.614
5.194
1.324
5.462
6.004
7.129
12.560
5.280
6.136
6.732
5.629
4.404
8.376
8.400
3.503
4.006
6.310
1.546
3.382
7.784
4.681
4.131
6.788
4.870
5.245
6.815
10.967
6.191
6.649
7.192
4.526
5.921
9.854
4.711
1.669
9.166
4.875
5.577
8.538
6.394
4.080
10.193
1.788
4.719
7.007
4.869
2.680
3.787
3.627
5.297
6.544
5.388
4.347
9.447
5.910
1.769
6.511
5.336
10.068
4.008
7.296
6.509
4.564
1.690
5.626
2.935
5.474
4.807
3.752
1.791
5.290
6.963
3.660
4.314
6.763
5.638
6.342
5.730
11.570
8.081
3.374
5.359
2.738
5.556
9.643
6.005
3.845
7.180
6.139
10.237
4.352
6.548
1.779
9.140
3.341
6.174
7.831
10.738
7.900
7.375
7.056
9.350
11.059
9.710
3.965
4.092
6.171
3.935
4.091
8.012
5.732
5.311
5.316
4.943
5.898
8.566
8.395
7.075
4.493
5.830
4.458
1.571
5.320
11.015
11.774
7.970
4.130
4.498
3.995
6.032
6.927
4.836
4.284
7.102
5.054
8.497
4.423
1.764
5.927
4.629
1.715
3.847
3.593
6.711
4.901
5.516
4.796
8.440
4.556
3.131
9.058
6.183
6.078
9.215
10.158
1.183
6.897
6.130
8.385
9.437
7.572
5.701
6.543
7.354
5.864
8.115
4.736
9.439
3.194
4.645
3.205
7.195
1.493
1.576
1.429
5.431
9.123
4.619
8.936
4.528
5.147
4.234
7.843
6.004
8.851
1.644
3.787
7.064
6.631
5.513
7.924
6.373
7.012
4.997
1.645
1.224
2.725
4.155
8.137
6.532
6.545
12.774
9.204
7.123
4.860
9.529
9.352
5.099
8.559
5.536
6.197
3.778
5.194
3.763
1.431
8.640
6.625
4.560
1.624
4.781
8.279
4.423
4.991
10.920
5.012
10.024
12.283
9.604
4.040
7.854
10.427
9.277
8.677
6.986
4.432
7.863
10.048
5.663
5.366
14.609
5.238
7.974
6.156
7.250
4.177
5.569
8.673
4.135
6.619
4.671
9.234
6.343
6.147
4.464
3.648
1.572
7.915
7.584
3.367
5.881
6.527
11.144
8.411
2.691
8.096
4.475
6.550
1.567
8.704
9.767
8.115
3.725
8.800
7.111
10.484
10.077
6.932
6.823
10.430
8.757
9.329
8.248
7.190
11.882
8.984
4.207
7.409
8.232
5.301
6.436
5.755
4.363
5.619
1.633
3.500
7.623
10.222
8.950
12.243
6.463
9.197
6.559
11.263
11.832
5.747
6.478
9.081
8.116
9.203
1.742
9.612
1.822
6.211
7.835
10.330
9.669
10.021
4.055
6.333
4.986
10.322
9.120
7.832
7.796
6.790
7.511
6.827
12.066
3.746
6.359
13.430
18.306
9.058
7.536
4.624
3.962
7.595
9.071
5.749
5.275
5.881
8.005
5.800
11.949
9.094
4.475
8.084
8.116
8.643
3.676
1.488
9.426
12.475
9.304
3.843
5.821
7.054
14.474
5.929
6.060
8.005
6.496
9.164
12.089
12.031
4.174
6.572
9.165
8.251
3.235
5.130
8.650
1.736
9.810
7.421
9.019
6.895
4.279
9.340
4.047
5.779
14.197
7.725
6.543
6.685
11.133
5.502
1.132
5.179
11.400
6.079
9.818
8.491
8.450
10.459
9.568
4.065
4.179
7.297
4.134
10.127
9.736
5.368
10.411
7.068
9.386
6.639
5.968
7.546
12.518
8.172
10.054
6.588
11.032
5.110
12.782
8.688
11.444
12.547
10.013
6.493
1.730
6.930
7.041
6.393
6.644
6.385
9.516
8.926
4.088
11.193
17.730
5.669
6.136
7.847
4.273
7.001
4.911
8.012
5.831
9.856
1.324
7.767
7.310
12.534
4.457
9.013
7.638
11.694
14.612
15.380
9.114
8.186
8.311
7.205
9.653
4.177
8.403
9.127
4.687
5.348
10.331
7.658
4.486
9.031
10.817
5.187
6.492
8.001
5.258
7.427
9.129
6.310
5.100
1.328
9.849
5.109
3.159
8.619
8.859
9.423
9.173
7.604
7.807
10.009
2.516
7.203
6.423
5.478
7.047
14.144
7.446
4.550
3.198
7.812
7.114
7.197
7.630
20.020
6.377
11.616
11.648
5.806
10.479
12.731
4.869
6.154
10.712
4.032
3.721
4.851
7.519
11.792
7.419
5.540
7.668
4.169
5.302
6.145
6.942
7.633
6.529
9.678
10.195
12.023
7.276
6.091
10.459
8.268
7.291
9.671
7.763
9.483
7.556
8.762
10.907
9.158
8.650
9.585
11.923
5.799
5.306
16.137
9.390
11.122
7.379
4.617
8.310
8.603
13.785
6.100
3.472
3.292
13.327
9.866
8.479
10.524
10.859
8.385
8.356
3.969
5.822
7.635
9.518
8.162
13.543
8.145
9.633
7.550
9.920
6.459
7.528
2.444
8.512
11.371
8.425
6.789
4.197
10.838
5.802
5.504
4.756
12.202
1.865
5.724
7.430
10.790
4.802
5.593
5.110
6.378
4.722
4.888
7.356
4.380
5.685
7.394
10.190
8.358
6.177
5.959
10.073
11.401
11.465
5.754
5.825
10.033
6.647
11.975
8.207
7.005
6.088
1.244
5.940
3.765
4.927
10.324
7.116
6.671
3.749
1.790
8.150
8.136
9.937
8.152
5.262
13.131
7.053
11.144
6.792
7.709
1.582
8.286
6.683
8.688
7.022
5.280
10.373
13.469
8.082
10.897
5.645
11.700
8.038
5.814
3.917
5.745
7.079
5.456
11.508
5.332
5.548
4.527
7.855
4.839
5.713
9.442
10.233
5.989
7.087
2.064
10.609
6.820
3.412
11.739
4.625
5.961
10.265
6.023
6.028
9.654
4.866
8.346
7.752
5.032
1.858
16.141
6.273
12.453
7.812
3.981
9.421
5.884
8.357
1.546
7.532
12.226
4.582
9.204
7.271
6.067
8.567
4.295
8.863
5.528
3.483
3.276
4.102
6.124
14.738
3.924
9.177
10.968
4.770
1.441
6.977
8.375
4.551
1.502
6.021
2.572
4.187
7.906
8.141
9.476
7.787
8.942
5.059
4.595
8.721
8.492
5.932
4.715
8.666
9.885
4.735
4.993
3.665
5.095
8.187
13.142
11.273
8.460
10.126
5.512
3.768
6.890
7.793
5.845
8.203
7.354
1.508
9.967
5.962
5.202
3.850
8.070
3.749
10.468
9.180
10.741
7.573
1.920
13.898
5.566
1.347
11.519
5.159
13.710
13.309
5.521
5.850
8.243
4.404
8.382
3.401
7.513
8.162
1.570
8.645
10.650
10.800
9.380
4.179
17.174
5.399
2.908
5.188
13.646
8.448
6.196
5.831
11.416
9.352
5.565
6.330
5.011
6.623
5.343
3.790
7.144
7.340
2.978
6.445
4.465
9.184
11.119
5.752
6.484
6.525
5.992
4.920
11.778
8.181
4.676
7.175
5.379
10.154
5.957
5.554
5.400
12.193
7.301
14.481
8.371
11.367
7.935
6.081
4.915
7.239
9.394
1.765
4.803
10.281
7.288
5.619
1.859
5.387
9.466
1.548
6.555
6.880
6.166
9.170
6.459
7.869
5.477
6.309
9.708
4.508
7.388
3.644
4.578
13.771
5.951
10.763
12.515
4.682
4.854
11.296
8.935
5.460
6.621
7.367
8.234
5.641
5.947
4.271
6.692
4.481
6.982
5.206
7.777
8.696
4.481
3.345
6.147
7.371
16.320
8.251
8.394
1.485
8.423
13.387
5.336
7.070
11.895
8.834
18.846
10.440
5.993
13.376
5.523
3.401
9.949
10.315
6.302
5.840
8.744
6.914
9.525
8.316
8.938
6.257
4.969
1.419
10.267
8.711
4.281
5.847
4.285
5.607
3.989
6.261
7.506
11.463
9.813
5.760
5.728
8.923
5.165
8.550
3.275
7.094
6.658
6.061
5.117
8.133
4.726
5.446
6.359
8.343
6.007
8.737
5.162
6.596
7.477
13.893
9.228
6.282
11.970
1.655
6.284
4.469
4.930
6.063
6.047
12.359
2.599
5.447
4.028
4.259
8.283
9.764
5.380
8.543
6.693
9.784
6.733
2.133
1.475
9.308
3.009
5.467
9.777
14.813
4.169
6.019
4.613
6.274
7.328
7.428
6.602
6.933
7.957
6.374
5.749
7.605
8.231
11.320
5.686
4.295
4.970
9.384
12.208
10.303
5.200
5.521
8.065
8.388
15.981
9.112
6.936
6.219
4.049
14.124
6.102
1.598
13.078
5.710
5.191
14.801
5.560
1.589
4.114
7.494
8.819
9.779
5.336
11.391
7.438
7.253
5.631
8.060
6.231
7.413
8.244
12.512
3.813
9.498
1.646
10.841
6.238
7.129
6.716
8.482
11.218
5.092
14.476
8.247
7.106
4.214
4.411
8.783
4.117
6.976
5.606
4.704
8.653
5.423
7.120
9.599
9.407
6.310
6.575
3.675
12.369
5.846
8.014
8.602
9.151
23.909
6.969
7.829
8.699
7.047
6.579
8.893
8.156
9.720
7.370
5.080
10.561
3.299
6.187
7.363
8.430
10.452
1.469
5.423
8.016
7.698
9.563
8.740
14.327
4.142
7.550
14.977
8.272
9.590
6.275
6.489
8.918
8.379
12.582
5.903
4.395
5.495
7.745
1.573
6.289
7.770
7.479
2.847
7.580
4.396
4.493
8.337
4.363
9.124
8.124
14.689
11.358
11.527
8.913
10.391
5.925
9.335
6.206
13.550
10.488
8.829
4.910
5.653
1.819
5.699
7.166
5.571
8.671
8.323
12.480
9.738
5.468
10.061
1.788
9.661
6.011
9.763
5.409
4.280
16.557
6.990
6.535
8.069
4.464
7.353
11.453
11.796
6.115
4.452
6.912
4.159
10.816
6.922
10.193
8.958
5.070
8.670
4.967
5.076
6.516
6.505
8.768
11.147
4.371
11.663
5.713
5.735
6.409
6.814
6.453
6.893
4.302
8.072
10.525
4.890
4.362
6.924
14.183
8.318
9.079
3.295
7.687
7.178
5.562
10.730
4.351
10.829
7.057
10.926
9.189
3.809
4.247
9.554
9.701
10.809
6.208
4.871
8.574
6.272
6.709
7.536
11.502
7.097
11.401
4.682
6.618
5.823
6.434
7.404
11.100
3.838
15.671
1.675
8.003
5.300
11.869
5.657
10.973
7.533
9.199
6.896
10.219
6.152
15.610
8.791
8.143
4.877
7.834
3.982
10.060
8.590
9.800
6.832
8.581
6.562
4.764
3.702
8.730
9.980
9.711
8.420
9.356
8.020
7.462
9.969
9.900
11.939
10.900
8.497
7.150
4.811
10.792
8.011
7.831
12.596
10.641
13.238
9.779
8.187
4.929
7.146
11.191
8.261
5.791
7.185
8.644
11.381
10.694
6.839
8.447
12.468
6.371
8.990
6.242
4.242
18.522
8.602
14.207
9.285
8.348
6.251
9.088
7.346
7.706
13.964
11.827
15.523
5.867
7.337
12.454
9.073
18.067
7.567
6.284
5.479
7.525
6.692
5.809
8.328
13.974
6.993
6.322
9.089
13.386
2.875
4.269
14.821
3.973
5.035
11.399
11.224
7.470
12.385
6.906
7.645
11.144
6.915
9.192
8.901
5.120
7.568
10.392
7.713
8.579
4.611
3.405
7.542
12.642
12.425
8.474
6.442
13.197
8.078
9.105
13.418
7.333
5.536
8.917
4.820
13.535
5.298
13.144
8.507
6.306
17.539
6.332
10.665
4.350
4.019
8.074
15.787
14.365
7.843
8.146
10.236
6.882
8.752
11.279
9.407
10.231
8.750
6.882
9.819
11.560
4.590
15.962
11.088
11.420
9.934
8.499
3.452
6.740
3.823
10.833
6.418
2.953
6.273
7.479
14.556
7.635
6.939
7.384
5.093
10.013
12.491
12.252
9.831
16.021
8.464
13.385
6.511
12.080
10.149
7.763
13.189
7.989
4.417
1.416
4.110
12.334
5.574
7.514
6.199
6.442
3.559
4.107
13.275
16.358
3.537
4.567
11.903
5.270
12.814
4.070
4.372
11.260
23.528
8.902
12.468
7.910
3.987
9.732
5.215
4.915
9.018
10.958
3.291
4.114
4.681
5.707
6.954
6.176
2.292
4.368
12.194
7.409
9.248
6.298
7.745
5.087
5.984
7.752
10.984
9.131
6.535
4.713
13.431
4.934
9.673
7.309
8.335
8.625
7.786
4.372
7.760
4.376
8.898
7.085
7.917
11.078
10.804
6.246
20.302
14.229
6.208
6.427
8.501
8.340
9.248
8.776
4.121
8.585
6.083
1.350
10.008
8.166
6.508
6.516
5.257
5.848
10.667
4.687
14.719
12.449
3.139
9.853
6.822
17.539
7.215
3.498
9.801
1.555
10.816
11.330
10.920
7.747
8.470
11.239
12.099
2.816
4.799
12.756
11.141
10.400
11.795
14.407
5.330
11.046
6.559
6.126
9.279
10.315
7.147
9.617
8.896
10.823
10.484
6.011
7.687
10.824
4.463
17.834
6.757
7.781
3.188
15.201
14.099
7.618
11.991
8.864
11.032
7.769
4.841
5.635
9.794
12.065
7.271
13.782
5.574
8.028
14.736
13.070
24.754
6.502
7.518
10.303
4.964
11.092
7.251
10.658
6.663
10.915
10.691
6.391
12.131
7.878
13.102
12.605
7.113
15.737
14.302
8.194
7.390
7.633
6.692
15.113
12.810
8.415
10.431
4.022
4.240
10.434
4.298
4.792
11.253
1.502
8.936
8.233
8.236
10.816
15.751
4.001
7.548
11.959
14.500
7.805
16.365
6.512
9.099
4.435
4.040
13.555
13.461
6.225
5.973
7.747
6.393
9.744
9.858
10.963
6.199
9.441
1.833
7.587
5.068
6.834
9.260
8.054
11.123
4.744
12.374
9.346
13.866
10.609
5.210
9.951
17.292
14.647
12.349
9.219
10.067
13.255
6.523
13.847
8.222
3.724
8.001
12.765
11.506
10.480
9.811
9.388
8.889
4.644
12.335
10.423
5.073
14.058
6.397
18.036
6.370
10.898
8.012
8.916
10.931
1.407
4.787
9.865
11.402
5.882
19.045
8.652
8.873
9.709
14.451
6.625
12.144
10.546
6.440
13.060
10.676
7.280
19.866
7.052
12.157
8.549
5.094
9.087
11.773
8.062
7.214
11.874
14.376
10.099
10.296
12.601
17.235
5.407
10.611
5.916
8.976
6.439
15.619
7.595
9.536
4.641
21.528
11.192
10.105
10.649
6.364
13.917
9.160
7.677
14.496
6.039
12.927
5.784
5.450
6.231
8.621
6.765
9.703
15.164
8.910
6.899
8.008
10.807
8.996
13.035
14.504
6.807
11.517
3.299
7.682
8.612
3.558
12.392
5.784
8.438
16.319
6.010
13.611
7.307
6.197
13.391
15.277
7.575
5.968
14.912
9.826
5.109
4.656
8.827
9.859
13.212
13.110
8.995
15.534
8.655
11.960
6.143
8.396
8.465
9.971
9.247
9.033
6.301
17.853
13.210
9.210
16.734
10.069
11.132
10.375
9.808
14.236
11.128
13.947
11.259
8.824
14.171
11.438
7.372
8.121
13.432
1.725
4.779
13.999
6.742
9.762
7.352
5.836
4.517
16.978
9.124
10.374
7.678
13.488
10.202
14.350
17.145
11.516
10.843
8.953
5.463
16.948
7.266
13.017
8.717
4.840
4.001
6.782
7.465
11.056
9.541
12.531
5.007
15.185
10.684
9.286
10.191
6.486
13.363
7.491
12.979
5.198
10.514
19.757
7.972
8.950
9.278
13.990
7.250
5.426
13.105
7.298
15.592
6.664
11.936
9.114
8.613
9.120
10.527
10.361
14.004
8.977
3.149
10.446
4.342
9.356
8.439
11.338
8.029
8.957
7.378
5.727
13.843
14.218
18.889
10.512
7.958
21.913
10.247
10.234
13.183
1.748
6.773
12.988
15.855
8.636
12.894
9.146
11.940
11.580
8.302
13.639
12.745
6.914
7.520
9.983
9.057
7.846
14.026
8.164
14.097
13.782
5.040
1.468
12.099
14.166
7.338
15.298
10.449
4.277
11.593
6.640
3.022
6.176
7.888
6.780
8.334
18.858
17.072
15.343
8.304
11.473
16.328
12.591
10.056
12.480
6.533
15.086
7.778
6.948
9.285
9.804
15.637
3.913
14.488
17.913
10.459
11.172
6.653
13.607
6.695
8.923
5.169
7.321
5.958
6.776
20.232
8.507
4.954
15.341
7.853
11.983
1.579
7.117
12.148
4.698
8.848
8.726
9.657
6.946
5.405
8.948
3.406
6.719
11.586
5.525
8.973
18.855
13.458
6.152
13.786
5.341
5.561
9.172
11.841
14.463
14.916
12.723
7.026
9.838
6.413
7.407
10.152
7.549
14.593
8.595
6.756
21.194
13.351
15.567
13.135
10.897
4.930
10.597
9.925
14.838
16.934
15.176
12.479
11.663
4.756
8.081
18.938
11.763
10.852
8.121
5.615
18.028
10.755
13.275
18.394
9.830
10.720
11.896
4.273
11.980
12.156
11.367
10.086
9.441
9.366
17.715
11.910
6.238
1.915
1.759
19.296
7.315
16.589
17.529
10.833
13.027
9.334
4.839
8.266
6.620
6.512
8.637
8.306
11.714
10.359
20.125
10.413
12.117
13.248
10.129
5.639
19.996
7.463
13.782
10.969
6.281
3.756
4.225
14.283
10.794
3.936
12.479
21.865
16.025
12.556
17.084
17.418
13.390
5.406
12.572
20.488
10.083
7.841
6.350
7.913
13.485
18.764
22.183
13.723
13.238
15.112
8.359
7.303
6.706
12.150
17.484
19.277
16.637
12.109
12.656
13.570
5.802
19.429
13.266
6.663
11.217
14.295
7.625
11.519
7.917
14.115
8.623
7.392
8.729
9.555
15.015
11.187
6.257
16.263
16.498
10.177
12.500
7.554
15.409
5.975
10.733
10.456
7.590
1.603
15.231
1.197
8.135
7.387
12.627
9.164
7.405
12.132
17.974
12.554
13.937
9.719
10.254
8.650
14.919
17.400
8.508
12.993
12.728
19.308
7.245
7.510
10.685
4.667
7.263
15.997
7.641
10.425
9.006
11.579
8.113
21.689
4.216
11.300
9.142
8.754
5.794
14.683
8.507
9.512
5.406
7.772
11.992
25.214
6.131
12.860
20.071
10.086
13.324
14.641
7.307
15.720
12.138
9.682
16.979
17.886
7.868
11.061
11.453
11.531
16.593
10.482
8.172
19.197
20.477
13.467
11.217
12.257
12.666
12.548
11.906
15.845
17.671
10.034
8.286
17.787
8.970
10.254
13.403
18.145
10.660
9.347
6.168
6.229
18.766
11.832
5.214
22.061
14.577
11.358
19.942
15.371
13.445
9.596
8.373
13.117
10.096
22.802
9.148
5.959
16.629
8.051
12.567
5.419
9.238
12.357
10.986
12.024
13.221
14.531
8.185
4.735
8.770
5.959
13.630
18.397
6.533
6.947
12.859
10.979
11.318
10.395
11.257
10.953
6.321
16.461
17.179
9.634
11.146
12.167
10.674
23.082
10.675
11.789
9.525
4.066
7.545
8.904
11.454
7.190
13.194
11.342
13.522
11.387
5.761
10.596
7.289
23.607
9.464
15.059
10.451
8.609
11.402
6.348
6.539
13.935
7.065
8.542
5.288
12.788
23.019
11.204
7.552
9.224
6.918
7.610
19.820
23.450
14.586
10.223
17.515
10.584
6.554
19.460
8.289
6.238
7.833
9.248
9.851
4.808
11.610
10.546
21.613
7.646
15.866
16.622
13.764
13.234
18.907
9.201
10.286
10.810
8.546
10.773
8.546
13.050
18.944
18.537
4.147
11.409
8.795
6.139
14.159
17.704
8.394
11.850
10.696
26.296
23.579
7.130
16.472
16.698
14.327
12.517
13.649
8.841
14.117
14.506
17.059
14.158
5.888
17.655
6.434
5.662
13.392
16.648
3.343
10.330
11.837
16.485
14.334
18.698
18.473
8.512
14.293
4.060
14.994
24.516
11.243
8.622
11.473
16.565
15.365
15.724
15.784
19.700
11.402
13.424
10.234
4.805
12.649
10.009
16.071
10.829
9.066
7.080
12.304
14.241
8.887
12.946
16.913
19.680
12.506
12.517
5.189
15.809
4.643
7.307
10.396
7.384
14.486
5.935
10.759
8.301
23.247
11.412
21.681
11.257
23.003
5.972
6.152
12.861
20.946
12.481
14.585
9.321
13.854
9.497
13.813
8.993
13.400
15.795
11.815
9.576
10.998
12.822
18.377
10.689
14.570
7.127
6.342
5.544
19.588
24.885
10.887
10.578
11.360
8.666
11.632
19.828
10.854
8.995
10.737
17.056
16.430
11.419
21.432
11.603
14.019
18.765
12.132
7.248
8.972
18.133
9.779
10.147
12.178
7.958
13.846
9.607
7.587
11.074
11.890
25.694
9.244
12.008
16.674
7.702
17.116
12.311
6.631
6.508
10.047
7.470
6.490
8.143
10.807
7.870
6.370
17.564
18.967
8.222
6.732
16.448
15.926
24.791
24.060
10.252
12.352
11.486
12.127
9.918
11.662
7.989
18.359
17.370
13.027
11.041
12.037
12.673
14.475
2.885
6.699
10.436
8.059
8.512
20.681
12.301
15.695
21.722
17.827
10.287
9.496
20.501
9.507
9.952
15.548
20.390
14.935
22.933
17.600
7.261
21.970
12.062
6.059
16.613
11.242
6.660
18.750
16.466
8.644
6.061
10.340
6.620
16.880
16.953
7.547
14.581
9.779
7.688
15.670
11.738
15.476
15.320
13.779
10.268
5.110
10.776
9.491
12.543
11.646
7.241
6.458
13.263
9.434
12.292
18.593
12.115
4.906
6.894
15.926
20.414
10.708
10.283
7.935
18.857
7.069
25.705
18.247
15.069
12.197
6.114
15.281
9.941
7.708
11.232
17.552
15.678
18.252
8.365
14.859
21.158
19.263
18.301
5.841
5.899
8.955
23.266
14.126
14.940
13.715
19.713
5.636
11.939
7.503
9.422
13.521
13.412
18.110
17.546
13.393
9.668
7.662
18.207
18.258
12.165
13.768
7.741
8.585
8.045
7.009
5.110
8.800
4.254
12.845
11.517
25.342
12.688
9.988
15.524
12.726
26.705
8.304
11.525
12.080
9.817
8.820
14.526
12.664
11.960
7.628
16.985
4.670
4.233
9.496
12.393
10.027
7.718
8.165
9.486
10.978
6.627
7.667
16.271
10.165
19.919
12.964
12.231
14.804
15.745
10.501
13.270
8.643
12.693
7.086
13.548
9.292
12.498
10.914
15.432
8.240
6.511
15.287
16.702
13.230
10.858
11.422
7.175
13.550
7.859
15.993
15.134
7.621
7.586
13.860
8.173
9.007
8.797
13.061
10.575
9.763
10.373
20.371
6.297
10.888
10.771
11.810
12.131
13.592
20.025
17.797
12.242
15.038
12.354
6.409
9.281
10.754
4.077
10.231
9.834
10.409
24.637
10.920
10.590
16.181
13.466
5.506
19.190
7.998
12.467
14.782
15.202
11.992
10.773
26.538
14.793
20.926
8.688
13.722
8.304
16.722
9.489
9.517
4.071
14.655
6.463
7.800
6.524
12.524
14.814
17.688
17.591
17.641
15.152
8.083
6.483
8.559
16.597
13.879
12.791
4.967
18.293
8.890
15.276
13.711
7.597
13.697
21.870
7.203
12.035
8.128
24.373
15.709
6.388
9.443
25.389
26.699
10.690
22.801
8.277
8.607
22.305
11.253
9.785
12.430
16.047
10.492
18.873
10.225
21.201
13.121
5.232
13.050
18.084
4.659
15.931
12.777
11.675
18.781
15.577
11.966
12.074
24.023
12.427
17.617
8.944
24.310
5.440
20.956
11.069
5.344
13.950
15.633
14.284
7.536
19.140
20.826
10.543
10.798
11.445
21.602
13.470
19.057
6.685
15.097
11.681
22.022
9.914
18.233
11.819
12.524
14.737
13.829
18.974
10.650
10.576
17.157
22.145
9.379
17.570
9.192
14.324
16.734
14.505
12.759
13.078
15.799
15.566
20.349
9.775
15.665
12.349
14.220
11.986
10.832
11.077
16.184
13.162
17.321
13.293
17.461
13.599
8.728
23.899
11.414
9.934
12.513
13.495
15.747
15.507
12.549
7.173
15.880
12.641
15.744
3.756
9.989
8.315
19.098
13.626
19.022
5.018
18.661
11.092
13.725
9.221
12.885
14.132
19.349
8.462
8.396
10.627
16.160
22.066
11.480
7.493
26.536
14.694
19.576
11.238
13.553
12.851
10.056
16.583
21.530
13.723
10.845
22.835
19.352
22.413
11.773
7.702
20.508
24.732
10.170
13.506
11.914
8.253
14.282
22.899
18.037
15.042
13.832
23.909
11.489
13.370
7.159
27.647
13.632
11.345
10.803
12.489
10.999
10.814
16.140
23.674
20.191
8.791
7.729
13.371
17.907
9.010
11.797
8.359
8.209
11.229
15.237
25.152
9.196
7.654
8.744
12.020
10.633
17.843
8.387
14.559
13.032
12.580
9.192
31.479
10.538
14.800
8.293
25.278
14.687
11.224
5.079
18.539
11.198
13.642
14.385
10.631
5.679
13.680
19.262
24.851
7.419
25.970
7.439
22.745
17.718
13.757
13.032
9.915
22.124
21.625
17.880
20.122
21.987
13.949
10.169
16.499
16.621
15.143
9.032
18.500
13.810
4.002
23.928
14.400
10.054
27.495
13.192
18.068
16.394
14.168
18.323
23.449
11.730
12.412
10.795
22.166
10.604
17.748
16.923
20.670
22.136
17.232
8.388
14.150
15.449
22.529
18.812
17.875
6.889
21.688
15.265
21.565
15.395
5.375
14.206
20.516
15.824
15.660
14.380
11.877
13.680
17.024
22.823
18.404
19.870
13.195
18.565
11.452
13.135
10.585
13.059
15.565
10.897
14.287
14.963
3.369
26.740
6.400
6.077
20.861
13.813
14.872
16.961
7.820
14.606
19.385
13.283
34.533
15.311
11.695
16.602
20.681
6.442
19.099
17.799
7.249
21.840
1.506
11.586
20.810
12.701
16.874
24.181
22.397
5.430
23.597
22.347
18.257
3.225
18.484
20.360
9.263
13.091
9.475
22.258
19.065
3.518
13.350
7.961
7.191
18.110
17.867
18.749
13.451
7.585
25.056
12.995
11.600
6.181
13.775
17.589
13.515
23.463
7.663
9.767
23.119
20.503
27.025
16.835
19.735
13.020
16.305
7.371
19.122
19.938
9.548
30.209
9.544
21.433
24.493
16.603
17.613
16.839
18.236
27.932
10.110
19.284
20.007
23.315
3.779
12.041
14.588
20.453
10.077
15.780
10.980
5.595
16.073
23.677
15.573
13.656
27.439
18.413
25.921
15.661
20.821
11.261
7.658
14.521
21.329
17.056
27.152
20.725
20.450
23.031
12.242
16.907
18.836
11.309
9.380
19.072
23.086
19.490
22.363
12.804
22.131
16.763
198.747
21.460
18.766
18.104
6.871
17.283
19.720
12.551
11.087
16.748
17.918
13.846
19.769
16.913
17.975
20.477
15.441
37.323
12.619
16.559
22.872
9.421
27.258
19.573
21.091
19.086
14.395
16.130
14.127
14.540
11.796
9.826
19.149
20.833
10.924
15.747
10.389
9.258
8.541
26.431
9.460
8.958
14.054
23.102
25.065
7.426
14.482
11.420
17.885
16.090
15.045
26.929
29.617
16.082
20.447
14.941
25.511
16.333
13.980
16.920
12.402
23.045
28.639
26.454
23.855
29.590
10.524
5.647
11.548
23.316
10.260
18.720
14.146
17.861
8.889
9.337
23.672
8.929
7.251
16.938
19.069
15.775
14.920
25.458
9.358
21.167
15.632
4.894
13.658
21.067
26.276
13.475
13.533
22.948
6.380
7.950
28.862
23.526
16.897
12.003
24.002
10.275
12.926
30.765
27.376
9.571
16.082
19.699
7.284
21.909
14.815
12.447
17.896
17.762
21.508
22.031
14.213
24.454
8.177
16.343
25.004
8.233
18.827
14.389
38.720
11.782
15.317
26.699
22.206
35.708
17.295
14.886
14.002
23.138
26.373
15.686
23.604
14.521
20.775
27.163
22.265
13.134
21.512
22.327
33.253
24.147
32.546
9.306
17.001
27.906
23.402
10.933
17.489
13.643
20.704
20.155
22.867
33.143
18.828
13.400
10.586
10.692
14.655
27.373
13.515
22.615
23.288
21.797
13.889
16.643
15.423
18.669
27.274
12.558
17.492
21.535
10.194
17.920
103.481
24.048
30.109
9.021
26.846
21.735
25.872
19.894
9.120
25.251
21.649
20.365
24.829
24.335
11.960
15.238
24.563
12.202
13.923
9.113
15.155
27.599
29.524
17.239
16.322
20.335
9.386
13.411
38.348
17.092
24.151
21.561
17.724
25.952
15.426
20.233
26.125
16.884
26.091
8.149
18.832
23.759
23.040
18.300
11.632
13.094
26.773
17.290
23.373
17.867
30.561
4.647
11.013
16.671
10.461
26.118
25.006
12.811
29.072
25.134
20.898
7.246
21.295
24.020
19.307
16.739
25.044
16.199
12.764
33.240
17.141
29.721
19.857
18.830
7.437
14.039
11.969
11.313
18.770
23.701
17.718
21.901
19.497
12.617
20.313
30.748
26.568
24.233
34.043
28.532
6.474
17.051
22.116
27.422
9.204
33.032
19.648
19.447
29.308
24.706
23.595
14.036
17.051
20.269
30.998
30.100
34.068
29.462
20.964
17.638
21.843
14.372
27.031
11.924
11.074
16.781
10.109
7.216
14.588
24.936
28.003
32.718
12.877
43.100
9.396
19.087
18.188
22.365
33.514
31.542
33.414
6.060
10.901
41.334
9.267
20.705
11.507
19.968
24.585
24.993
5.133
24.994
3.573
16.658
36.150
27.176
18.614
27.270
35.125
15.651
11.893
13.340
23.897
22.069
29.701
22.931
22.819
24.280
19.042
19.457
9.361
19.403
19.659
20.569
24.801
28.261
8.127
30.464
16.575
32.620
20.684
10.728
17.900
22.322
10.659
19.298
18.269
16.845
12.824
15.123
27.131
24.213
9.765
25.347
18.489
31.103
32.071
26.522
20.747
11.053
32.305
23.553
16.095
12.298
26.887
7.708
27.662
17.193
13.971
24.666
19.380
14.500
19.956
18.706
27.484
13.907
18.972
15.687
9.837
32.823
19.554
22.713
17.644
37.802
38.676
17.793
10.525
31.145
14.429
30.839
21.352
26.141
18.539
27.874
23.251
21.475
26.394
14.932
9.096
29.336
7.693
20.703
32.919
31.152
28.276
25.362
22.350
25.676
18.183
21.723
19.332
19.562
21.678
19.532
16.837
12.170
30.342
34.904
24.589
22.998
12.200
25.887
12.902
30.444
17.782
25.878
17.275
17.972
35.008
16.011
26.314
18.440
42.994
14.944
5.313
48.310
24.120
35.356
28.842
25.684
26.136
36.355
16.712
17.910
33.422
42.053
23.804
18.721
16.412
22.038
12.729
26.501
5.256
36.348
36.945
33.813
30.980
14.074
21.541
31.513
16.118
36.997
12.960
21.147
33.323
17.204
9.293
27.066
31.726
32.488
3.415
9.699
30.529
7.721
10.006
41.135
27.590
12.513
26.824
13.661
17.033
13.481
36.933
16.837
43.505
36.359
18.009
26.282
32.875
18.216
26.559
34.286
14.959
18.609
14.336
27.881
35.242
16.138
20.328
33.443
21.962
32.492
11.537
14.137
26.060
17.981
27.357
27.426
20.091
20.752
16.614
25.061
17.879
22.288
30.153
34.581
27.418
36.887
27.554
27.519
12.468
17.963
35.809
16.922
31.216
22.078
17.239
33.729
22.195
17.489
23.524
21.100
23.867
29.687
17.704
17.202
26.476
30.134
19.410
35.761
34.946
18.389
29.479
38.419
11.295
30.152
17.349
18.685
18.671
16.180
27.352
23.928
9.457
30.194
22.017
11.507
25.451
12.011
23.025
19.664
22.346
34.677
25.812
42.954
33.177
35.096
17.151
20.186
53.319
24.081
28.713
33.313
18.666
22.518
27.868
17.175
24.553
19.731
28.678
20.401
19.842
19.262
31.188
11.838
29.582
14.499
21.514
11.221
36.545
21.428
26.014
5.391
45.741
25.889
11.071
20.965
26.102
8.196
26.040
27.395
23.356
37.147
36.393
30.262
22.373
30.796
24.789
27.737
22.017
36.319
30.510
26.483
27.080
14.337
21.727
29.548
23.206
12.912
21.210
32.100
28.054
18.652
25.457
25.096
40.891
36.751
24.077
10.791
38.419
19.454
14.169
33.750
17.171
8.187
9.967
30.037
13.835
6.822
29.582
17.662
23.245
21.999
16.792
15.624
12.950
22.384
40.340
28.665
32.048
17.878
21.066
36.284
31.222
9.891
25.765
16.785
22.072
13.179
27.007
25.637
27.562
33.357
13.966
16.377
6.752
15.976
9.676
18.199
35.985
31.378
26.274
29.919
29.553
29.681
26.438
19.140
45.948
15.901
23.894
19.311
22.999
25.764
16.371
14.687
45.890
46.089
23.055
23.396
33.452
33.578
21.545
25.311
15.825
35.505
13.290
26.872
9.969
14.968
18.974
4.999
27.817
35.416
25.186
21.855
15.623
19.648
16.419
190.646
16.519
17.200
27.278
32.890
29.291
38.884
28.225
19.912
26.648
23.290
21.309
26.935
7.914
9.922
33.442
36.145
25.393
20.200
18.246
42.387
20.923
33.251
32.852
18.352
13.816
37.714
21.875
26.646
35.919
12.967
8.071
22.570
23.267
19.181
37.876
33.596
35.516
30.885
20.703
24.057
33.661
29.911
37.371
37.259
10.190
24.350
12.331
36.464
30.853
21.954
12.150
36.576
24.310
21.407
12.037
134.723
33.689
37.060
31.188
33.198
45.234
51.515
26.442
40.304
12.732
38.947
28.847
43.696
31.076
12.513
18.369
51.981
26.170
22.435
22.849
30.363
18.952
19.908
18.272
23.889
17.311
38.299
17.272
10.757
10.844
41.436
26.848
55.222
30.722
43.165
31.237
22.208
26.272
26.031
35.217
27.008
31.908
19.589
17.416
30.423
34.968
27.284
31.957
40.062
35.744
28.206
40.603
29.671
33.362
41.672
35.072
19.521
26.175
16.649
33.929
21.098
37.061
14.280
20.343
16.290
12.465
24.511
21.647
30.330
13.662
13.961
19.308
21.309
21.436
5.846
42.335
37.592
41.839
14.986
18.334
39.139
25.224
32.432
25.378
23.898
45.771
23.580
17.596
29.095
27.395
20.617
22.575
20.768
13.798
37.871
20.518
25.265
17.972
17.273
25.663
27.527
53.364
47.123
41.555
45.280
17.293
45.503
24.158
32.354
36.234
41.468
37.686
30.597
31.545
39.773
17.080
39.729
27.530
23.530
24.316
39.512
35.339
16.883
31.109
48.178
36.608
43.551
29.822
29.055
36.183
22.970
7.403
41.858
21.174
30.783
27.029
43.964
27.915
52.010
22.976
27.928
21.854
43.931
20.913
17.919
38.654
6.136
32.543
30.321
21.671
15.056
33.400
23.797
14.453
19.500
16.005
41.797
26.190
28.674
22.601
37.401
17.932
19.701
288.667
22.470
24.983
50.080
23.649
30.108
55.335
26.721
18.241
44.803
20.759
29.755
33.800
27.035
33.507
53.549
27.495
16.043
37.059
19.936
25.883
29.582
21.082
40.733
31.246
29.881
23.061
52.512
47.517
22.163
35.872
26.296
36.043
48.863
30.840
31.180
16.884
24.022
38.179
41.084
29.185
32.700
21.885
10.591
26.912
26.917
23.652
11.411
42.798
38.074
18.312
30.875
60.011
23.549
45.157
53.165
18.437
40.047
50.867
32.176
28.109
49.501
27.141
36.943
25.822
56.592
22.318
23.776
11.524
33.997
22.153
42.324
15.525
22.145
34.727
26.508
36.602
21.483
34.753
10.046
24.539
30.143
35.560
19.379
40.870
20.330
41.755
20.162
41.668
26.684
37.844
34.178
37.892
24.527
30.510
20.634
37.278
33.619
55.501
19.944
26.662
24.248
28.519
41.558
7.924
52.918
24.695
34.182
20.354
18.952
20.680
24.628
31.831
29.584
13.790
24.730
31.966
38.164
36.622
40.100
27.325
21.009
13.458
21.600
22.204
19.372
26.522
25.190
24.363
18.387
46.928
25.149
31.846
30.899
22.154
12.591
25.549
58.895
21.821
37.947
55.488
17.266
13.732
36.273
27.919
41.122
47.502
15.976
19.475
36.062
43.690
27.718
27.390
14.609
25.870
28.755
22.512
47.470
30.601
45.420
33.658
20.917
25.019
22.019
30.420
25.905
26.376
25.166
16.437
31.097
13.185
13.602
32.344
22.152
28.973
32.124
9.967
18.826
29.553
35.462
16.273
13.790
41.652
27.070
20.268
28.542
201.813
31.216
15.109
22.095
336.993
29.635
40.997
22.005
23.037
28.470
60.035
10.856
31.735
42.031
32.062
18.833
47.377
22.322
21.151
25.673
24.792
31.682
20.766
28.971
26.484
41.105
16.027
61.862
12.395
70.013
58.677
32.210
29.604
37.571
26.140
38.331
15.446
37.035
34.111
25.038
47.315
25.535
64.601
32.868
34.026
22.434
25.433
10.439
41.723
26.822
26.886
50.715
20.857
50.377
57.326
120.804
11.865
50.859
32.084
26.323
28.466
32.506
10.485
28.647
54.956
30.238
36.274
45.417
16.156
43.593
21.124
26.857
51.074
29.356
17.260
22.213
37.144
13.695
22.115
43.298
19.147
20.866
38.227
32.813
26.409
20.426
28.587
10.993
47.693
298.581
10.585
55.207
23.513
19.854
17.214
50.324
53.873
23.031
38.000
29.329
15.122
17.094
30.073
35.656
17.328
13.908
47.990
49.111
43.219
33.212
25.643
20.984
15.827
28.132
42.446
20.125
31.267
49.356
38.380
24.891
16.065
44.149
12.900
40.349
12.044
22.674
19.322
28.561
20.752
20.436
40.533
41.609
19.648
16.619
10.940
17.858
20.692
9.482
33.970
13.036
12.068
36.360
26.452
42.962
15.665
32.148
19.126
330.799
25.720
31.383
38.483
47.429
31.836
49.462
22.053
35.656
47.552
16.047
296.135
7.993
19.921
31.552
44.338
25.109
24.757
33.933
18.223
28.275
49.243
25.013
37.906
28.672
13.923
19.723
18.106
21.277
10.091
22.610
14.348
15.740
27.403
24.888
265.121
35.259
40.058
22.020
13.798
33.349
18.976
3.986
31.636
25.350
208.838
27.702
273.830
5.202
27.864
9.071
42.955
13.393
16.256
25.604
51.019
14.800
36.549
44.412
32.344
29.789
7.412
20.912
293.293
45.625
22.915
10.085
280.184
12.236
8.642
52.746
34.953
25.864
12.592
28.595
22.348
17.482
57.871
36.649
31.069
40.793
12.476
41.828
25.794
29.297
17.501
19.273
26.124
37.407
36.716
14.291
26.851
31.277
37.272
18.976
32.368
13.856
10.023
38.283
17.347
13.583
50.331
61.108
36.936
16.618
11.076
40.985
31.643
44.485
18.128
16.689
30.540
30.882
29.025
36.327
28.344
19.538
245.032
33.775
43.108
39.774
289.878
19.265
20.444
14.029
51.766
24.799
20.376
11.080
42.366
31.801
24.488
55.095
19.749
54.627
12.372
16.608
30.731
30.048
7.280
34.267
13.576
52.144
74.534
53.205
26.111
14.129
42.428
29.410
23.234
14.002
42.855
10.722
24.926
29.525
29.445
16.717
32.690
47.991
20.265
21.961
36.518
13.848
21.189
13.816
365.443
21.152
50.284
31.370
472.583
20.289
4.533
31.186
332.716
15.459
30.331
26.556
291.428
39.602
36.269
12.226
18.444
31.968
35.910
56.399
212.372
20.760
20.338
21.796
44.928
16.698
42.283
35.450
22.950
29.189
45.542
7.309
27.490
19.495
11.051
51.970
38.293
27.683
15.777
22.232
52.002
12.357
18.932
44.801
38.630
426.960
8.498
20.208
57.392
21.037
42.857
19.398
46.453
103.790
21.218
53.090
34.600
40.635
16.496
29.730
12.411
355.541
10.760
45.002
45.288
11.107
36.133
17.013
301.898
14.087
84.349
372.059
27.731
27.270
19.781
10.288
13.918
17.666
20.643
480.872
20.183
43.953
26.258
26.228
43.824
37.119
10.972
101.336
22.922
39.277
30.526
42.867
24.641
51.953
505.610
14.314
37.446
44.565
484.423
139.134
14.035
11.745
427.465
377.042
22.030
443.940
16.058
11.537
28.593
306.480
14.521
15.377
23.988
13.348
13.280
28.144
35.866
26.343
21.342
336.165
17.297
487.813
570.708
19.199
14.557
23.897
27.103
10.695
523.798
1.807
47.144
6.636
15.836
51.609
19.098
28.070
450.442
306.174
16.501
427.539
38.386
11.686
11.944
17.217
11.480
53.152
536.106
27.671
31.034
178.664
51.008
20.177
36.942
33.336
23.591
459.384
13.570
562.957
54.588
484.858
6.037
8.308
298.709
540.636
15.471
32.527
368.849
10.644
9.978
17.889
29.415
15.545
13.140
28.540
679.594
8.924
11.551
301.130
289.645
9.504
7.307
9.822
35.998
23.304
477.161
24.258
20.662
32.400
23.445
523.683
5.633
284.101
294.247
39.607
541.835
23.994
31.549
29.231
17.889
785.037
16.428
29.364
30.737
22.257
22.358
23.414
21.451
589.102
21.690
15.113
22.768
19.082
37.599
427.537
27.215
447.719
39.629
7.162
486.360
335.992
614.893
9.679
16.380
512.188
380.391
297.533
13.663
581.485
48.214
25.151
559.801
508.839
306.715
27.395
12.249
246.294
17.715
11.304
710.892
461.087
509.737
25.724
37.183
616.039
14.212
23.419
25.730
5.502
853.990
9.121
468.627
59.056
21.689
633.837
10.415
9.679
21.277
13.792
34.304
44.406
447.301
35.316
12.822
629.568
324.609
24.757
338.934
18.463
53.824
560.123
11.100
4.957
12.303
32.492
12.462
13.248
40.445
618.305
404.658
24.992
35.344
8.822
32.674
307.963
314.033
11.238
4.845
18.442
29.276
18.307
342.004
14.685
18.783
22.158
8.659
13.778
275.159
43.402
465.915
16.631
14.874
38.676
406.350
32.243
41.537
17.153
11.688
12.309
18.896
7.694
26.051
29.687
15.545
13.213
20.300
27.580
16.781
42.955
58.645
17.528
374.763
38.487
336.916
57.945
333.382
394.336
12.306
18.617
14.095
34.179
626.168
33.489
47.888
12.023
17.912
809.768
12.115
264.194
16.662
53.081
624.964
33.644
479.793
632.461
38.615
10.144
499.084
452.108
21.957
27.436
8.774
387.709
30.036
6.967
21.117
26.701
246.619
531.353
9.475
10.332
11.002
24.312
33.469
10.045
457.720
23.730
25.709
516.079
37.597
345.659
14.997
50.545
602.908
24.788
14.399
18.432
586.933
44.869
629.070
32.131
427.896
426.786
680.155
20.800
565.341
30.126
442.428
15.646
700.419
665.936
7.907
15.457
46.811
7.512
25.670
120.412
9.855
758.304
509.996
703.468
27.592
487.311
517.208
10.886
647.904
801.959
56.216
45.583
523.600
441.792
415.650
152.805
11.366
25.375
11.512
637.426
42.164
29.092
40.602
22.800
761.471
700.971
249.928
10.089
19.325
468.939
254.367
176.748
527.676
836.900
11.183
708.271
692.161
10.484
13.027
5.932
3.746
823.828
654.660
18.771
451.887
18.747
535.350
11.710
896.035
662.506
30.121
734.395
26.387
383.498
35.452
11.848
21.753
20.014
15.673
9.712
429.141
882.453
726.041
15.992
554.846
541.854
17.253
353.668
573.441
325.940
355.957
17.238
23.897
387.260
265.368
487.961
45.653
14.383
42.012
17.820
13.008
54.364
17.824
6.897
23.380
15.172
28.559
768.715
628.144
718.270
14.657
574.642
13.327
19.829
5.881
583.370
17.573
33.953
30.045
39.115
8.217
750.187
523.207
50.407
475.368
26.623
15.133
15.687
50.147
13.992
658.735
39.874
397.916
20.345
681.602
797.211
482.897
27.472
25.491
572.197
19.052
17.042
43.408
12.367
30.450
766.005
3.977
705.088
715.173
15.616
607.666
514.017
6.683
500.363
34.460
33.874
202.353
274.531
29.804
219.800
842.455
354.162
301.898
37.493
61.876
19.094
24.982
38.195
347.377
43.698
35.605
20.386
21.916
710.221
700.705
18.061
15.551
500.317
34.109
23.019
489.843
22.283
689.518
579.190
19.913
37.259
696.899
854.681
13.614
18.033
544.376
540.051
492.084
539.732
466.404
658.351
709.497
10.883
34.212
481.696
25.926
15.943
15.436
10.177
46.307
485.100
537.951
26.784
821.012
24.898
33.919
556.617
472.837
13.086
608.295
770.748
13.871
21.041
655.414
14.985
642.914
701.995
16.195
581.259
21.903
42.544
29.666
17.838
516.038
32.921
544.431
649.694
808.472
30.210
696.998
27.041
11.406
648.238
248.463
12.176
32.138
541.524
25.270
220.147
19.012
25.637
517.903
476.658
479.199
457.081
34.380
22.532
13.943
830.812
472.650
528.385
32.064
18.309
471.664
12.643
169.345
20.314
25.728
61.306
629.574
12.353
581.795
765.349
51.720
33.138
14.717
250.055
590.880
33.024
371.785
16.303
504.458
811.017
34.527
34.905
425.061
595.187
13.913
262.278
910.968
12.754
23.861
17.444
747.319
27.317
433.806
34.522
20.565
17.070
52.111
152.150
14.943
22.434
738.404
464.891
60.017
13.023
387.350
737.139
523.850
563.136
467.726
37.736
17.747
30.959
23.257
477.735
12.592
735.330
18.942
378.764
714.181
43.064
49.769
34.992
32.189
23.540
43.391
17.116
20.238
58.853
42.531
40.581
685.380
16.118
31.746
13.382
21.136
444.495
57.156
377.529
462.221
32.241
795.334
29.663
35.829
738.002
771.120
109.261
12.866
518.069
234.146
28.155
23.384
46.850
584.332
38.500
660.011
21.308
341.974
9.550
524.197
827.180
26.441
15.480
350.294
369.651
34.158
491.751
51.388
673.366
105.720
8.775
24.697
18.729
17.309
25.169
41.062
16.295
29.868
559.091
15.703
659.389
14.605
547.483
772.813
32.732
9.023
57.510
505.879
18.664
8.339
543.186
14.393
62.865
518.538
19.766
33.469
12.372
27.404
5.030
31.456
19.289
29.058
25.321
657.022
629.858
25.307
595.148
478.560
369.336
22.754
562.221
27.415
35.718
15.150
33.146
24.241
404.589
457.405
382.533
41.957
445.673
23.721
11.022
36.736
39.742
409.563
40.518
33.641
28.105
22.362
51.096
39.820
555.691
14.448
14.633
25.196
55.673
25.328
12.852
263.743
397.938
24.779
26.267
131.556
20.099
37.791
13.690
17.431
9.306
15.786
18.564
47.250
14.648
652.505
371.109
386.189
28.160
340.607
15.972
774.959
23.959
53.981
383.632
372.484
383.040
18.765
526.963
395.200
529.732
16.239
315.306
29.673
534.226
15.411
220.551
18.822
601.809
352.046
658.980
497.258
377.910
404.282
36.962
36.503
34.210
4.546
653.377
19.787
701.021
367.062
27.932
9.716
47.138
733.019
458.035
429.974
41.859
15.798
630.889
640.377
342.556
25.112
28.061
16.848
346.679
42.405
668.077
10.151
649.987
18.930
680.016
34.323
590.447
10.016
690.098
535.380
41.935
619.068
493.722
636.237
795.462
15.275
12.186
16.302
30.464
641.749
317.750
291.940
628.647
25.019
102.346
466.985
280.841
666.431
24.225
7.687
760.212
18.677
531.111
12.824
368.757
22.272
34.820
168.734
19.902
51.143
16.757
19.330
373.967
320.773
23.851
750.532
543.628
590.655
392.542
21.811
23.938
33.445
629.890
21.479
576.792
123.030
423.344
34.591
765.338
508.285
461.878
11.173
420.082
12.818
35.380
15.237
19.036
16.564
262.831
30.293
721.967
31.877
24.062
513.418
9.168
384.641
20.265
18.507
732.013
570.003
349.328
23.844
765.188
576.474
11.296
501.351
623.926
452.894
145.592
19.174
218.041
14.580
575.047
30.054
293.583
33.278
712.318
26.394
11.494
13.979
329.585
485.195
26.131
606.147
373.537
12.606
16.317
49.022
725.441
429.191
325.506
432.870
408.448
895.425
18.144
24.225
661.425
286.927
29.640
28.305
35.512
703.833
642.781
409.966
20.033
672.376
302.777
20.004
143.971
324.765
755.269
15.664
18.858
34.368
805.332
704.622
590.274
39.394
747.365
198.988
685.841
823.128
547.120
23.145
15.473
577.270
586.162
422.792
17.226
38.784
36.593
8.019
435.772
26.578
13.551
341.922
458.143
487.666
345.689
217.279
226.484
200.331
18.994
278.173
693.634
461.913
294.606
14.810
358.391
427.964
24.209
27.134
396.065
9.934
18.278
26.118
684.487
617.282
700.179
15.442
509.766
490.704
587.612
613.218
25.189
11.445
338.775
384.952
33.019
557.143
32.928
418.283
458.835
496.583
311.439
452.281
450.785
17.010
475.240
545.240
9.704
463.663
18.043
645.285
295.922
531.768
63.223
271.001
194.757
396.718
500.776
11.777
581.003
509.604
373.235
447.733
8.734
19.344
449.413
175.332
407.625
10.385
13.520
682.926
439.258
836.951
269.060
28.790
631.582
773.075
37.591
164.711
299.887
380.118
22.310
14.482
345.427
456.694
383.068
464.087
12.632
36.752
364.413
243.781
27.101
712.650
383.440
354.866
22.403
411.637
721.052
521.344
441.252
280.745
38.480
647.598
665.893
400.330
22.054
371.136
26.819
146.897
851.924
26.448
395.599
778.325
328.817
35.541
47.019
111.455
482.597
412.376
22.949
8.901
25.008
36.798
24.271
17.079
449.856
25.415
450.453
49.260
22.275
25.730
471.437
21.986
176.792
12.995
51.624
429.299
514.575
31.812
34.250
438.403
207.074
361.874
14.822
16.089
7.988
448.940
8.286
137.454
37.057
46.013
269.550
346.333
45.578
429.638
588.335
400.857
342.978
397.435
710.645
22.747
443.522
345.226
601.857
387.795
462.439
247.185
574.555
371.098
26.953
304.808
565.358
588.719
290.854
363.939
453.698
217.795
612.221
297.463
13.213
26.307
472.370
349.190
34.877
254.312
458.318
184.628
23.088
255.598
295.231
273.176
22.485
264.098
563.275
625.949
24.883
500.154
27.457
18.101
235.811
33.108
495.360
24.928
143.120
178.637
23.108
295.563
737.655
26.503
26.079
485.113
478.640
429.380
275.348
565.343
441.339
684.862
489.007
349.432
26.577
626.402
578.682
803.171
466.324
347.610
12.497
19.893
338.559
308.860
41.315
512.683
252.613
305.329
37.919
30.620
187.703
588.279
21.675
453.639
24.617
217.891
285.036
257.412
23.672
744.295
22.226
21.241
31.811
11.931
528.832
14.853
521.527
389.953
27.905
133.282
530.679
34.954
671.232
19.391
17.995
24.636
13.635
252.451
42.809
16.607
11.683
376.990
27.482
17.151
614.807
397.424
473.135
348.906
189.170
22.130
469.128
10.959
21.013
45.158
383.682
626.639
411.035
8.145
17.581
426.819
580.212
20.303
671.973
15.024
700.187
684.719
24.518
29.983
585.262
27.977
647.818
30.322
34.830
328.649
285.290
40.323
795.712
14.665
18.147
228.565
24.511
297.173
708.886
698.379
18.618
451.362
37.724
384.168
500.284
649.488
331.579
710.561
32.933
23.223
26.192
14.993
13.437
19.812
37.211
467.343
31.782
24.209
11.627
20.764
15.858
24.951
28.235
19.636
23.369
48.334
543.063
34.379
21.016
24.484
155.853
69.158
191.991
21.604
43.544
56.964
8.914
577.434
29.238
18.303
25.270
49.221
39.736
54.607
13.108
574.294
206.218
338.183
11.704
485.099
26.992
18.421
34.707
601.847
360.123
45.255
29.748
331.479
590.932
34.503
14.060
72.986
522.006
14.769
179.894
26.660
244.940
393.455
352.047
595.942
618.839
17.127
508.483
115.238
520.877
18.231
400.400
23.968
484.591
20.087
278.087
669.182
310.588
53.049
56.752
517.336
22.474
19.461
493.131
252.201
23.694
19.441
523.108
519.256
27.567
412.284
558.016
826.449
673.243
560.697
349.055
685.992
534.599
476.846
570.018
14.767
435.041
431.713
34.600
468.163
817.679
594.185
12.096
16.074
471.681
19.284
36.598
26.144
505.306
357.086
549.990
366.733
38.219
705.676
35.694
15.757
7.895
35.609
717.092
513.283
26.141
67.376
561.290
28.024
604.216
65.924
418.896
32.963
22.162
41.510
21.745
34.764
17.305
17.576
499.767
26.649
13.687
29.367
44.384
27.033
13.346
534.320
30.550
318.141
21.355
536.930
177.075
18.425
12.396
8.411
393.696
301.950
614.612
318.965
520.322
416.194
570.089
596.411
719.931
19.951
467.313
11.446
788.960
367.003
26.520
521.056
9.231
153.903
375.281
368.838
749.182
24.496
18.955
17.516
26.834
15.918
26.372
28.389
491.300
15.296
13.408
759.411
599.175
36.421
22.223
755.169
340.485
14.358
7.744
33.570
21.841
513.284
16.396
192.655
288.234
9.982
715.417
33.472
27.291
455.529
54.267
379.455
457.543
36.877
436.807
37.730
275.901
23.411
26.468
18.688
125.478
11.901
28.476
30.993
590.475
18.645
476.878
257.929
372.738
643.208
483.546
553.312
304.298
419.719
16.708
7.063
196.769
8.517
626.101
488.489
26.788
415.395
215.704
31.407
352.260
9.542
13.204
388.271
13.145
605.290
560.488
610.725
331.139
26.607
541.543
27.228
27.440
523.002
430.045
34.964
25.938
265.658
204.779
335.487
140.744
18.217
362.183
10.024
24.312
13.167
520.586
580.755
207.412
481.327
17.714
374.367
299.685
122.523
271.811
27.439
21.555
21.721
222.250
20.649
246.992
28.434
35.716
330.874
15.535
476.677
11.445
467.189
494.344
390.789
257.616
372.985
319.670
17.239
598.829
215.832
148.521
13.434
60.635
534.522
20.519
367.643
628.525
22.049
267.798
30.966
25.434
475.279
20.309
387.205
542.023
372.684
19.735
287.000
411.638
315.643
28.312
422.848
485.026
23.701
14.316
337.498
333.624
444.415
14.560
291.363
174.872
338.725
166.302
585.020
145.034
21.321
280.218
24.420
456.439
275.902
23.185
473.664
23.054
455.536
426.384
289.377
227.299
19.795
386.736
501.827
23.041
20.471
276.566
556.194
19.124
33.930
316.302
199.969
16.615
25.344
17.866
620.096
48.408
280.175
257.955
145.012
35.960
256.422
14.511
195.423
48.889
618.389
272.843
24.460
234.870
421.737
28.757
298.686
387.868
34.281
13.566
377.823
392.941
17.483
533.013
17.649
232.423
17.314
30.029
342.416
433.182
18.129
273.175
19.558
314.242
169.462
269.217
323.629
244.167
13.038
93.891
286.721
174.853
628.879
26.802
33.475
306.211
292.366
27.467
234.936
26.996
24.544
30.951
264.678
15.771
21.925
33.098
1.412
334.589
36.557
14.101
18.261
31.816
35.027
204.951
162.777
132.885
22.961
123.944
240.878
97.342
16.444
309.493
13.485
28.269
23.621
17.663
39.398
43.254
33.191
223.853
19.740
41.859
97.209
46.752
47.246
45.369
29.679
32.961
24.830
36.143
47.295
40.163
25.393
46.086
45.549
37.968
18.996
31.948
27.387
57.755
27.366
24.912
36.323
40.966
29.876
490.768
20.204
28.244
29.036
25.915
37.855
43.295
30.764
35.651
307.588
6.497
63.050
54.200
12.899
12.474
28.407
21.485
32.122
11.498
25.132
57.736
59.416
36.460
37.754
107.035
15.730
89.339
44.811
61.995
35.066
6.521
360.259
18.938
22.723
379.465
20.168
24.248
27.311
27.414
25.813
27.621
169.013
34.308
68.158
33.114
37.824
18.802
66.797
26.130
25.934
43.247
26.502
25.383
17.794
24.129
31.662
18.636
338.726
22.081
32.350
13.598
25.479
40.995
29.001
30.184
16.394
16.532
43.202
69.906
42.631
67.885
56.616
20.425
16.068
19.798
25.359
15.183
39.506
270.488
19.342
13.765
61.786
60.351
364.222
27.130
32.670
27.775
34.601
26.245
20.841
21.587
14.815
22.801
43.265
16.112
261.695
26.009
14.317
30.369
26.292
42.625
470.259
25.722
40.083
17.747
21.580
12.662
21.860
28.511
39.149
85.760
41.968
20.713
48.169
21.286
17.528
21.181
22.833
18.781
61.167
682.535
116.665
20.310
14.229
20.697
53.905
23.744
15.972
46.327
24.909
276.403
369.483
108.077
26.944
447.626
24.570
19.706
27.458
57.370
20.318
188.268
445.795
31.458
28.712
32.860
32.827
34.583
636.802
14.560
31.200
16.175
34.771
453.139
16.646
25.580
17.689
36.212
23.160
25.877
18.502
39.283
496.515
54.697
25.367
43.355
47.832
475.417
28.158
28.250
42.584
21.357
27.883
9.624
31.311
294.390
14.348
37.640
60.882
38.297
10.270
40.799
116.983
39.907
43.417
425.937
27.929
63.541
420.317
152.477
14.677
299.069
33.266
540.531
421.110
438.777
268.684
15.822
606.561
353.622
53.977
331.230
414.487
162.418
310.136
24.553
23.507
51.540
504.911
17.634
15.659
338.192
33.820
422.245
375.702
329.603
310.928
59.321
32.016
38.331
458.648
44.459
16.352
316.820
359.231
347.303
45.690
482.872
24.886
262.253
29.226
13.317
666.753
14.393
402.551
29.764
184.119
578.551
26.778
63.692
20.071
379.345
554.668
27.932
10.677
31.082
14.004
36.698
234.017
577.276
61.478
398.708
50.805
61.888
292.776
19.145
26.521
42.537
24.584
27.424
139.271
739.965
637.109
33.493
416.843
35.884
498.469
28.868
17.499
45.413
564.815
43.897
603.354
466.412
46.338
485.513
225.309
26.832
35.348
283.378
348.643
321.455
12.927
28.128
248.927
607.010
219.405
23.758
349.227
37.961
38.322
19.873
19.623
9.574
170.230
202.205
11.915
32.558
39.424
61.201
72.391
190.663
659.886
336.244
42.055
37.030
20.254
567.620
19.093
418.453
25.102
24.250
34.685
23.916
43.681
25.488
560.752
10.855
9.672
39.921
353.576
19.660
70.875
173.994
48.136
22.418
507.957
315.516
6.002
17.806
554.725
49.504
20.512
41.961
24.361
42.298
22.582
14.260
17.113
415.944
19.264
46.922
36.062
17.494
300.263
17.524
32.477
24.957
612.327
15.417
527.822
40.644
39.578
32.192
20.211
26.923
19.525
10.573
30.352
30.500
17.174
351.197
23.028
33.259
19.587
19.131
16.337
41.419
66.839
254.896
31.727
20.133
33.697
508.448
15.359
124.198
22.546
22.736
34.756
41.781
13.905
34.098
26.089
24.377
30.617
32.124
38.855
50.480
26.391
18.019
47.110
26.687
32.115
11.057
47.348
12.702
166.706
24.640
28.639
23.443
46.047
16.080
28.215
70.214
49.707
10.476
34.112
11.394
39.457
496.012
40.501
30.817
24.431
13.593
17.106
54.260
40.770
146.446
59.631
51.430
338.281
23.321
8.634
46.760
30.738
39.414
26.809
535.776
422.052
21.904
31.479
21.528
331.629
22.886
73.662
336.811
22.342
29.914
25.148
129.637
16.582
11.683
24.174
35.356
552.060
67.870
35.154
580.182
70.990
50.685
19.680
39.288
44.657
36.278
19.032
38.204
37.145
677.590
202.663
27.992
21.452
92.238
17.183
653.223
30.549
428.547
459.813
24.525
400.406
32.750
27.839
35.762
55.175
24.790
21.314
419.427
36.626
22.630
443.999
440.968
449.662
597.206
585.006
19.557
75.757
74.111
21.804
21.791
30.569
571.189
37.121
52.008
13.596
110.521
17.110
12.846
6.792
19.732
35.911
400.846
40.531
20.615
217.091
433.951
44.110
16.089
36.715
59.766
19.986
54.205
59.680
36.182
51.640
565.340
15.409
12.676
702.121
15.112
38.734
20.106
20.840
18.679
38.663
32.492
18.843
300.170
254.047
393.354
39.752
29.177
13.491
23.482
14.282
28.861
21.017
278.621
252.815
19.896
67.631
68.241
23.388
540.931
49.053
32.466
39.323
25.977
445.521
295.880
33.274
416.564
35.623
559.292
303.633
411.563
375.868
265.970
33.219
36.341
496.577
239.346
196.414
38.645
42.905
22.562
22.376
12.442
27.978
69.915
425.230
274.030
22.759
29.471
10.868
378.941
18.824
78.945
295.887
16.840
33.507
38.167
19.266
266.001
574.750
22.938
84.058
311.089
28.941
41.584
274.411
16.112
18.901
32.017
35.723
23.637
236.910
256.084
582.895
468.738
236.747
33.769
25.518
339.848
40.343
43.677
47.519
19.066
433.854
389.030
630.373
14.511
435.623
32.685
19.961
20.801
618.842
57.898
24.196
584.139
335.870
456.350
16.004
562.150
485.835
13.141
35.467
7.416
11.569
36.736
28.594
58.523
60.151
29.501
28.730
11.235
35.985
248.584
339.410
31.901
62.224
31.457
11.667
43.561
63.508
10.061
41.019
385.638
53.162
49.700
37.660
32.090
41.873
39.524
640.007
600.742
411.630
26.454
600.066
311.582
118.798
553.090
57.819
721.662
42.527
46.808
23.449
42.839
29.826
53.329
24.949
33.453
10.826
41.598
11.950
52.038
26.546
479.236
27.852
43.798
14.381
24.726
20.512
37.850
33.826
376.416
516.691
22.682
35.131
319.463
30.636
28.512
22.962
9.282
24.855
25.262
652.835
351.791
18.077
42.552
21.780
22.942
18.244
459.498
31.547
583.832
344.118
193.879
23.067
13.919
121.024
64.268
365.286
450.922
63.753
568.914
220.735
30.679
648.011
19.481
24.464
486.047
43.221
330.621
265.991
479.460
39.911
461.697
27.905
17.749
13.321
9.409
32.165
13.793
411.378
10.669
252.756
209.150
15.926
23.862
455.127
43.847
459.777
17.894
36.170
9.025
430.441
19.861
90.855
383.584
49.866
475.556
18.545
501.758
586.885
467.933
338.324
29.766
23.595
381.009
12.812
13.676
414.529
28.240
28.417
460.981
644.390
36.723
218.306
646.069
443.990
33.225
68.372
37.417
21.724
280.712
317.078
212.771
375.806
14.519
13.959
437.483
321.244
19.407
444.592
492.925
25.608
22.429
53.559
21.260
19.494
347.509
111.035
373.481
24.524
47.203
21.514
306.314
327.152
206.310
18.414
259.799
15.501
211.145
26.810
29.030
22.944
540.353
35.803
32.161
341.151
394.461
25.149
32.457
30.195
20.208
28.810
32.812
43.820
155.895
6.743
448.342
394.642
517.435
276.209
11.020
681.710
19.039
26.832
15.550
488.087
50.884
269.737
18.378
185.932
419.321
316.618
514.587
201.260
182.610
24.014
28.630
105.412
51.899
38.323
40.978
234.518
42.398
217.662
31.426
30.414
563.526
29.017
152.581
27.510
290.374
58.742
24.549
35.895
337.821
302.641
339.854
374.394
17.940
11.166
25.641
21.815
38.496
423.340
39.166
12.591
47.999
320.708
48.337
171.302
24.884
40.873
17.558
14.552
477.505
498.989
200.296
511.911
20.571
38.948
16.573
32.845
35.424
263.184
548.494
38.332
27.931
37.504
453.449
31.585
336.637
20.497
198.411
28.560
32.575
11.586
15.818
332.913
18.917
17.958
408.535
393.222
431.766
28.245
475.335
273.405
9.534
287.562
499.323
493.870
497.810
30.364
146.828
474.444
30.142
23.132
493.309
373.415
23.993
322.182
490.283
22.947
480.795
342.570
20.851
26.453
25.617
36.841
51.241
47.691
419.179
569.846
30.332
458.069
15.066
31.281
46.964
57.097
24.081
528.171
51.742
121.666
250.198
29.539
24.653
420.629
30.877
313.805
28.136
12.943
18.291
36.645
20.904
426.708
429.756
28.379
469.763
40.329
27.973
141.437
19.031
26.703
399.117
15.497
20.693
35.516
562.590
287.575
27.255
567.007
526.497
195.227
23.763
591.887
16.425
99.700
196.552
623.242
18.290
29.911
222.790
322.280
325.314
180.143
499.727
346.514
297.167
318.771
46.214
470.097
43.544
349.617
25.611
265.114
19.121
23.749
20.037
26.276
30.057
28.948
11.236
379.254
233.104
6.386
31.464
48.706
19.870
29.707
21.975
485.301
342.671
21.171
537.774
10.156
260.659
367.325
6.975
16.576
19.685
34.031
346.886
181.677
312.761
298.423
22.927
403.399
450.633
411.621
356.160
23.220
231.672
24.022
31.443
298.413
78.106
458.443
38.884
468.845
46.288
17.683
27.225
170.061
12.076
19.325
20.647
43.901
20.956
474.843
189.562
309.513
13.119
331.547
20.823
444.200
22.584
429.565
12.591
436.017
373.991
25.123
394.747
16.089
232.246
17.336
575.732
381.383
18.640
464.272
308.967
18.468
22.062
42.519
23.657
23.203
165.718
638.053
433.807
507.496
281.027
28.092
209.946
325.932
19.108
12.339
36.245
583.345
443.821
28.201
37.318
480.223
23.376
172.860
404.278
235.219
51.115
18.488
517.063
43.816
16.032
432.479
364.130
26.932
259.303
678.432
174.062
31.299
769.711
36.811
16.728
258.543
463.839
8.654
509.047
34.011
527.923
19.184
495.322
11.829
604.091
26.777
592.555
422.054
382.458
498.459
19.667
15.560
481.855
19.559
416.702
13.730
27.822
189.951
28.633
432.861
25.552
170.723
18.236
24.808
194.927
34.763
18.107
36.978
26.975
23.030
315.946
28.984
481.149
552.277
51.753
641.531
16.403
645.939
46.181
16.186
348.177
602.947
339.684
475.217
512.158
370.752
51.978
15.326
33.340
375.933
325.351
42.275
470.554
460.595
31.773
33.855
33.009
17.681
461.709
313.869
365.618
394.745
457.230
20.032
24.466
5.434
309.248
14.497
57.741
422.860
343.314
11.645
8.414
26.012
32.940
123.619
463.670
403.971
16.446
14.711
14.766
453.084
363.963
454.311
51.062
222.835
727.185
437.011
319.791
18.316
18.187
18.822
346.092
270.336
484.720
241.700
465.531
16.789
399.188
4.728
21.032
7.369
337.725
28.322
13.984
23.498
33.441
208.521
34.715
21.900
27.131
251.689
11.005
316.785
147.648
412.567
17.646
91.889
98.688
27.797
339.048
22.656
328.367
150.936
9.947
10.060
36.597
15.843
127.312
21.243
236.511
102.076
14.017
22.309
22.866
6.920
190.144
24.347
15.010
195.184
297.465
24.488
32.743
76.165
9.700
366.100
544.834
554.881
13.131
182.293
14.870
346.607
420.918
254.895
16.482
277.153
22.407
391.164
318.471
324.678
140.492
247.936
31.547
361.953
273.490
15.038
12.231
44.694
364.350
5.794
28.385
12.426
370.033
20.628
12.559
29.805
31.417
15.057
476.204
38.145
255.337
66.590
16.242
10.474
155.574
599.004
335.141
15.077
25.427
18.129
505.344
261.751
635.501
28.096
22.739
398.466
32.487
458.525
23.182
598.829
602.507
15.198
21.591
512.110
341.302
23.099
55.919
356.118
43.065
84.186
253.277
14.449
49.248
22.664
27.894
281.885
404.978
51.383
227.311
333.104
17.505
12.381
279.592
49.983
20.280
158.607
34.510
39.918
44.940
9.043
447.986
251.056
36.888
6.747
8.411
9.246
272.155
16.226
233.542
232.488
24.984
267.521
369.514
22.086
31.641
20.840
27.250
613.640
364.431
302.869
409.739
33.846
18.498
198.570
32.455
138.363
327.373
201.505
14.954
276.307
17.696
383.149
414.631
46.268
187.929
51.900
39.760
26.484
23.296
27.413
357.395
30.980
22.020
32.883
495.394
23.922
12.616
24.454
11.706
26.591
28.866
23.694
32.403
18.417
150.591
41.288
140.141
22.623
9.040
17.279
147.619
18.351
372.192
20.527
220.111
37.058
305.122
32.517
281.952
581.280
366.985
617.636
670.660
46.088
17.147
569.055
505.771
22.895
410.892
17.234
440.624
31.136
94.138
452.817
350.505
336.391
20.550
53.028
409.747
64.459
458.829
196.053
43.723
24.388
24.967
29.976
28.197
469.166
114.990
31.104
468.187
63.154
44.612
28.229
19.896
6.676
180.577
187.150
294.244
48.189
32.231
196.482
348.986
36.275
23.123
32.859
10.934
406.198
38.662
99.917
19.137
9.921
186.761
19.904
492.422
310.230
23.038
22.443
22.339
26.969
17.910
13.443
167.871
83.828
36.813
435.375
26.295
254.592
25.442
32.853
60.908
16.291
17.883
26.503
39.673
55.816
35.874
14.486
18.775
33.574
223.558
573.790
328.311
6.516
27.804
342.953
391.155
15.505
24.477
10.375
8.438
9.170
212.485
406.654
317.600
426.366
43.169
4.149
53.801
39.593
18.068
13.131
561.709
13.483
189.409
18.045
394.629
25.445
23.560
453.895
365.571
39.520
26.606
40.373
26.828
420.326
17.758
18.253
441.479
11.747
549.406
601.598
30.365
327.619
26.456
29.733
285.366
247.518
214.341
21.067
115.650
437.852
294.687
28.384
48.196
38.607
215.567
15.630
264.989
409.599
41.486
322.077
28.035
26.565
19.672
33.384
44.456
20.263
21.567
24.833
49.674
34.017
22.500
14.200
14.096
11.574
385.573
24.100
538.612
25.268
27.244
31.813
27.739
523.670
55.446
243.385
104.833
15.009
29.677
361.048
499.760
307.340
18.855
28.172
492.465
432.710
429.152
21.866
535.888
18.399
22.345
238.354
51.664
342.452
14.806
267.721
39.959
16.686
45.642
12.795
34.277
28.142
460.664
431.089
24.268
437.399
32.603
23.648
61.886
26.841
457.708
49.125
9.622
31.284
16.459
29.523
12.073
35.371
49.328
343.915
20.041
384.608
296.164
33.265
34.634
10.123
12.774
54.239
20.616
48.830
13.738
38.444
14.261
9.196
309.206
17.268
21.241
362.301
205.882
33.876
12.640
224.614
235.945
14.733
26.463
510.076
58.902
24.946
8.017
327.429
13.490
561.216
26.972
42.756
15.265
282.026
314.200
16.948
31.754
31.097
234.214
21.501
29.529
17.608
430.688
23.169
35.781
19.340
283.889
43.449
27.828
35.885
21.133
56.894
185.900
13.800
18.929
38.088
23.317
237.223
20.621
23.295
15.105
36.565
26.257
286.163
38.446
29.143
17.767
8.019
45.983
19.054
42.424
21.180
34.088
497.176
48.402
321.911
24.968
20.285
48.415
7.768
358.407
45.752
367.102
391.397
28.062
16.257
56.584
26.343
18.456
36.957
30.325
28.067
25.968
64.585
273.449
352.587
9.996
22.973
30.551
15.635
49.547
33.685
19.341
33.190
26.175
9.908
30.327
41.348
23.221
36.918
127.397
15.434
104.492
41.947
34.984
19.417
53.858
37.764
13.245
21.306
35.151
31.110
20.264
61.939
16.231
241.212
21.261
358.849
25.112
29.239
16.690
21.149
29.951
57.600
31.866
17.497
32.675
14.703
20.664
17.969
601.320
26.110
35.372
20.208
47.114
22.732
334.821
41.345
14.949
21.396
28.843
414.558
75.376
16.547
24.444
300.392
25.989
10.317
23.176
38.367
19.737
435.417
451.470
31.449
328.647
24.637
352.551
459.078
28.710
24.213
17.707
484.390
34.495
38.768
299.847
44.379
30.621
451.465
226.848
13.738
31.371
17.086
146.537
62.046
10.747
29.307
17.081
21.920
292.705
12.921
441.873
6.989
265.131
19.947
327.276
23.510
17.036
45.380
40.641
8.813
43.934
19.701
133.753
30.288
49.424
27.494
201.640
37.820
28.039
14.553
234.438
27.305
178.364
47.185
23.885
22.101
20.810
44.116
23.484
15.200
30.465
28.866
271.670
35.236
252.190
33.079
28.603
17.442
42.386
28.182
41.895
16.121
122.296
41.939
38.336
18.670
20.522
37.104
56.415
24.504
578.353
19.059
29.776
9.258
201.097
31.505
100.491
31.725
23.394
26.715
26.339
22.373
33.465
16.901
18.124
30.603
408.631
231.442
439.092
47.505
24.719
23.310
23.118
18.943
380.455
26.029
32.866
50.097
107.727
254.456
15.498
145.356
317.685
27.136
15.172
25.003
220.509
35.096
14.244
241.030
28.425
16.441
18.143
541.911
659.465
9.908
44.109
23.528
21.216
31.677
52.163
14.614
17.346
25.528
12.008
15.307
21.173
662.689
114.089
491.488
9.214
7.976
179.741
54.985
29.451
189.368
23.438
20.959
262.557
16.102
550.565
348.141
18.360
570.856
28.261
17.603
13.631
27.541
55.628
349.331
54.854
37.155
42.843
547.237
17.151
205.533
12.422
62.900
19.650
16.582
12.210
23.593
36.528
14.264
15.404
28.820
4.569
32.148
326.479
127.678
79.161
55.333
161.921
16.427
25.565
16.438
17.058
472.149
45.386
314.551
6.964
26.822
314.567
20.727
614.573
28.113
25.864
454.221
126.521
65.435
16.762
26.018
7.434
35.061
21.353
20.733
216.775
196.793
15.940
22.824
12.816
15.274
91.189
228.961
332.058
10.917
21.378
10.996
40.149
268.051
204.249
22.099
46.683
188.475
10.640
27.738
23.019
9.043
323.985
11.253
17.474
242.133
27.974
9.250
45.580
50.251
344.171
66.797
37.527
21.951
12.245
29.641
45.382
235.113
15.615
20.211
325.322
24.741
16.695
29.178
18.257
9.631
103.373
43.868
18.738
11.615
30.029
12.872
18.544
26.951
15.492
10.692
9.661
140.710
8.838
23.172
76.404
26.704
35.891
238.871
117.917
11.582
18.069
13.697
82.628
709.153
96.088
91.755
98.652
23.707
294.800
26.005
20.888
9.048
153.480
52.933
227.289
18.050
408.104
15.385
28.353
396.233
16.768
25.927
419.885
135.598
9.482
30.166
30.167
40.027
206.525
14.588
21.493
34.822
4.051
53.706
439.376
25.501
8.617
7.747
71.933
66.599
19.090
19.827
38.804
20.313
15.881
254.406
14.446
22.386
43.822
21.419
46.160
57.998
100.924
15.592
237.062
32.273
8.976
19.202
11.232
58.485
55.607
41.035
28.692
32.979
37.518
34.317
33.432
112.961
18.345
36.529
431.603
13.955
30.826
17.155
41.778
64.835
25.231
18.523
40.315
35.466
16.781
96.035
30.846
478.774
17.154
7.445
23.069
18.766
34.990
25.849
15.610
16.728
33.404
13.935
37.380
61.855
16.481
6.465
21.974
172.830
219.868
7.893
33.597
15.207
162.394
31.451
589.290
53.787
23.712
19.792
23.531
39.434
19.937
48.508
358.843
11.688
325.625
14.199
27.486
15.533
32.329
36.041
17.898
15.456
20.313
16.571
21.718
31.612
68.235
9.448
24.613
38.533
57.508
23.569
56.028
24.561
23.140
12.469
319.193
30.700
35.502
462.411
14.493
90.599
43.793
47.280
445.587
21.590
14.839
17.628
39.013
285.757
24.267
24.978
498.499
38.329
107.125
19.316
28.610
28.125
15.311
47.716
24.813
20.239
31.299
21.924
454.853
32.983
47.835
44.774
24.556
31.189
18.499
30.469
22.463
21.302
29.563
22.943
63.114
30.747
416.455
35.049
25.500
30.358
28.260
54.632
17.693
304.657
79.923
468.589
11.281
50.158
25.038
62.925
448.821
23.859
292.151
506.295
29.047
46.620
20.398
318.289
236.249
224.567
23.361
37.713
39.824
378.863
14.670
15.997
52.158
15.179
16.182
4.276
285.383
59.988
24.500
94.886
420.487
28.222
274.043
32.787
16.375
18.436
170.011
14.513
35.047
52.298
387.174
43.148
8.712
11.942
47.979
16.318
19.368
27.709
18.294
27.010
24.289
6.926
102.080
593.494
31.377
13.547
9.931
120.447
23.167
31.003
94.492
53.758
33.873
26.504
17.702
25.909
28.921
10.126
14.173
50.444
35.052
18.287
30.740
25.416
37.070
96.519
34.854
46.378
46.578
33.743
32.347
24.758
31.033
22.763
306.329
16.371
16.958
171.290
307.183
40.044
269.091
16.800
25.720
23.762
346.802
364.591
28.274
18.261
31.097
32.479
64.857
34.273
25.002
384.932
395.671
22.408
28.054
35.211
24.862
26.801
206.163
54.511
333.599
9.620
14.346
198.525
23.130
36.490
455.306
331.258
29.772
375.714
375.860
489.003
15.273
208.620
31.449
15.158
15.246
14.915
14.970
18.236
408.046
19.779
218.178
387.392
28.577
29.326
23.404
40.596
345.589
406.382
28.475
250.592
452.995
11.539
43.389
31.012
280.831
9.582
22.672
34.321
289.556
423.010
257.559
367.974
27.981
305.404
278.822
308.817
19.075
12.412
433.783
22.982
310.011
16.384
78.835
74.003
11.126
279.049
354.498
16.960
122.429
336.183
27.526
50.037
14.481
16.152
16.308
18.006
238.787
13.041
18.972
42.661
23.946
15.327
225.914
10.782
550.474
226.004
365.409
13.035
34.324
10.212
38.917
18.105
324.640
15.311
17.602
211.698
96.500
51.388
29.561
15.815
407.509
11.929
513.208
377.285
8.429
332.548
39.634
176.968
20.998
356.386
252.277
217.271
97.153
33.754
233.777
428.472
133.321
29.008
14.878
24.066
196.443
402.316
201.711
331.508
241.662
280.068
295.530
12.744
22.688
12.392
8.081
216.717
373.386
9.475
257.761
24.322
25.630
33.929
387.764
16.766
30.088
27.048
6.356
10.264
254.260
243.547
31.795
41.972
183.509
270.865
13.305
8.493
45.876
272.800
17.132
393.050
133.561
18.472
167.741
27.340
27.967
317.681
25.445
23.295
278.535
416.462
347.374
262.992
361.925
321.419
237.882
13.090
13.294
192.034
164.652
304.186
261.437
267.551
387.980
128.193
231.953
241.886
343.068
373.816
359.659
225.361
394.017
262.898
195.526
9.420
22.116
452.467
22.655
298.816
220.515
30.609
293.411
19.242
120.619
377.063
14.272
229.363
20.026
12.797
17.959
22.705
10.951
18.824
42.318
63.314
214.394
14.783
13.860
228.507
22.322
256.229
13.038
383.381
284.189
359.903
371.326
22.478
14.017
258.226
11.830
11.716
505.283
478.900
325.619
8.425
10.802
29.349
371.771
133.315
398.128
39.464
396.658
23.856
327.905
7.385
16.790
448.990
290.484
324.689
14.286
297.271
18.517
477.244
42.537
268.503
257.058
399.295
28.166
569.222
385.076
62.726
28.044
274.233
537.021
32.331
360.421
490.215
20.710
141.987
313.144
518.372
22.533
291.423
284.902
15.094
507.045
254.243
209.662
26.823
416.069
293.031
25.544
15.138
428.050
11.585
45.037
207.134
368.511
404.114
12.322
12.513
546.514
262.559
529.034
17.786
424.753
17.691
620.493
49.367
20.907
320.579
25.429
281.279
468.149
17.803
20.774
629.140
8.895
24.979
498.959
268.542
101.411
20.947
14.377
487.878
20.430
88.481
423.599
35.616
17.460
19.368
498.497
496.497
460.097
509.685
22.354
19.358
15.428
219.499
457.128
446.548
397.351
334.594
376.570
368.595
560.161
235.228
365.579
7.599
332.491
590.655
37.639
360.155
24.632
85.502
345.214
608.456
413.590
26.648
352.988
230.181
90.513
582.080
10.345
456.208
413.612
15.006
30.025
451.848
283.592
225.263
468.161
365.025
427.215
533.789
420.552
70.005
517.901
13.773
466.270
242.088
27.395
30.811
152.972
195.584
271.115
24.361
42.909
465.321
20.056
77.278
29.677
149.599
424.213
502.609
428.305
474.887
534.464
252.560
578.486
597.177
356.398
268.127
271.218
426.377
230.962
254.394
619.326
507.318
24.570
387.346
386.350
509.809
286.540
236.139
321.805
30.307
567.084
25.999
276.167
327.124
226.810
285.108
7.599
19.607
31.897
312.932
15.882
527.471
334.317
436.914
23.208
477.521
311.367
493.643
353.490
465.290
54.046
17.912
12.364
34.683
306.843
503.925
367.733
10.249
342.215
378.578
15.455
422.196
21.390
479.454
290.389
372.427
13.863
403.349
232.108
17.540
273.594
27.772
394.997
536.297
13.182
422.572
20.452
114.144
245.962
34.647
429.520
28.567
426.407
29.453
14.706
520.669
389.105
113.206
526.385
288.054
332.871
189.529
438.771
546.394
248.216
435.078
333.474
183.367
420.181
358.132
370.326
50.384
233.340
44.941
563.753
702.079
11.859
186.941
26.481
7.058
16.495
33.608
426.539
566.445
399.545
516.999
420.309
372.302
407.500
288.480
271.907
382.166
453.574
563.945
130.397
348.030
365.976
473.847
12.550
152.346
8.591
24.512
292.008
253.656
241.670
451.493
23.715
289.304
304.722
332.513
315.934
31.166
305.766
10.713
190.748
39.856
11.331
372.050
540.759
12.488
452.955
22.544
10.758
123.895
25.083
431.001
350.516
292.056
74.034
131.547
396.867
428.729
16.243
498.314
83.710
20.868
312.871
318.799
170.369
382.076
7.939
189.207
21.577
12.402
20.051
24.478
440.133
139.739
71.930
24.230
217.061
331.843
29.270
11.439
18.779
14.321
161.812
232.969
346.992
263.217
338.112
331.750
210.607
166.110
7.954
315.566
264.605
12.920
21.905
402.062
251.369
22.922
383.382
154.806
13.337
318.919
22.630
18.289
292.439
26.825
11.570
137.710
25.128
146.942
14.727
24.264
411.035
397.970
19.925
50.684
24.944
408.434
15.244
268.184
343.417
11.862
227.398
13.856
299.468
264.797
21.920
228.662
217.885
274.506
337.610
214.513
188.446
11.911
356.708
370.147
240.262
261.894
14.884
318.759
235.259
421.903
345.923
13.501
310.045
302.427
364.557
13.699
419.228
288.527
195.507
34.254
41.182
271.292
367.844
353.919
388.023
267.002
216.245
19.642
391.096
419.693
431.329
430.972
315.002
481.682
16.667
42.080
43.271
34.676
282.301
12.743
403.529
195.021
228.963
332.373
433.909
168.365
210.415
217.705
294.811
12.382
450.289
98.927
261.318
166.720
374.937
18.108
29.794
389.668
287.667
8.965
287.063
309.553
427.562
19.602
23.106
311.520
12.240
169.927
315.401
16.288
336.611
234.301
208.732
33.045
246.752
12.601
17.008
211.279
446.570
344.861
204.982
195.158
15.585
192.922
355.760
6.009
343.329
223.120
397.095
376.254
321.614
360.553
23.671
226.834
17.794
32.264
33.226
18.874
238.097
140.612
127.550
36.654
20.704
389.773
14.906
437.371
43.510
231.107
313.158
16.682
491.357
336.939
274.241
47.702
131.482
13.673
105.368
200.489
18.012
405.540
310.599
483.209
185.591
221.846
293.633
365.593
11.360
8.048
16.941
378.471
444.293
69.676
11.827
7.474
294.352
290.654
327.274
289.000
12.848
407.987
33.441
365.007
86.658
145.427
29.914
344.634
363.435
23.492
153.966
375.640
545.932
402.542
242.037
233.141
280.737
405.192
116.357
303.560
26.278
268.479
173.524
212.635
11.505
23.195
321.137
22.281
9.568
406.454
17.995
257.325
11.918
362.169
491.909
274.755
315.782
383.143
25.333
230.203
362.612
422.927
433.072
17.864
418.503
398.283
335.789
16.990
15.581
7.754
24.191
6.688
27.080
19.145
27.592
269.325
300.765
13.150
363.027
88.162
26.677
348.410
164.525
375.863
293.896
31.345
61.338
156.263
40.887
8.448
61.554
278.008
35.216
7.491
277.751
18.277
16.347
25.563
102.665
24.614
6.939
47.651
22.910
36.955
19.561
77.255
107.478
227.610
118.330
9.606
24.250
133.141
367.671
7.446
27.068
147.700
38.888
23.332
194.163
81.610
278.961
132.563
60.751
12.678
29.601
196.087
12.543
198.496
148.700
32.430
105.062
25.418
170.742
265.404
6.800
7.717
157.629
11.135
11.766
24.884
77.116
20.332
101.900
18.092
15.804
234.128
361.497
217.510
117.726
284.981
101.341
18.530
134.343
239.845
135.620
157.721
26.473
91.009
32.696
84.319
190.980
305.495
33.506
332.645
125.166
12.500
333.406
158.048
276.326
164.575
190.210
16.295
307.130
266.920
165.450
190.260
33.697
271.182
40.942
252.412
208.988
188.630
306.023
95.388
105.485
20.262
19.277
135.930
28.135
13.227
18.684
15.270
100.477
16.057
284.312
362.266
331.869
209.572
11.649
21.033
343.589
219.315
220.099
13.864
423.578
280.566
203.435
12.872
370.206
89.789
159.072
239.900
225.485
102.285
184.934
222.415
225.847
365.724
14.536
134.985
286.636
368.736
274.707
390.114
243.601
348.595
235.804
428.139
10.763
24.226
115.479
343.639
296.376
19.431
34.776
371.374
8.778
403.040
402.244
105.498
11.989
136.533
242.410
315.304
229.587
248.570
32.317
268.483
325.589
11.433
209.428
168.554
404.049
20.933
298.580
70.224
158.589
273.506
25.778
23.894
132.632
31.870
218.013
138.466
28.249
25.501
277.669
308.460
35.154
291.634
112.558
234.971
250.468
116.646
328.635
230.123
183.784
328.708
6.887
170.880
51.919
12.191
11.953
20.919
24.647
31.070
193.654
196.827
135.804
48.883
355.529
201.411
10.953
61.734
31.542
26.314
233.866
14.632
226.386
128.316
113.555
279.971
235.859
31.753
372.240
98.616
28.659
151.429
320.305
20.306
167.915
108.940
20.723
190.442
11.841
182.660
20.962
21.047
10.831
8.896
17.729
327.248
174.240
410.530
111.689
172.104
131.576
10.137
121.597
165.979
321.793
17.040
212.159
250.944
89.679
13.532
420.785
281.799
83.414
173.512
122.729
209.197
16.496
318.604
13.859
15.045
169.233
150.824
255.818
403.826
257.277
22.994
236.784
202.345
22.856
257.418
273.302
76.689
258.119
13.860
33.889
288.665
30.618
174.183
26.368
101.160
15.420
201.735
216.956
23.184
262.304
376.305
240.416
21.328
99.913
241.957
427.947
321.377
37.965
120.684
20.066
275.514
308.967
37.684
106.316
297.384
385.171
13.844
25.993
25.223
24.433
132.051
27.582
283.465
19.702
258.304
106.136
205.238
31.303
209.726
95.761
246.698
32.621
37.629
24.895
45.552
136.515
52.390
140.148
210.044
20.845
266.802
281.708
375.685
13.882
235.283
16.482
323.781
32.005
8.090
23.446
14.683
12.963
22.357
21.990
14.052
31.443
357.564
25.821
16.771
228.860
315.783
61.757
20.828
17.502
9.040
335.851
6.974
407.328
370.698
11.143
389.553
32.287
214.296
201.770
25.983
28.308
4.916
259.497
93.689
185.197
24.347
98.692
360.218
254.668
402.097
22.401
17.467
313.311
24.790
217.070
506.249
392.017
259.254
349.536
391.944
21.195
9.142
15.630
438.710
465.781
27.306
6.757
22.702
15.843
229.884
216.962
19.797
12.234
350.906
10.678
14.338
21.907
23.369
301.567
342.679
276.013
264.436
15.198
11.891
130.003
253.379
294.268
371.181
352.626
10.001
9.971
30.671
42.576
173.939
13.510
409.514
142.714
169.292
202.849
9.055
17.329
367.394
211.909
162.778
166.055
22.589
432.032
21.716
305.079
29.549
51.030
332.921
257.695
417.014
211.788
12.468
387.924
18.789
334.222
257.383
16.815
305.596
374.425
311.677
62.631
12.230
277.762
263.084
98.367
504.323
17.821
247.411
255.094
284.417
17.673
23.291
264.593
254.337
269.089
215.290
174.552
16.662
10.679
425.077
31.409
16.991
417.390
451.168
250.682
392.037
24.024
15.189
279.397
329.237
248.012
339.585
255.917
28.521
14.388
213.885
275.558
16.654
350.131
242.070
23.882
316.049
542.491
24.946
6.682
40.931
301.896
97.069
428.384
297.667
249.003
11.101
25.042
246.710
39.724
13.145
43.498
322.626
427.223
27.812
18.412
550.040
267.249
374.177
25.804
239.023
215.767
570.634
30.147
12.716
466.455
15.744
246.689
13.018
351.927
28.723
14.861
464.749
24.779
500.573
465.998
363.740
11.936
307.036
21.706
481.908
21.067
268.768
277.353
418.924
11.942
241.938
24.148
185.732
264.305
13.762
10.873
368.180
12.224
166.930
424.493
10.519
361.960
19.249
20.371
342.300
495.919
406.511
224.794
16.253
530.281
368.607
29.284
198.613
10.693
361.308
359.507
318.666
5.503
400.050
31.658
426.141
340.483
13.931
73.005
27.566
7.467
16.791
208.130
39.585
422.330
377.952
16.556
373.748
339.174
336.334
14.379
20.625
475.087
358.827
206.893
274.370
23.312
18.577
20.558
465.033
174.866
223.062
427.132
431.859
441.415
14.120
43.763
9.047
16.325
20.494
36.324
181.674
200.995
19.246
11.629
282.881
20.450
20.426
99.135
8.361
24.434
6.065
364.027
279.240
19.925
347.418
334.672
439.885
150.264
44.313
379.425
16.226
24.029
13.306
356.903
46.777
16.249
442.096
14.651
11.718
529.640
16.179
10.251
305.215
126.397
36.446
268.551
230.172
414.003
19.845
301.794
400.811
29.201
459.384
307.671
269.771
495.638
18.373
410.339
278.921
247.418
34.491
15.591
386.742
8.714
286.798
433.378
415.870
67.395
127.800
422.652
206.789
445.590
340.434
30.481
356.654
28.731
225.529
10.441
16.577
310.039
16.597
19.339
335.383
469.808
211.123
17.235
9.775
157.785
8.531
14.917
12.308
370.951
423.534
288.207
455.870
28.386
25.980
334.841
374.127
112.958
498.574
355.126
171.436
482.779
34.289
149.622
15.656
125.868
153.792
174.251
295.027
19.349
244.479
297.753
12.516
224.647
315.915
212.032
9.786
14.929
461.312
331.500
17.894
389.825
296.461
382.952
404.723
403.966
291.716
224.224
31.212
14.788
375.394
106.346
503.587
413.387
301.902
269.552
443.238
442.491
142.674
369.031
20.047
365.958
25.970
394.777
11.287
287.063
324.119
403.798
28.384
414.105
345.726
344.379
299.933
15.928
16.835
213.234
14.987
502.576
315.321
455.976
330.905
209.958
8.177
279.647
514.833
370.966
340.520
183.142
262.837
468.190
206.096
16.451
360.950
8.743
219.122
504.983
498.516
395.904
386.030
173.541
21.090
428.105
406.156
12.183
194.237
296.564
249.488
637.634
474.000
364.338
397.955
455.394
270.791
13.874
461.334
135.964
297.608
355.046
245.328
438.379
222.420
32.568
218.561
305.543
408.001
262.432
8.933
146.717
264.413
24.920
304.201
268.119
11.340
125.698
200.113
266.038
44.989
207.346
130.087
25.396
217.748
395.124
441.977
275.877
495.170
211.259
23.167
149.821
96.607
341.099
316.952
47.432
260.311
8.289
275.161
398.594
29.047
20.103
141.261
20.306
229.694
399.584
424.619
41.238
397.988
31.486
312.226
12.769
396.251
18.609
356.167
177.089
19.440
370.215
469.245
228.203
25.124
20.173
554.185
269.175
73.028
10.061
291.949
417.064
341.844
55.670
26.604
287.327
130.159
452.683
16.239
32.929
411.773
28.381
94.379
15.942
309.942
358.109
515.179
232.862
348.615
31.285
412.562
362.534
294.461
468.352
207.415
231.784
352.576
21.931
14.627
395.946
265.002
299.932
350.306
12.852
332.537
11.110
308.194
217.843
57.905
12.121
11.995
171.334
345.480
183.178
228.208
113.024
169.601
6.967
153.157
342.369
171.372
25.635
205.129
277.322
225.007
98.651
275.693
22.012
180.748
257.366
299.360
190.482
22.553
202.740
13.201
14.173
9.298
239.537
360.238
203.430
26.112
301.918
177.169
242.178
208.545
152.720
202.509
456.242
215.973
408.625
291.361
386.707
12.484
91.690
166.979
252.814
175.827
236.240
243.218
23.260
11.941
222.393
419.408
323.417
269.195
239.764
347.195
180.522
198.009
14.453
12.139
291.197
152.016
81.072
138.480
9.467
12.663
19.551
15.997
77.003
15.111
332.874
34.930
389.019
183.065
61.829
99.503
122.682
348.638
120.563
43.253
265.096
330.764
341.728
14.544
19.734
234.762
168.298
256.268
179.816
26.995
16.967
166.614
16.846
368.201
269.175
352.695
445.205
276.223
300.382
206.264
274.016
346.394
336.188
279.384
220.163
190.409
161.773
402.008
328.003
12.225
166.840
468.122
148.217
243.387
227.209
292.398
290.454
8.914
24.465
24.035
98.996
210.762
302.990
176.583
288.392
421.855
285.263
163.199
289.759
378.632
201.714
305.158
128.878
13.576
58.219
25.950
17.973
225.577
244.174
44.589
351.628
266.283
209.367
193.430
365.327
67.772
164.316
13.723
496.173
259.497
280.456
286.840
150.732
28.816
176.475
16.910
152.412
199.186
188.065
23.158
249.408
313.426
17.150
285.345
265.070
351.149
159.533
52.868
9.144
431.763
105.693
20.774
16.786
170.942
24.698
70.384
11.547
13.578
112.733
286.904
431.926
135.307
78.674
35.787
273.670
12.032
410.531
223.154
390.232
29.604
7.703
256.508
26.833
14.186
31.890
161.697
328.822
126.104
33.726
17.434
266.803
379.818
188.648
187.740
235.076
13.557
277.477
235.841
81.681
34.445
10.268
58.022
15.143
335.027
37.611
322.472
25.108
12.818
43.010
298.131
327.222
192.738
276.744
9.851
238.384
121.239
440.823
183.529
19.542
15.869
21.522
282.829
10.225
24.066
304.714
259.430
315.300
288.883
14.655
9.824
343.756
417.216
186.880
10.328
180.163
220.507
95.910
450.232
11.361
67.476
121.590
169.165
15.620
284.365
369.058
396.218
9.643
23.328
15.957
327.462
290.742
251.162
77.321
383.411
307.125
17.451
98.821
6.753
412.880
235.658
461.553
212.344
216.339
303.885
406.580
155.920
319.985
192.642
324.890
187.536
17.916
14.168
51.199
334.093
244.652
23.764
15.678
318.942
241.108
331.035
337.883
16.435
179.053
230.573
12.706
142.829
225.871
144.491
18.707
100.849
104.204
166.431
159.012
359.293
189.136
264.913
339.981
386.132
11.038
311.361
168.357
206.456
37.578
359.331
88.762
271.863
185.512
29.532
130.956
16.262
90.236
17.993
129.655
319.534
17.071
10.128
33.689
16.614
20.672
412.634
168.933
270.939
14.645
33.935
14.053
19.563
5.880
13.679
134.389
69.965
111.171
299.887
5.253
94.683
303.776
6.483
242.705
224.983
335.746
10.206
13.515
22.048
377.036
38.070
334.204
11.617
15.922
163.653
14.987
171.268
6.123
36.119
101.449
20.219
410.109
284.834
181.380
224.123
16.734
68.576
16.395
37.654
31.426
11.538
280.316
32.926
287.761
18.454
10.088
25.144
21.792
71.410
126.897
15.597
118.378
354.695
337.628
40.894
264.119
27.393
28.879
14.716
11.160
303.784
347.083
20.700
13.787
18.948
13.112
20.550
11.562
32.160
244.071
57.378
155.918
40.218
377.540
8.564
13.535
109.005
91.776
46.492
113.532
38.639
56.321
16.603
276.247
51.326
9.851
13.190
297.292
43.980
164.332
223.792
127.032
14.806
47.189
12.504
43.589
21.740
14.735
13.267
17.945
193.132
98.026
170.888
266.486
350.298
238.770
139.376
140.883
249.822
49.814
32.122
15.839
31.192
8.609
35.926
19.033
5.947
30.673
27.763
33.560
32.797
12.902
25.606
34.452
276.273
337.399
15.465
98.666
28.976
221.742
11.135
353.917
186.911
165.436
29.048
14.921
29.958
29.219
49.193
6.756
346.923
104.813
25.137
28.885
203.986
19.631
336.460
17.564
34.137
15.680
163.187
29.296
9.278
7.682
21.183
11.006
296.053
176.996
9.832
30.639
17.563
18.801
14.414
9.384
14.852
10.671
229.269
236.819
21.081
14.410
31.410
22.592
30.933
19.746
400.435
22.165
312.605
14.545
38.677
34.037
32.056
34.349
8.175
130.654
28.090
22.277
409.507
6.956
42.600
19.289
379.056
61.496
13.975
5.612
22.353
96.177
14.347
15.062
27.200
25.942
15.263
23.444
254.049
11.567
7.782
9.221
24.398
12.052
163.108
9.063
16.520
15.549
14.080
3.841
24.819
7.740
299.669
12.627
22.299
41.889
20.247
253.033
30.985
18.346
43.471
11.266
338.134
198.194
19.409
7.668
36.965
14.012
325.302
24.247
29.411
14.585
350.136
30.527
16.439
368.206
347.423
194.171
29.458
5.428
429.406
20.217
275.848
28.590
29.147
13.426
18.825
14.080
17.116
7.803
13.391
10.218
324.173
16.874
30.138
13.640
272.044
6.673
7.489
7.065
303.632
33.598
245.272
20.376
13.779
136.290
21.839
260.335
19.907
10.681
204.120
25.230
10.764
11.548
18.946
15.166
20.950
14.947
12.364
11.826
23.059
43.797
36.549
22.915
233.622
3.731
20.556
268.393
28.515
11.022
256.281
16.189
8.100
364.489
20.168
356.382
23.672
20.972
22.691
7.696
29.895
18.661
12.290
7.357
16.395
302.781
21.385
234.942
22.059
13.601
324.851
23.993
26.573
24.822
23.059
17.264
23.890
372.798
15.181
516.034
16.430
433.096
323.448
31.668
18.385
232.927
13.481
31.929
5.529
40.619
12.209
207.931
19.982
416.385
15.923
32.057
246.088
34.696
21.037
36.323
46.436
260.694
167.837
192.726
15.363
15.512
314.661
39.323
14.637
13.736
13.322
21.219
240.912
203.014
266.329
237.844
9.059
211.843
20.698
22.672
8.914
341.043
24.419
13.232
25.915
203.304
256.877
11.390
9.951
292.969
125.815
348.981
31.698
378.401
12.574
406.266
24.957
18.861
5.638
24.032
11.354
12.990
9.202
138.374
23.473
32.210
269.454
444.254
16.244
208.643
209.308
5.674
270.247
21.570
10.244
25.333
13.937
24.027
13.990
35.729
22.487
16.810
23.875
7.149
22.876
6.361
10.155
12.271
12.145
4.754
19.625
175.343
291.556
13.292
24.337
257.770
349.593
17.008
90.491
319.200
335.330
11.948
283.699
21.014
14.112
24.984
11.992
231.959
21.587
23.627
22.785
257.665
269.407
14.434
245.513
32.360
11.934
22.021
116.840
19.351
315.887
316.410
22.090
461.126
14.729
16.653
253.516
19.995
11.554
11.033
205.838
27.849
18.728
14.514
7.992
14.065
9.551
10.409
373.419
8.912
70.595
22.676
306.107
216.505
16.376
19.507
3.909
388.600
33.311
155.075
29.125
397.970
9.533
6.554
9.651
13.101
18.133
195.614
173.402
28.546
4.514
20.712
4.999
15.467
11.609
13.413
11.672
183.105
10.804
23.058
15.953
13.706
14.193
62.686
353.236
9.192
23.779
10.352
13.067
28.037
8.776
12.359
21.008
161.360
19.311
318.187
21.055
24.149
427.649
7.967
25.702
9.226
16.034
360.935
22.564
12.325
9.801
15.193
10.686
24.092
176.424
323.643
9.474
7.759
63.137
21.681
446.704
26.359
284.608
13.303
5.341
125.058
9.094
20.278
7.048
39.352
13.296
17.851
12.964
343.897
397.016
394.577
341.210
452.744
20.713
15.152
417.746
15.591
438.591
11.951
274.798
18.204
9.275
13.368
17.273
19.303
302.392
17.420
312.070
5.648
273.505
7.541
340.211
5.458
229.413
357.327
9.999
15.688
21.041
26.600
20.189
99.101
6.777
236.936
320.001
272.488
169.244
15.006
116.035
195.620
270.120
18.959
7.878
348.536
10.926
19.523
287.315
15.645
14.580
19.527
211.041
28.361
15.440
369.341
337.856
24.163
319.958
481.021
15.008
298.243
14.379
10.644
9.748
30.502
295.907
9.693
16.937
124.258
17.393
14.492
16.060
289.811
10.418
329.621
28.200
239.578
6.962
470.593
5.657
20.480
11.128
16.473
8.295
19.570
26.381
13.076
15.198
8.497
133.250
10.769
23.995
137.522
30.642
227.978
23.820
16.508
33.406
6.704
18.319
325.724
125.815
9.692
267.709
301.585
18.034
15.398
249.308
20.725
27.352
16.286
210.480
425.073
31.295
5.821
12.599
25.563
19.261
14.078
13.058
10.865
8.686
8.417
22.348
7.698
220.033
239.066
15.527
10.232
153.250
263.957
294.447
19.744
6.754
98.504
8.041
10.974
26.417
190.824
414.510
9.735
3.852
5.644
383.666
197.063
13.216
13.419
5.553
5.374
12.900
7.438
12.618
18.458
211.878
212.927
13.613
11.845
17.847
379.848
20.045
126.805
19.401
132.380
381.426
38.309
17.477
12.819
11.912
246.029
22.953
222.092
11.683
31.505
209.997
7.516
28.679
19.870
20.994
31.995
6.418
12.816
19.251
8.354
37.518
17.843
9.177
335.426
316.050
11.484
9.257
15.505
31.565
8.738
11.412
8.670
19.913
9.219
286.087
12.240
361.307
485.896
340.033
19.994
15.104
13.292
22.638
17.849
8.646
204.408
32.828
26.467
4.668
13.642
24.284
13.401
290.164
168.379
12.442
103.444
15.600
5.428
15.095
220.311
14.959
14.860
9.636
38.810
348.715
288.136
306.897
85.934
13.936
319.292
28.225
348.681
19.783
10.880
23.113
16.117
30.831
7.724
6.170
39.969
10.057
184.326
26.368
10.189
26.807
3.497
10.952
23.193
20.561
24.140
19.412
24.100
18.147
13.162
20.885
7.981
28.119
36.155
7.387
155.795
21.153
11.426
7.750
230.411
489.282
375.429
12.376
93.283
280.032
15.382
307.567
29.043
11.590
18.137
9.939
137.218
186.803
12.802
32.989
119.539
6.912
16.443
22.305
4.770
13.566
113.442
30.341
8.296
17.529
16.588
9.284
11.229
21.705
6.534
11.843
15.307
8.491
27.212
12.997
200.582
26.662
20.231
11.366
23.115
199.354
7.765
21.607
12.876
21.611
222.864
10.667
194.014
13.218
377.638
84.093
11.220
253.821
32.985
25.095
410.847
19.208
188.950
106.808
20.512
13.966
261.694
254.605
17.055
15.602
310.571
254.464
17.329
9.586
10.682
19.182
271.645
13.438
8.234
291.792
5.723
28.515
320.958
12.008
13.860
66.109
14.232
141.191
276.150
13.863
12.068
18.878
271.499
26.539
388.036
156.781
164.002
193.204
10.174
9.921
5.529
17.340
126.086
21.364
15.123
130.127
17.131
19.290
14.884
244.707
257.487
325.456
7.873
11.279
302.431
281.382
415.901
21.959
30.360
23.367
27.497
1.574
9.652
14.635
461.052
14.007
348.272
10.269
17.642
19.812
16.561
6.157
10.449
12.186
15.661
167.250
17.806
8.940
8.421
21.385
179.536
366.025
316.307
13.889
10.727
260.999
20.720
28.062
319.455
7.525
14.975
234.456
292.454
14.250
168.766
353.378
282.896
5.940
167.833
13.963
8.100
14.786
9.964
13.058
5.489
6.027
188.842
180.130
205.565
264.240
376.863
220.189
20.978
20.001
221.002
4.262
20.743
326.013
270.545
211.559
8.467
7.358
61.362
289.582
14.171
34.435
259.249
15.812
37.619
209.402
284.230
13.642
222.553
100.992
292.228
290.474
21.498
264.911
168.123
172.018
15.477
8.868
13.771
24.821
284.071
158.601
8.303
8.648
259.521
33.714
7.411
23.362
143.593
21.911
402.041
14.409
8.693
78.758
17.995
13.639
21.610
99.911
85.600
68.697
12.305
18.684
251.294
14.180
9.067
17.899
105.045
6.273
227.799
11.500
16.085
82.129
235.186
127.048
336.797
12.857
14.690
29.866
85.620
6.818
150.422
231.281
158.727
18.457
150.038
16.223
255.226
213.191
149.840
29.888
10.900
184.842
8.678
11.669
1.736
97.470
38.473
50.350
25.422
7.342
10.619
9.405
121.872
21.931
280.790
9.463
18.305
70.165
17.018
32.595
29.565
196.769
11.918
10.905
227.971
371.485
45.824
131.892
18.159
17.729
147.034
351.916
10.625
23.293
167.977
12.660
21.313
217.164
110.998
15.711
32.599
98.411
7.436
218.938
13.790
11.536
264.192
31.828
9.951
417.310
9.325
12.504
7.033
8.434
33.219
9.054
18.515
183.714
19.231
11.308
252.017
449.731
171.457
9.658
12.785
26.019
10.345
84.017
17.429
22.424
257.104
26.016
115.675
360.308
228.739
10.946
20.036
349.149
16.632
47.339
14.530
23.338
5.664
25.177
7.508
11.630
12.785
312.942
361.349
23.134
145.865
215.647
366.378
100.913
13.373
22.851
10.336
175.869
223.957
470.426
15.608
377.837
19.815
337.715
17.461
428.655
300.204
360.085
157.843
31.556
8.994
347.129
12.583
19.564
10.840
472.441
328.610
194.090
8.852
34.480
48.569
18.344
15.374
306.384
142.965
200.633
22.005
12.414
328.185
446.805
377.288
18.022
291.659
341.979
15.672
413.535
371.387
20.370
22.851
5.158
315.083
11.847
257.345
72.801
208.765
8.742
30.721
6.569
260.283
27.663
10.484
18.429
5.757
10.461
112.260
334.885
150.579
19.169
319.527
340.913
264.131
17.139
283.040
154.974
16.653
409.598
20.234
6.089
14.441
302.047
24.990
103.395
98.306
280.079
14.424
410.823
267.465
10.194
333.150
13.850
24.494
431.555
407.693
25.618
218.393
215.511
10.663
296.928
10.699
358.610
196.974
231.458
225.231
26.499
27.528
15.515
188.908
16.923
129.173
352.823
13.505
12.160
44.864
9.701
8.323
18.152
10.993
193.877
35.670
187.346
21.262
18.231
79.185
33.882
6.263
140.370
339.656
15.189
18.684
10.514
282.283
22.125
13.800
7.121
10.222
140.930
14.112
20.116
14.114
4.787
10.389
15.553
15.680
51.010
240.150
303.742
343.328
23.251
290.482
163.687
5.355
14.972
9.986
7.990
23.749
166.490
31.231
199.604
18.142
209.149
18.368
7.955
9.119
265.768
14.397
18.728
281.573
154.069
245.555
24.625
354.397
162.449
92.630
363.157
123.374
119.613
9.538
52.547
12.357
23.030
6.553
367.244
4.220
10.731
12.184
21.801
20.473
15.260
10.075
11.266
219.114
17.353
25.550
10.512
93.328
19.463
336.215
9.581
33.332
14.996
148.557
44.072
344.654
23.081
40.997
163.530
7.182
21.446
15.290
121.563
194.155
14.895
7.361
16.835
19.915
11.961
38.840
15.015
11.978
19.123
343.868
11.632
219.394
20.399
8.150
11.990
21.712
23.500
39.735
20.952
20.360
32.248
21.641
31.525
11.927
15.598
11.546
432.655
8.551
165.990
11.942
30.404
19.117
19.243
13.717
69.937
19.325
183.585
30.085
23.365
28.174
109.191
12.637
336.670
26.766
125.637
19.736
27.887
12.809
26.378
25.867
184.392
13.195
25.323
273.245
17.964
220.577
10.618
32.075
17.844
15.493
19.116
33.153
393.788
12.608
10.908
12.371
22.139
228.055
10.935
29.336
12.152
16.979
182.695
7.055
25.940
10.211
12.734
20.894
10.878
18.488
24.753
22.036
16.973
15.737
22.141
12.814
19.457
7.369
280.719
14.892
23.901
18.476
83.420
265.854
19.793
15.901
30.278
31.376
10.360
20.824
17.516
24.005
6.127
18.502
12.173
18.187
20.714
30.258
24.930
15.838
126.877
18.416
12.852
19.181
17.079
14.140
37.413
15.456
17.799
325.949
19.437
28.455
27.669
22.607
16.339
26.591
16.433
16.474
16.178
21.177
11.736
12.063
29.793
25.308
28.780
23.449
13.787
15.884
18.247
29.752
23.283
84.626
8.797
12.239
14.445
40.084
15.976
21.880
16.263
10.954
27.894
4.190
7.972
13.067
24.049
10.647
22.233
30.038
15.889
20.519
9.493
22.449
38.200
15.432
10.569
12.630
27.322
25.934
16.743
14.022
16.295
28.959
9.063
30.287
33.573
26.349
11.750
15.394
13.083
10.104
15.561
23.793
34.445
22.999
19.836
18.048
9.235
14.255
18.297
22.469
21.334
21.920
11.455
19.090
12.141
10.222
8.731
20.413
17.748
12.176
14.394
17.093
13.722
22.932
6.394
10.370
18.234
5.217
14.487
20.667
5.982
13.245
15.680
6.449
27.247
27.239
23.709
23.125
25.381
17.238
18.407
16.880
16.078
21.031
11.765
10.885
9.992
20.212
14.755
11.303
20.839
371.111
31.955
10.551
17.883
9.096
10.620
8.714
15.010
17.973
31.285
15.895
10.947
21.317
10.899
20.180
21.081
16.027
27.951
15.253
15.020
23.014
262.598
9.109
251.589
8.916
14.171
22.447
232.711
33.255
21.106
14.052
16.356
21.914
154.733
5.050
5.454
5.655
17.584
225.362
237.092
8.735
12.658
19.304
253.157
227.211
13.115
165.863
15.821
217.990
21.054
21.982
136.239
15.328
326.312
23.330
24.717
348.947
24.708
36.601
15.153
14.928
17.412
19.309
15.120
14.760
20.256
256.061
8.965
19.071
39.707
13.605
17.998
102.462
27.582
15.632
18.611
15.617
27.207
23.894
7.694
14.329
24.396
292.987
188.977
15.485
20.202
29.636
13.010
5.161
14.227
12.980
26.481
28.053
9.866
18.175
6.806
56.552
13.579
11.424
6.509
10.466
22.576
13.493
27.917
11.616
27.699
23.823
17.946
34.533
17.739
24.331
10.931
13.160
20.848
14.297
31.382
6.290
7.976
28.417
14.893
21.992
7.977
9.348
27.891
25.075
11.998
14.908
17.034
28.680
19.565
22.576
13.519
21.718
13.392
4.899
12.319
19.184
23.274
15.677
12.285
8.600
30.802
16.734
23.120
21.334
18.065
19.585
16.112
7.271
17.120
24.327
13.599
17.292
8.551
10.984
43.445
15.078
28.161
4.361
13.284
14.483
18.229
7.187
12.797
16.163
29.698
7.205
19.642
16.182
31.863
17.811
10.384
6.720
8.106
26.359
20.612
6.642
29.304
6.159
16.245
15.289
9.545
13.200
16.317
20.362
23.689
7.798
13.245
14.431
19.581
20.575
22.846
10.410
13.827
27.990
10.002
18.425
29.569
12.666
12.196
17.315
13.906
22.743
29.501
6.613
17.716
24.587
22.308
23.664
16.335
13.715
15.110
26.429
19.520
15.234
13.826
13.362
8.782
30.883
32.917
27.891
12.717
16.243
17.778
12.523
34.929
7.405
22.076
9.630
12.400
16.325
36.180
19.411
24.229
27.387
19.162
16.265
23.304
16.524
21.653
28.882
19.637
14.417
16.092
11.792
11.264
12.435
28.816
11.221
11.171
13.739
13.791
15.200
6.962
28.057
27.909
15.322
16.328
17.433
18.737
42.555
19.953
18.113
18.322
9.501
18.283
27.602
12.844
11.903
21.704
28.916
15.881
7.974
23.028
22.008
12.891
21.164
9.993
17.646
12.173
9.432
14.748
14.248
18.577
18.439
20.466
10.070
47.663
23.267
14.353
20.103
32.507
10.572
15.096
13.139
23.013
18.623
11.244
8.864
30.835
45.995
16.734
29.796
6.245
23.451
30.077
13.031
18.478
15.210
23.954
19.966
18.114
11.712
12.340
20.141
12.805
9.841
18.532
19.354
21.708
18.922
25.872
14.096
23.836
18.110
13.969
7.202
13.135
30.010
16.597
20.887
5.686
14.836
11.008
21.526
15.692
31.205
14.857
30.009
9.549
10.513
14.068
19.503
18.295
1.690
12.495
13.017
30.983
10.509
22.622
5.919
27.493
31.042
18.742
26.114
25.459
20.009
20.256
15.321
7.690
11.413
15.447
17.081
7.441
15.402
9.938
15.840
9.316
17.566
20.907
17.148
28.716
15.379
8.536
26.374
8.103
12.059
19.010
17.402
5.637
5.143
26.718
12.749
22.464
20.962
16.205
16.926
21.135
23.591
8.191
7.894
16.803
24.366
19.623
14.606
12.234
14.835
26.172
7.575
36.382
19.092
7.139
12.799
7.196
29.513
11.346
19.535
3.658
18.530
43.931
15.252
8.000
10.975
15.638
5.714
17.459
13.182
8.643
11.818
16.798
14.854
9.540
17.588
21.008
13.724
22.547
4.700
4.272
19.249
18.935
36.719
30.080
14.635
9.505
20.513
17.127
15.511
27.245
37.757
20.221
17.237
16.011
14.747
13.255
5.821
20.119
12.151
5.436
12.754
29.229
8.788
49.476
20.303
15.509
20.541
9.145
14.217
18.078
3.910
7.679
19.197
13.052
22.875
19.449
15.863
16.447
16.771
9.011
22.159
19.680
6.536
15.645
13.887
15.951
8.871
11.158
16.688
11.940
5.170
38.704
16.472
14.690
35.713
9.511
6.849
12.646
28.274
12.869
3.800
8.461
14.253
21.036
7.720
16.937
8.508
22.308
14.422
28.824
27.166
4.490
19.096
15.953
10.489
442.962
12.072
16.817
49.203
9.764
29.565
7.753
7.442
24.358
11.387
11.271
11.717
16.280
14.445
8.631
7.433
9.317
20.026
380.746
5.049
20.794
24.983
25.287
28.949
21.536
136.018
12.717
22.268
15.746
24.517
12.856
20.129
28.532
17.814
11.274
9.558
28.851
8.666
17.667
26.450
7.788
8.962
13.090
426.429
18.502
9.725
8.540
41.851
8.180
17.021
24.487
19.742
15.546
308.634
30.465
7.920
12.676
6.138
20.698
14.404
10.665
237.098
11.408
24.348
40.001
27.186
32.240
7.603
145.482
25.707
15.480
27.627
9.084
9.486
8.543
20.492
28.771
8.272
15.317
11.715
22.248
191.242
187.613
17.662
27.584
28.806
18.342
18.324
11.912
7.190
23.942
17.374
344.300
3.709
283.311
295.702
8.998
15.676
18.410
11.157
31.183
10.551
19.528
13.352
11.692
34.134
21.706
12.046
13.942
22.354
22.901
22.276
6.243
27.581
14.076
38.137
14.971
24.729
9.868
5.426
9.888
20.631
8.678
24.528
12.040
17.781
30.613
6.597
12.068
12.117
17.004
21.205
6.584
12.839
14.912
27.279
7.025
27.630
15.549
21.661
15.007
23.680
12.382
17.832
10.684
4.798
8.605
9.574
28.732
31.513
15.895
31.162
22.442
14.570
10.950
46.893
11.822
11.248
13.772
14.951
13.673
36.987
5.200
3.310
12.270
20.788
33.823
45.928
7.258
8.423
23.963
14.692
13.573
31.065
9.668
11.926
7.371
6.413
12.285
21.521
9.289
17.469
14.909
17.809
9.409
16.897
26.605
14.226
19.511
16.289
6.147
16.849
37.579
13.372
16.227
40.380
18.391
7.795
26.435
6.803
25.516
25.790
21.367
29.035
10.493
18.824
27.881
10.539
16.059
37.969
32.539
20.729
10.618
16.620
10.749
32.136
14.507
6.142
20.242
22.923
17.129
24.551
22.059
9.413
34.889
25.632
11.690
18.530
7.458
73.361
48.536
19.644
14.664
12.507
19.830
41.697
14.516
8.688
14.406
9.083
15.682
28.324
20.372
14.440
33.073
15.662
15.226
30.586
22.261
27.485
12.734
9.012
21.992
19.853
18.093
28.497
5.212
26.986
37.747
20.096
14.031
18.594
8.814
15.534
21.706
26.551
8.805
36.625
6.733
12.166
7.024
21.549
8.352
6.493
34.257
35.246
25.782
12.115
12.446
10.904
13.957
36.650
22.583
32.122
4.092
11.571
25.438
16.323
22.171
15.691
22.439
17.715
24.845
24.561
20.775
15.296
18.744
12.314
6.897
27.022
24.581
27.069
17.993
7.381
14.808
20.925
6.518
9.616
4.696
26.509
27.647
28.310
13.657
8.293
21.336
10.537
19.090
17.566
10.615
12.094
8.685
16.456
22.080
11.946
17.562
12.841
10.473
22.233
17.955
9.876
12.700
26.473
11.487
24.173
34.469
11.109
19.679
11.957
15.753
41.736
25.284
28.964
13.465
6.341
14.949
40.775
16.664
15.238
17.791
13.622
10.785
15.439
23.993
171.785
12.065
15.188
13.936
51.364
11.507
22.569
15.255
18.220
27.357
8.203
17.020
7.143
16.050
32.186
6.052
14.190
10.100
6.425
26.251
7.065
19.312
5.240
31.507
10.620
10.660
7.792
24.797
3.662
12.725
19.689
14.590
19.309
26.651
29.045
14.360
154.265
28.389
16.845
15.867
25.134
49.964
20.173
38.906
25.341
41.132
5.844
15.804
36.575
16.726
15.262
32.947
33.618
5.335
12.334
8.318
41.158
12.513
43.164
13.786
15.446
19.310
26.434
17.456
11.648
55.972
10.985
31.581
22.999
13.927
18.517
9.895
28.631
19.906
9.378
37.265
11.113
12.078
14.913
9.885
6.828
25.837
15.995
8.697
170.129
16.571
30.569
24.869
14.647
27.668
32.585
6.455
22.144
14.721
34.743
19.697
19.022
12.740
42.744
46.730
13.955
19.040
10.886
10.293
10.631
10.725
8.001
14.110
10.629
1.745
11.379
47.612
19.552
8.033
19.267
16.170
18.261
9.443
15.179
27.623
21.708
14.248
23.706
7.329
17.068
13.025
20.716
32.938
13.049
7.562
11.059
33.391
73.910
12.112
33.589
484.332
31.499
6.902
10.414
21.930
11.617
10.885
14.355
12.120
8.602
24.235
6.346
25.279
9.682
29.807
14.043
25.586
11.649
17.348
6.840
43.766
62.412
10.805
8.891
7.736
20.698
19.032
39.412
14.766
37.430
18.588
29.064
10.705
16.527
16.852
12.923
14.813
16.285
17.175
20.560
30.033
24.520
9.886
13.661
34.547
6.334
16.711
23.314
4.696
13.143
20.513
16.497
10.807
25.729
244.141
337.008
12.168
6.446
37.159
12.418
27.812
28.828
33.757
484.349
23.818
13.751
24.666
4.228
32.968
27.139
29.642
16.741
17.156
26.002
20.563
20.233
21.262
18.392
44.148
10.395
15.120
10.370
16.739
21.089
22.747
13.029
7.553
21.736
13.683
21.865
11.669
8.933
8.677
19.984
8.702
23.972
22.230
9.649
9.614
299.994
9.307
11.170
11.133
33.931
400.712
19.062
5.869
4.602
9.679
24.164
28.032
15.302
17.684
10.368
23.440
3.294
8.693
19.587
39.494
22.311
17.640
39.941
13.478
32.906
10.642
21.053
16.296
13.216
17.786
21.699
24.136
26.042
7.792
7.169
6.860
34.319
16.004
33.933
40.238
11.656
13.725
9.764
14.618
13.970
12.869
16.241
4.973
18.271
7.123
7.828
14.225
25.769
5.174
29.233
19.137
33.110
17.338
16.133
7.904
26.341
13.030
24.653
14.358
7.679
10.236
15.349
15.715
11.826
10.667
11.152
15.554
11.307
11.033
45.598
43.528
13.545
17.534
18.457
14.786
9.901
8.393
34.918
24.599
15.829
19.316
20.720
39.527
14.961
7.408
18.870
12.764
5.782
224.082
7.515
74.649
16.643
5.659
11.199
29.784
12.893
19.383
8.212
48.595
15.426
20.555
6.273
8.150
8.204
7.080
37.315
5.477
34.139
15.191
7.698
46.487
25.612
21.894
38.969
19.547
14.132
43.287
34.060
9.968
19.753
22.707
10.252
17.645
18.328
22.949
11.031
41.509
5.642
29.433
16.067
26.001
16.192
20.612
10.801
18.926
15.839
13.961
18.352
41.348
46.157
31.847
23.052
56.573
79.166
55.608
26.433
9.385
23.829
27.907
226.613
19.185
9.574
15.340
21.423
16.905
12.223
16.653
34.464
12.678
16.107
382.826
25.931
13.660
359.348
11.318
13.330
32.368
297.495
37.268
16.384
16.946
23.418
140.910
48.946
14.898
13.071
38.382
15.617
3.340
8.936
24.516
41.715
29.852
4.066
43.952
16.961
7.376
9.827
489.985
8.481
7.395
32.385
4.405
17.348
6.881
16.687
11.440
18.781
5.960
13.656
56.160
52.304
6.176
25.276
22.080
531.024
12.907
25.992
17.136
52.450
12.478
420.046
7.312
11.503
50.634
14.731
36.070
5.825
23.580
13.731
27.697
51.251
29.216
14.477
47.738
15.898
50.453
10.217
17.220
19.810
15.513
21.682
33.284
9.821
40.515
27.492
29.963
13.817
21.492
19.545
26.055
14.254
17.469
14.743
6.413
32.351
10.407
20.347
46.787
9.483
6.733
46.667
43.221
16.890
9.015
6.292
26.866
14.844
19.614
7.929
58.999
29.577
18.527
39.121
8.572
43.255
11.071
39.769
50.131
30.747
36.731
25.520
11.625
27.278
14.405
17.158
23.659
15.925
48.317
9.844
12.365
11.241
17.357
591.331
34.374
16.896
16.254
49.215
33.850
46.998
22.375
29.050
10.192
48.536
16.027
66.150
30.605
5.492
32.330
14.183
21.659
534.067
8.110
14.634
25.447
13.370
32.518
14.949
25.915
16.331
27.539
40.663
29.930
5.495
45.356
31.474
30.486
9.156
26.317
20.602
17.372
14.638
16.902
7.747
37.614
50.238
20.217
64.027
25.547
10.658
32.707
62.861
40.207
8.836
10.179
28.828
9.632
5.872
11.484
14.464
23.082
11.327
13.582
12.493
69.972
8.454
7.285
20.836
44.923
340.150
27.353
25.028
425.178
425.400
21.178
10.879
20.037
7.370
3.756
12.706
17.354
19.747
386.855
20.056
15.887
11.547
28.619
16.655
8.971
65.570
25.780
355.371
562.287
8.379
13.186
462.476
11.586
25.001
487.862
11.368
28.000
19.010
13.935
16.350
21.929
15.150
12.211
10.381
21.138
11.995
26.852
18.986
43.042
71.814
12.139
48.009
5.267
22.353
9.526
37.178
11.280
12.917
13.167
11.975
13.794
41.709
9.880
14.259
444.578
33.375
404.161
31.371
9.883
7.179
20.066
50.049
482.565
20.316
29.762
14.166
39.697
12.289
17.925
48.261
33.239
10.850
15.859
13.094
36.419
17.727
66.171
27.509
38.444
27.010
51.614
6.951
15.266
46.720
70.540
9.322
50.399
16.788
8.075
43.702
51.980
16.017
47.465
14.236
8.645
522.649
18.650
17.967
21.180
12.605
50.135
4.788
13.675
15.267
50.850
494.682
15.111
21.572
8.848
26.276
21.160
12.830
9.471
26.278
10.420
30.661
7.445
71.533
11.237
41.396
20.244
59.032
279.465
15.559
28.454
12.672
14.105
56.242
16.190
9.211
20.996
25.049
32.724
43.510
18.579
9.734
15.273
63.226
187.831
443.822
14.494
23.708
6.986
8.852
7.014
25.631
6.885
33.338
18.544
24.405
15.373
42.933
13.145
25.798
23.182
16.964
20.722
19.980
41.294
9.188
16.466
11.838
12.119
52.636
11.852
455.502
24.018
24.254
55.017
15.707
13.875
27.142
14.568
15.307
11.814
25.079
8.934
11.223
16.985
11.680
5.548
80.668
52.347
19.067
37.934
31.256
13.608
32.146
7.583
11.138
12.716
17.751
11.505
27.429
28.592
18.934
11.146
8.987
57.955
54.574
51.903
19.505
8.098
33.327
11.611
27.812
25.842
20.472
54.569
53.712
20.501
19.809
31.513
540.303
35.368
472.265
29.451
12.227
22.891
22.287
16.926
34.039
6.619
23.135
683.360
516.336
26.830
12.428
15.898
14.139
24.262
13.050
21.099
5.657
14.648
11.304
432.895
17.729
26.111
19.879
44.091
22.208
13.323
443.698
6.503
17.549
21.923
27.864
21.833
7.346
46.420
16.185
22.947
45.032
508.379
35.566
19.290
16.229
12.582
15.588
450.911
598.325
19.405
8.175
45.260
21.318
30.883
54.734
8.489
44.870
15.798
27.540
13.527
37.101
29.346
22.240
9.370
21.162
6.866
10.284
24.739
12.950
21.279
363.463
493.828
7.775
44.881
15.918
26.210
37.123
26.632
546.208
20.839
31.124
16.691
600.842
39.305
10.622
78.578
33.091
30.493
16.748
3.981
17.509
14.494
16.054
23.541
14.400
425.654
17.155
17.277
8.153
323.209
33.386
24.737
581.073
27.998
14.787
458.047
28.201
238.728
12.501
18.187
40.006
55.362
45.857
34.110
24.030
67.990
8.242
16.357
15.713
29.617
24.030
43.100
33.103
13.618
29.230
47.027
27.614
10.208
30.592
20.065
567.750
668.207
30.588
9.734
538.958
32.591
14.269
558.988
42.519
595.531
39.346
87.282
41.807
611.436
4.446
9.139
74.848
4.939
21.484
46.804
23.006
64.105
13.499
16.950
13.768
585.735
51.775
688.231
15.758
359.921
8.011
33.856
35.142
506.860
29.564
27.114
6.663
11.156
46.095
24.536
36.845
10.317
56.926
39.530
20.201
23.622
25.346
11.676
10.707
9.214
23.963
474.264
28.162
9.926
13.718
25.207
14.494
28.366
11.967
467.547
466.454
12.682
23.699
25.228
41.916
250.412
592.820
16.720
17.714
30.590
26.275
361.679
32.390
24.665
400.859
12.160
21.585
35.412
13.075
515.162
8.059
27.312
12.392
35.383
582.666
56.527
30.211
74.131
12.376
25.157
13.609
36.627
13.443
28.008
21.573
60.254
48.234
21.739
30.949
23.382
13.591
611.095
12.782
19.478
34.158
8.254
13.482
32.217
19.086
18.378
14.189
5.901
36.234
7.961
9.683
8.507
42.652
26.595
4.838
396.243
29.804
487.927
20.364
18.165
12.144
11.094
7.892
47.614
402.281
56.214
6.097
14.478
28.112
78.017
23.037
462.763
21.705
17.551
9.305
23.842
46.580
17.583
16.672
5.761
61.255
614.240
34.302
17.466
17.817
32.753
18.412
10.365
6.462
25.230
33.648
6.162
43.948
404.157
10.214
13.168
43.532
19.738
9.730
17.625
614.988
44.912
20.943
231.750
12.773
9.400
16.594
3.632
28.248
31.975
604.445
13.710
25.664
429.389
16.025
27.129
22.118
10.436
10.532
543.458
18.027
15.268
30.309
18.082
676.356
34.190
9.763
818.883
47.591
25.367
7.370
48.772
9.666
39.352
468.374
44.909
13.962
32.039
5.118
26.235
642.878
13.858
10.379
48.856
31.457
13.965
34.483
27.962
22.489
33.021
587.311
43.772
18.234
30.835
9.903
13.066
16.007
37.882
17.749
50.179
9.810
36.213
20.948
29.359
18.304
50.376
20.529
711.655
26.150
16.893
19.054
21.428
14.160
5.495
30.641
15.120
33.585
39.770
4.956
22.095
33.645
398.066
389.995
10.520
45.509
12.048
19.155
9.735
48.616
20.037
31.265
21.822
17.115
56.262
31.306
22.848
17.117
8.409
27.414
10.856
15.681
20.541
24.347
45.365
13.750
14.177
6.365
9.570
17.585
17.578
32.912
6.607
56.588
10.067
29.013
461.741
644.793
341.164
15.703
53.608
32.275
8.920
45.690
9.713
31.700
43.944
13.190
13.971
23.658
29.191
16.823
383.501
4.886
24.769
615.551
447.224
52.405
56.055
12.829
29.441
33.705
9.954
488.836
16.726
527.153
17.297
17.648
15.218
14.865
17.415
12.976
21.736
10.233
604.943
27.983
14.208
29.644
593.430
57.737
42.537
559.497
19.953
77.082
604.255
17.377
586.877
8.255
23.757
475.229
32.846
23.047
24.357
651.778
23.987
64.711
639.348
24.375
8.028
68.086
534.513
419.024
20.190
10.740
8.903
19.508
48.590
587.044
656.377
43.998
29.533
645.622
68.149
26.704
610.418
552.576
13.318
443.058
10.526
804.201
6.408
28.191
19.392
18.886
715.740
624.554
32.553
17.085
7.509
584.011
13.401
432.786
16.298
39.729
574.189
594.892
34.240
622.397
14.607
8.505
685.372
664.871
7.905
39.951
27.997
39.824
733.622
41.731
640.971
301.782
37.355
30.253
25.087
47.406
28.030
23.364
61.056
91.792
6.529
24.360
41.385
32.532
44.530
19.477
20.147
6.407
8.729
19.318
39.431
526.807
11.726
43.653
28.406
20.054
15.296
20.595
417.045
47.282
16.624
24.089
15.664
401.425
45.140
472.792
664.114
68.855
28.870
16.767
50.711
30.011
26.540
13.845
18.048
13.973
10.736
29.243
40.533
26.905
12.964
24.776
39.019
18.505
27.013
5.739
37.386
30.338
22.123
28.684
25.954
47.961
328.854
27.708
11.453
10.788
18.379
12.329
28.953
8.577
59.800
433.015
21.854
15.351
51.519
27.774
486.357
9.688
14.460
22.071
11.727
22.976
12.151
14.753
634.463
20.754
34.060
424.736
32.857
499.668
609.003
31.308
19.475
18.815
8.155
39.033
8.328
20.063
12.561
488.306
493.933
733.935
21.604
662.705
30.767
50.031
13.076
23.613
7.145
13.189
12.972
361.776
668.372
709.637
21.531
515.727
222.655
32.513
11.556
22.373
20.151
29.033
35.214
17.261
36.667
467.526
379.794
424.929
82.924
12.863
18.301
24.979
21.953
26.078
600.492
40.357
28.015
14.892
8.763
493.396
21.780
14.620
13.696
17.211
477.254
45.466
46.435
61.697
25.892
366.843
15.710
14.739
450.222
36.301
19.779
9.825
13.430
18.131
27.424
28.925
32.219
20.555
11.929
57.732
607.560
57.014
52.681
15.225
527.540
34.369
20.081
5.886
39.857
24.790
53.576
48.731
19.178
28.958
21.988
20.452
10.460
174.244
69.128
648.054
14.615
18.166
16.848
11.081
39.997
29.300
10.005
12.031
16.436
531.109
18.375
623.431
8.237
14.903
493.961
9.936
428.380
6.946
31.207
90.711
58.234
549.443
526.664
13.620
692.941
374.839
570.353
567.610
608.569
554.812
7.244
31.971
567.879
9.628
5.599
5.834
11.542
13.414
8.584
17.008
21.864
28.168
10.120
431.752
24.841
46.517
375.090
24.887
27.544
30.120
24.814
16.822
11.696
742.210
34.714
606.999
12.601
498.552
20.737
5.690
651.262
196.275
17.066
82.397
38.739
56.728
14.878
509.760
19.831
7.732
37.306
18.920
494.999
24.089
13.723
18.812
560.915
619.761
17.363
20.421
722.974
502.818
17.867
29.605
605.545
8.328
15.026
35.885
497.391
35.994
519.829
424.055
60.157
598.467
19.856
511.881
403.504
13.025
460.486
597.022
487.798
54.958
74.224
529.091
613.898
61.301
504.906
70.576
554.819
15.755
613.703
417.077
30.054
40.634
60.370
49.506
20.400
44.626
16.525
283.032
646.791
584.698
27.164
9.649
9.983
11.120
520.780
34.371
534.369
17.642
700.916
31.721
19.400
274.442
588.348
596.280
515.031
27.820
42.167
451.747
54.757
631.247
743.471
8.246
450.711
15.083
42.632
40.113
537.069
41.418
453.096
716.060
35.717
27.852
50.522
60.431
358.383
800.363
579.988
47.577
24.460
40.907
303.624
49.407
44.970
499.558
84.412
13.274
522.801
51.797
617.975
47.432
34.521
29.893
11.985
8.576
10.280
487.111
24.610
24.178
27.060
6.164
21.144
69.764
51.067
48.206
13.889
11.853
20.563
11.539
33.300
20.592
21.413
391.301
14.120
17.022
39.741
61.403
29.136
256.411
52.433
6.177
55.365
49.106
705.412
36.592
41.509
449.434
518.801
23.745
46.349
24.736
529.796
32.245
39.871
55.065
32.146
684.609
15.058
13.638
641.307
21.031
111.699
41.082
31.921
560.659
35.608
431.439
45.935
671.630
29.181
370.041
516.497
11.435
29.794
16.601
13.514
16.781
24.732
11.519
51.447
16.549
32.631
66.321
9.097
30.136
10.063
16.645
45.562
19.119
43.512
40.151
585.399
34.753
23.942
69.634
23.648
612.749
13.085
42.539
623.764
50.167
44.794
65.525
59.788
19.421
11.136
17.115
644.243
531.422
12.398
454.829
61.900
34.094
35.365
44.510
21.790
12.335
23.825
43.856
601.909
49.733
20.304
601.241
27.741
11.267
36.284
4.353
39.292
57.492
11.896
21.283
689.266
22.872
12.309
13.969
5.944
16.932
32.264
48.043
77.981
16.331
535.330
17.114
532.407
48.021
16.612
45.728
13.019
490.666
31.852
35.967
15.894
604.845
9.004
9.574
59.774
63.456
39.050
41.618
30.162
43.607
48.906
37.143
11.324
57.102
42.139
787.927
13.118
39.106
26.282
14.709
67.404
436.058
41.348
45.418
702.811
35.417
6.641
58.097
38.770
13.324
5.790
12.956
33.995
4.786
19.219
21.269
436.954
68.647
51.284
25.766
35.718
77.619
26.925
36.694
23.983
20.985
90.026
14.274
8.043
38.289
34.938
38.472
35.561
34.281
46.308
72.400
472.914
15.159
184.863
43.413
29.233
581.533
41.639
709.728
698.413
55.282
21.353
542.804
43.969
652.396
56.846
9.210
656.083
290.357
45.462
11.419
60.606
32.661
69.112
29.389
9.198
600.204
35.742
9.824
32.998
20.735
42.942
15.588
14.594
75.793
16.380
29.419
21.912
11.573
27.160
636.928
33.822
22.279
18.512
28.874
706.298
428.036
680.571
22.749
9.640
28.565
69.084
9.211
68.784
590.532
26.773
32.552
51.876
30.266
4.849
38.966
46.168
53.703
13.995
9.587
45.891
52.205
23.052
64.501
6.526
60.446
29.808
39.514
55.137
19.971
60.576
60.092
734.325
56.878
715.528
35.024
57.491
96.145
18.691
32.947
15.170
503.874
10.639
16.280
19.044
21.405
33.400
28.509
76.892
50.340
18.258
12.707
427.713
6.527
34.502
8.544
45.939
34.028
7.101
27.786
19.389
22.233
34.455
18.455
43.371
5.560
318.248
43.398
24.177
63.733
45.067
784.134
34.150
12.244
725.566
21.678
9.954
23.441
41.971
74.368
754.144
55.540
50.172
49.366
67.589
402.297
51.133
473.911
52.172
11.655
72.378
50.313
27.585
25.198
617.448
84.422
33.064
38.793
53.222
622.976
30.437
367.939
32.603
47.625
600.790
41.412
8.002
53.118
31.852
556.977
8.518
74.521
7.476
18.381
67.700
25.336
23.307
38.973
61.587
28.959
14.904
28.474
19.906
69.956
39.622
10.347
75.842
20.359
73.062
28.763
22.067
23.067
15.837
14.589
12.644
31.276
17.403
92.819
22.814
81.692
63.270
694.968
14.495
39.672
62.362
21.346
639.722
49.044
744.480
40.825
9.974
57.513
686.778
86.367
51.621
54.459
16.371
16.799
42.458
661.015
27.381
15.562
21.261
14.368
227.207
18.049
401.491
43.004
35.836
46.575
49.089
599.699
40.338
10.957
4.496
40.082
15.081
550.090
53.777
454.532
26.536
11.284
32.216
54.813
393.366
430.920
55.978
633.114
16.668
21.409
24.952
45.510
6.514
95.326
23.566
44.238
49.144
322.148
12.526
48.554
20.148
33.155
17.705
50.395
592.372
581.245
11.244
412.701
735.571
22.940
23.226
22.897
54.612
291.090
43.761
13.013
767.871
41.683
48.186
527.583
576.442
33.005
21.597
24.068
19.304
29.709
154.808
105.019
31.064
4.906
19.268
387.054
17.188
58.897
65.960
15.360
7.998
390.637
24.945
539.084
465.249
41.022
13.118
626.361
53.960
28.935
507.216
26.134
52.852
742.749
16.719
17.270
554.495
34.989
372.569
38.016
28.410
582.262
16.055
11.898
463.851
23.933
21.019
9.819
514.532
16.154
5.243
57.992
35.805
18.627
18.882
678.050
25.422
57.345
59.256
483.257
41.321
10.624
36.403
34.625
69.384
30.738
363.988
24.939
54.102
375.180
36.139
631.679
16.996
531.156
49.319
29.666
666.473
730.375
414.757
9.550
34.563
26.173
30.613
457.487
24.933
41.336
17.511
57.100
6.320
330.767
41.496
604.111
41.474
50.753
14.376
54.318
18.212
10.060
68.269
9.944
6.552
67.551
37.088
486.801
477.436
539.281
34.470
54.052
97.625
9.075
43.317
23.556
7.728
69.128
18.730
51.236
14.613
469.790
21.659
459.602
30.785
725.096
6.729
10.117
609.553
499.631
208.418
353.418
618.065
39.999
20.199
81.153
628.329
17.452
532.057
43.209
35.689
40.996
26.328
69.275
489.134
710.671
18.025
76.464
58.910
421.855
66.054
41.593
43.923
20.808
36.412
51.087
48.893
26.287
503.032
39.246
19.752
16.947
31.692
504.423
463.734
350.402
26.918
627.304
11.754
31.873
38.504
65.770
308.812
9.677
16.717
18.029
25.963
24.553
544.488
301.251
38.131
14.339
18.901
19.176
36.788
18.862
78.357
29.501
642.211
45.023
36.015
383.508
34.788
9.489
28.551
16.219
608.981
19.996
16.742
44.467
731.034
15.978
20.147
402.777
16.285
649.204
22.239
14.652
43.294
638.046
39.920
542.687
28.460
24.647
31.679
56.541
619.257
9.469
22.993
63.112
650.599
7.501
11.587
189.322
50.065
19.829
400.599
76.014
382.850
525.199
499.113
70.768
20.419
53.094
596.062
64.349
34.359
42.627
14.377
9.753
75.750
27.992
398.006
20.575
39.826
29.435
23.427
75.892
8.103
16.279
54.642
34.789
520.486
21.096
20.188
574.984
94.327
19.264
46.160
524.893
27.142
32.183
678.678
472.409
726.102
410.284
59.116
58.742
14.104
637.839
68.157
24.343
34.054
62.633
453.177
16.950
33.669
474.213
47.880
14.053
11.017
42.706
14.980
14.617
208.879
596.636
24.785
49.372
491.169
521.890
37.816
18.604
31.362
360.150
45.728
29.285
35.671
657.810
33.880
20.270
44.888
229.317
34.805
33.707
60.633
467.880
325.896
725.299
712.031
11.347
35.297
27.105
43.541
19.691
46.417
41.753
719.811
60.424
631.949
39.268
10.896
96.251
473.941
65.739
483.885
47.896
469.354
324.710
17.280
278.360
48.198
617.819
45.085
520.970
31.244
441.086
27.432
32.807
531.636
579.669
29.413
67.388
63.840
43.347
17.530
754.194
418.603
412.508
721.550
20.335
20.553
18.762
15.694
760.855
245.058
12.127
709.772
64.491
592.137
24.098
7.339
17.822
17.991
403.917
38.369
754.428
28.142
47.238
33.543
11.820
55.473
13.059
35.846
21.882
28.887
8.283
53.552
39.292
543.678
108.322
618.666
526.786
600.264
7.149
86.966
512.416
31.860
29.766
51.463
26.112
55.821
25.377
704.622
13.716
41.199
47.802
53.702
574.081
10.709
14.636
21.609
17.381
15.584
26.481
23.469
15.879
740.767
50.890
13.460
444.986
19.420
22.368
36.928
18.984
605.113
8.169
28.607
22.767
78.041
39.494
589.037
21.743
79.369
93.382
64.016
38.953
50.710
15.362
10.508
566.138
755.016
8.662
14.967
43.960
90.605
480.994
17.882
25.515
19.241
15.682
22.491
67.973
83.346
23.898
23.922
610.774
756.737
25.331
23.413
42.698
47.562
49.008
14.835
10.464
464.335
14.202
70.071
5.094
607.925
474.814
31.576
646.686
615.182
12.389
47.893
56.635
543.150
480.740
8.564
25.708
655.782
142.946
405.970
21.834
20.949
694.150
489.396
555.123
41.971
629.633
19.780
714.559
4.764
427.315
626.229
35.920
594.857
261.259
360.669
739.290
21.823
431.800
37.964
766.269
38.636
33.725
258.178
17.108
681.282
625.578
18.500
502.371
23.884
12.579
23.578
70.909
288.648
24.902
25.585
16.656
537.674
16.440
10.598
31.213
169.225
75.238
26.960
61.900
15.062
64.842
518.840
657.978
15.636
47.055
280.755
14.682
38.831
67.679
415.793
59.016
505.235
543.984
41.872
537.271
25.208
16.898
25.453
59.340
12.904
23.074
457.010
78.865
368.538
96.622
391.267
24.645
47.936
38.170
476.696
63.154
16.193
484.308
23.472
639.687
22.888
64.089
36.775
92.344
30.154
16.113
11.770
22.070
21.107
38.753
52.484
34.000
46.258
52.637
23.341
16.604
19.145
18.127
30.006
524.117
37.510
15.402
599.896
12.189
35.673
19.052
13.455
47.658
15.437
6.025
15.900
632.145
38.284
7.162
433.832
48.454
46.075
30.603
31.003
72.387
641.710
58.073
41.453
26.362
433.499
413.681
30.249
523.191
11.419
41.949
63.508
14.990
9.794
8.720
326.880
19.813
30.584
57.539
40.764
7.734
23.206
7.216
87.732
24.091
26.553
492.460
35.701
649.975
4.789
266.689
69.066
29.868
28.731
21.685
52.068
468.042
67.960
20.753
22.484
11.282
562.883
27.247
18.221
345.862
27.119
8.877
70.819
20.350
9.579
18.496
23.638
90.394
21.120
26.667
41.805
22.509
519.930
18.624
26.054
62.603
20.923
19.089
14.529
358.603
16.669
41.760
16.041
43.671
33.026
7.837
21.093
11.004
11.773
63.457
533.069
44.164
68.702
42.317
567.905
76.035
597.404
44.231
16.307
11.813
27.169
20.202
73.553
27.136
20.778
95.228
23.034
25.408
34.928
44.037
32.663
25.729
492.245
55.851
32.421
19.204
27.157
18.481
8.415
90.188
37.343
20.255
30.385
61.773
61.920
16.941
24.649
377.575
66.870
16.119
264.482
5.065
40.041
53.026
337.390
18.995
309.826
9.880
16.379
14.011
29.939
116.590
16.394
27.713
34.099
58.382
398.000
369.719
41.436
24.381
21.925
26.343
21.431
37.695
23.524
23.260
34.074
71.524
716.749
17.135
4.075
30.584
20.426
50.888
17.370
55.973
494.022
44.562
18.762
22.059
23.615
9.939
63.029
35.863
81.215
14.398
44.461
93.186
618.484
61.770
15.898
56.654
517.338
15.570
507.984
16.516
474.691
12.172
6.231
515.050
11.047
9.628
13.790
276.898
23.069
35.492
12.534
58.870
323.277
11.557
45.659
21.120
153.334
21.003
27.517
57.274
48.753
499.568
11.353
762.942
6.497
99.406
24.458
38.060
21.630
27.839
24.497
517.296
330.828
20.007
494.579
30.770
489.210
92.554
37.807
47.255
33.020
56.380
21.879
449.538
47.836
52.451
25.859
7.728
19.244
295.843
11.827
20.526
109.686
52.940
63.200
46.022
523.199
33.868
85.951
10.564
8.297
76.029
46.934
22.494
25.954
22.618
35.892
22.310
339.567
31.609
15.504
23.665
573.158
19.899
32.141
11.475
36.117
47.703
64.583
22.636
19.797
23.944
16.788
39.675
58.834
548.815
625.984
21.965
21.195
42.651
57.078
31.049
85.531
18.697
23.433
54.321
76.180
45.509
47.992
28.771
68.696
490.882
33.300
58.039
17.095
13.957
19.627
24.533
28.403
25.909
56.638
17.544
68.809
509.843
25.367
34.847
20.082
23.735
36.732
28.875
502.383
22.385
28.419
589.525
9.544
24.425
581.559
51.532
46.764
42.896
31.193
458.787
28.146
16.972
44.794
18.405
7.243
24.658
24.450
15.437
75.541
26.208
77.177
23.990
21.312
44.295
31.690
292.363
16.157
26.206
39.085
11.843
38.355
59.498
14.860
12.279
51.503
109.134
7.424
79.232
52.508
26.205
33.507
53.875
26.214
9.773
53.205
23.797
49.574
13.295
62.553
53.096
29.111
11.305
40.622
69.858
71.056
42.104
29.315
29.090
458.979
23.373
20.868
13.215
9.492
25.575
74.750
83.511
54.445
77.395
15.791
737.655
6.015
81.573
51.707
27.208
31.528
42.004
22.364
70.233
17.537
14.587
8.265
17.935
84.655
537.254
17.790
39.245
98.614
63.664
519.069
6.833
31.070
668.580
10.744
492.491
8.300
5.864
12.705
349.229
22.724
375.246
566.999
41.503
30.531
33.969
467.540
26.165
23.670
362.793
25.654
14.945
591.417
99.765
63.462
560.259
513.696
49.076
32.861
48.808
434.893
351.320
21.708
27.678
41.308
40.491
30.833
10.978
20.181
5.113
571.219
463.668
8.809
54.030
39.995
40.843
5.982
22.492
30.851
32.755
65.333
12.547
59.286
349.406
34.253
20.943
26.959
66.601
28.127
249.336
94.927
31.878
45.424
303.366
12.526
18.620
53.697
327.618
63.751
130.317
34.092
576.536
537.753
37.649
26.093
37.526
41.803
49.927
563.974
16.605
58.590
12.872
532.533
23.090
353.783
495.230
364.104
55.031
17.240
12.083
607.522
490.507
21.739
9.016
15.112
37.888
28.771
652.787
23.021
683.362
426.937
37.253
572.531
583.585
10.157
9.987
690.807
15.889
29.309
555.587
72.033
21.969
18.545
18.681
45.765
20.462
604.727
297.995
72.860
26.217
41.943
15.055
60.231
519.781
53.956
67.119
516.533
29.132
8.773
44.109
8.771
316.639
23.938
544.530
35.325
599.724
12.738
29.729
31.717
56.556
581.396
57.704
16.704
85.899
38.009
14.346
18.993
555.769
30.474
17.987
18.761
56.321
24.217
28.419
9.534
18.451
411.390
35.366
576.386
25.143
46.008
20.644
17.047
112.582
68.789
42.489
573.514
17.141
58.237
407.584
406.343
59.941
24.032
46.457
43.765
27.109
42.415
71.949
86.207
42.963
15.830
38.208
38.481
16.947
27.582
32.456
34.747
54.304
18.200
35.464
21.098
21.751
36.603
30.313
44.341
31.090
505.339
8.179
18.850
449.890
61.154
26.753
26.892
537.985
107.223
61.771
436.974
13.263
20.517
12.200
11.200
494.728
15.557
15.815
10.578
20.174
11.213
23.281
445.842
15.270
40.313
505.203
11.141
681.610
497.349
544.004
649.895
398.655
22.202
41.941
23.944
560.438
15.877
24.782
400.250
22.061
590.642
25.461
27.304
11.877
188.472
17.331
468.121
24.721
15.495
29.356
28.527
416.767
673.650
29.912
691.083
35.059
61.471
41.801
357.070
31.670
31.870
66.198
26.836
13.256
728.708
83.414
377.358
463.240
23.549
48.112
5.018
8.661
8.697
6.016
662.518
487.807
24.084
13.327
60.886
18.992
39.248
33.563
34.254
18.286
53.792
74.374
33.405
283.977
676.349
62.132
9.257
13.257
580.347
29.649
544.749
11.259
336.943
640.159
527.859
29.950
358.406
19.453
469.813
11.877
6.856
58.529
25.239
45.750
24.719
14.456
15.128
478.277
654.981
48.240
9.661
49.795
507.974
28.102
32.069
16.863
452.028
521.788
26.563
28.447
613.584
9.117
443.549
561.460
11.836
271.069
604.936
29.107
41.769
14.764
10.982
17.531
3.886
283.322
18.506
626.101
12.641
15.275
15.621
46.355
37.274
549.752
40.252
37.838
638.500
39.309
17.167
12.352
507.317
631.019
542.740
65.892
643.233
10.376
33.951
477.976
442.299
22.012
11.279
35.632
15.702
232.540
27.809
27.720
19.663
580.988
9.640
511.528
52.877
23.606
14.369
671.479
801.818
451.991
348.563
16.809
8.940
21.609
487.817
25.147
20.061
539.980
56.958
8.714
21.716
26.699
636.404
680.147
557.150
493.474
11.009
9.819
520.753
15.816
11.308
23.001
28.990
349.902
452.934
23.412
17.224
28.811
728.597
645.231
15.187
393.542
505.698
370.920
373.212
21.648
599.494
657.377
14.670
12.467
12.798
588.940
522.698
26.546
23.876
624.044
54.148
34.323
17.338
43.927
63.120
474.138
40.879
26.458
15.009
63.567
618.713
423.863
27.601
743.103
33.082
637.639
727.296
316.212
13.480
449.664
524.555
420.328
418.724
13.869
490.195
31.081
25.867
40.732
586.008
25.553
586.684
396.313
403.565
36.733
34.787
359.177
16.053
637.204
18.213
14.942
704.261
35.545
715.694
24.707
480.665
23.059
306.739
405.274
60.670
657.330
14.299
55.393
687.615
581.603
18.049
395.615
480.406
382.825
577.506
631.127
31.596
467.080
16.337
671.919
766.392
17.967
588.547
423.869
393.617
756.915
622.796
31.795
326.835
21.902
27.894
31.961
30.927
575.385
464.183
394.894
55.466
435.594
709.733
60.366
10.180
509.106
491.060
470.965
736.416
38.910
25.334
509.747
370.451
35.702
14.539
49.413
508.970
704.303
13.429
21.489
43.126
23.543
400.190
15.934
392.954
18.005
668.469
526.428
12.348
27.630
647.355
658.831
12.070
29.089
617.514
16.370
19.702
540.947
572.856
379.391
21.547
502.448
31.316
51.443
467.280
619.031
27.489
43.659
22.235
594.537
15.342
280.390
351.702
35.795
27.729
48.896
10.145
530.743
21.063
496.685
391.373
25.164
436.339
518.706
20.605
491.713
15.508
456.384
822.919
25.053
705.192
465.168
144.857
660.491
73.053
393.109
459.656
398.219
13.137
597.559
414.295
24.931
27.453
17.203
523.920
23.759
16.893
14.565
538.930
40.695
81.366
293.184
16.502
43.157
22.542
13.631
10.015
15.421
27.430
18.270
38.870
516.084
36.048
378.972
13.284
21.297
386.920
273.204
31.216
21.379
83.880
19.967
31.284
95.022
738.254
566.388
15.470
16.299
21.046
25.939
34.202
23.860
30.441
24.568
32.038
13.810
44.390
14.694
18.375
13.484
46.095
406.823
10.344
45.039
30.811
518.032
497.057
30.643
354.083
330.579
23.001
56.096
397.413
24.197
48.142
555.289
41.329
459.161
504.344
16.285
603.324
22.374
14.890
501.167
16.873
65.981
24.589
18.427
27.237
7.369
361.228
30.889
28.814
442.078
315.965
49.486
294.547
18.728
12.064
388.072
632.977
18.154
701.223
342.672
24.849
9.247
412.191
21.929
31.529
9.479
524.387
35.177
542.756
13.466
28.803
36.196
21.314
52.952
37.651
74.035
59.953
640.470
23.673
601.791
29.941
39.380
676.598
21.285
325.525
89.707
21.628
450.951
41.018
38.350
15.176
25.418
441.706
7.978
468.131
44.305
31.363
7.586
16.084
16.349
292.186
429.304
88.471
684.100
708.859
25.017
36.472
11.282
496.985
17.480
12.575
5.489
370.142
46.857
474.581
688.803
537.182
81.846
27.256
619.179
29.236
21.164
502.838
602.123
17.181
455.870
587.489
17.475
29.770
8.067
18.834
38.533
497.843
21.922
422.082
585.562
24.464
95.397
44.370
479.270
8.058
13.673
553.925
13.506
308.426
677.305
396.072
103.073
12.379
69.747
7.681
32.422
793.381
455.789
20.059
200.873
276.593
19.030
18.696
658.960
34.807
22.464
234.422
10.466
66.047
609.585
476.183
39.361
378.389
486.776
439.021
373.117
650.230
54.329
276.369
272.692
26.184
672.413
13.223
24.058
493.017
726.924
266.101
585.061
60.247
156.280
24.977
26.502
634.521
26.416
25.543
453.057
50.966
669.845
25.117
501.400
21.552
553.235
368.417
51.830
17.608
25.095
17.484
385.690
33.837
278.411
62.611
65.498
74.199
27.486
659.882
23.684
731.120
293.390
580.329
22.792
25.801
528.219
13.690
511.693
51.450
22.503
53.160
635.703
201.963
474.193
35.503
22.039
28.388
35.793
407.709
16.488
584.192
18.387
47.018
80.091
123.331
23.603
43.383
55.593
21.340
246.351
53.401
39.681
22.790
26.380
1.475
52.138
37.175
303.564
18.640
30.171
87.083
39.023
438.357
28.210
488.286
28.169
59.387
28.687
53.028
7.777
645.401
12.930
22.063
35.460
492.405
19.679
20.139
52.191
39.801
596.414
14.393
426.781
424.425
35.193
44.519
12.956
218.370
225.040
15.837
81.334
423.331
322.058
342.479
34.072
452.946
368.055
73.267
43.665
17.203
55.384
26.895
72.211
20.784
58.285
374.000
24.799
22.416
25.608
59.056
36.491
15.139
471.900
32.511
52.921
15.358
43.166
16.975
34.322
251.069
27.037
15.675
38.189
48.954
345.499
361.132
25.403
118.600
47.250
415.105
34.898
40.411
27.677
35.501
10.154
9.911
40.995
28.191
40.318
18.498
12.423
18.265
15.243
42.448
522.536
5.080
30.550
558.483
43.301
101.293
66.979
372.933
80.131
15.864
35.659
84.488
25.053
22.426
4.340
86.954
82.600
411.085
21.756
11.035
269.223
73.595
23.324
25.197
429.532
28.611
18.098
77.086
345.810
25.111
397.142
37.324
10.399
56.357
37.031
75.758
233.353
50.271
15.249
27.447
35.367
32.039
22.436
9.355
446.976
22.333
23.768
23.160
15.501
428.680
1.848
41.341
27.563
23.765
40.716
456.939
24.127
19.617
9.833
349.751
3.917
16.199
31.551
45.922
37.815
15.238
522.197
16.408
446.770
449.624
509.524
22.622
51.762
656.315
154.157
17.766
57.648
22.720
51.378
37.537
10.212
80.222
13.589
11.103
574.347
21.700
20.894
20.348
8.706
97.877
46.526
23.693
43.198
528.831
21.666
27.868
24.228
18.616
14.281
24.412
539.169
367.263
25.985
80.489
54.352
46.857
515.251
23.734
43.899
8.345
21.822
732.064
16.591
396.220
35.970
585.545
33.378
44.690
10.803
633.472
557.471
492.929
35.844
22.561
33.225
521.746
285.926
9.165
18.546
57.985
53.556
36.134
557.723
23.236
17.445
55.706
439.334
46.411
418.745
12.383
17.291
11.599
44.582
413.784
591.958
559.175
615.156
26.796
484.867
37.253
639.550
32.067
25.589
35.615
449.088
493.663
17.829
28.753
554.713
430.552
525.525
171.984
21.922
10.001
17.834
19.586
46.466
21.491
37.880
48.279
29.406
384.167
19.373
90.915
19.360
463.252
442.953
508.658
511.739
552.791
498.781
9.319
18.509
475.982
17.485
616.744
318.049
14.168
513.094
602.903
61.733
29.940
45.335
166.547
7.260
454.642
24.228
22.552
72.173
25.457
260.191
19.972
17.819
537.457
14.902
25.580
18.917
39.536
33.713
18.482
292.719
33.118
25.680
36.345
41.265
458.428
356.520
49.253
16.240
10.623
10.162
477.729
19.563
509.243
17.387
14.187
282.319
287.926
18.750
248.171
360.883
64.964
308.608
516.447
417.919
37.290
556.340
631.299
46.768
75.162
421.225
576.736
16.879
10.430
40.818
21.232
527.640
34.232
25.430
611.898
23.925
24.351
29.142
25.723
40.819
13.215
45.383
426.964
74.833
46.199
20.983
458.208
47.860
18.454
250.824
474.459
296.902
68.554
362.909
37.103
25.547
234.736
5.905
18.527
49.945
672.396
66.390
21.236
21.790
26.438
19.565
422.297
46.667
416.111
308.375
576.523
325.540
518.481
46.006
625.525
354.466
78.499
29.161
32.537
44.803
430.805
9.122
41.223
18.592
44.739
27.596
59.281
486.875
5.181
11.946
21.733
14.033
360.912
327.893
41.117
40.179
61.335
165.729
28.701
15.324
50.023
37.999
17.639
22.969
36.502
445.013
29.408
15.342
401.978
8.659
58.003
299.728
18.972
17.272
15.623
297.419
116.872
379.570
207.769
381.349
33.150
32.324
77.208
15.978
21.312
58.331
9.690
16.269
111.482
46.253
19.965
50.437
11.396
53.738
29.412
57.823
33.851
285.885
82.630
19.454
12.397
293.232
47.614
53.475
22.573
33.700
20.281
227.372
24.822
402.683
22.218
42.529
51.747
20.995
294.394
21.734
21.958
26.511
37.951
425.762
350.517
21.465
28.123
60.393
27.784
458.811
315.260
19.400
11.105
51.297
38.651
15.702
36.786
35.822
34.499
541.095
12.517
22.128
19.854
29.671
535.653
7.835
576.418
480.786
17.191
26.589
302.451
25.069
49.069
231.490
31.172
9.217
13.610
623.384
89.836
31.770
43.605
36.402
37.870
204.614
14.299
24.765
216.665
357.937
29.204
372.190
19.432
38.734
11.474
54.745
241.887
11.617
16.591
95.372
464.531
28.698
24.740
24.915
104.433
33.485
112.309
45.345
20.571
8.150
68.288
7.458
4.288
21.157
183.507
38.997
25.993
21.167
52.949
40.109
63.016
30.067
515.365
14.561
44.603
29.072
429.685
287.396
9.043
49.886
11.995
470.437
34.720
46.279
24.137
32.515
12.917
18.192
110.138
52.873
14.736
13.851
410.446
593.263
305.548
23.840
474.457
11.017
387.326
518.855
514.095
25.507
34.868
413.950
7.542
59.531
688.206
34.227
24.876
11.737
33.636
49.523
413.504
348.174
80.860
11.817
43.752
27.265
370.064
14.715
16.613
8.560
47.354
31.854
652.971
20.092
146.826
83.136
56.832
61.915
41.034
11.099
20.768
602.769
47.428
26.483
40.089
11.167
27.078
27.370
51.556
18.661
16.381
136.014
155.620
19.617
103.752
525.638
505.463
39.034
18.537
13.965
17.873
22.227
62.876
14.980
520.991
30.518
25.772
80.754
424.417
37.673
89.767
16.696
465.992
473.039
10.287
12.031
29.977
15.784
28.168
589.945
18.826
22.238
44.515
22.649
75.490
31.070
36.305
11.276
36.592
11.105
21.591
394.973
13.218
23.776
48.837
11.348
19.313
74.168
38.038
386.128
494.258
30.035
493.107
20.066
50.032
77.215
164.811
21.301
24.355
477.406
23.314
596.166
20.589
11.016
319.589
219.011
12.958
403.347
472.445
18.578
494.599
630.929
380.675
436.599
429.697
17.723
48.645
15.255
18.704
475.317
163.068
73.310
48.050
14.159
41.552
30.405
16.516
349.615
9.541
27.613
401.864
45.106
17.886
16.999
400.044
18.772
339.441
19.625
463.792
11.598
44.357
20.353
37.798
564.299
550.985
435.243
19.255
736.182
20.908
277.859
532.617
600.015
23.931
23.356
27.604
12.186
49.847
350.863
300.639
37.650
35.539
427.200
62.294
14.991
20.679
570.383
405.939
35.808
26.266
100.737
99.461
26.018
60.441
654.271
21.170
269.184
22.654
556.952
29.353
361.804
484.858
41.199
33.630
424.557
247.271
530.556
11.063
32.754
372.525
455.901
212.414
485.451
360.536
6.491
26.925
409.515
424.832
38.874
65.544
458.469
78.857
14.646
541.873
648.516
17.779
19.553
48.782
519.144
21.565
578.928
17.833
593.629
79.851
482.408
271.333
20.979
644.878
70.237
259.707
17.924
14.532
387.052
27.449
423.651
469.669
477.108
11.618
473.703
28.486
40.904
375.146
35.747
17.717
78.705
36.045
11.200
523.102
29.142
32.161
36.525
23.804
27.989
340.438
9.295
34.745
457.381
15.625
25.768
28.268
360.352
32.309
32.204
550.889
15.875
74.329
57.516
25.336
38.068
74.475
300.939
13.428
9.476
527.681
20.307
436.357
22.003
33.540
87.927
23.732
50.983
392.477
53.075
55.994
14.204
13.579
36.593
88.125
8.155
164.505
172.061
30.194
28.347
34.090
27.675
57.737
21.921
463.272
323.316
619.939
15.473
620.313
450.936
217.299
13.045
12.884
776.903
34.913
31.410
29.083
629.424
99.866
34.612
482.147
30.595
28.868
12.469
661.664
516.165
17.298
43.295
544.184
728.680
436.058
51.523
307.477
20.118
25.596
413.692
643.512
51.578
84.631
423.180
10.273
76.476
32.834
54.755
71.759
15.068
263.616
13.019
29.386
63.945
70.586
55.444
20.620
339.448
35.295
273.880
19.131
10.551
68.671
17.913
82.615
19.649
571.844
40.575
13.947
15.958
65.744
115.778
16.754
55.784
46.051
109.439
30.082
25.159
52.083
25.498
26.169
40.115
33.797
40.432
449.253
48.498
26.836
366.239
61.227
17.394
45.805
296.822
144.693
416.432
11.673
103.945
22.036
21.232
33.620
132.554
368.663
41.468
21.181
30.484
38.143
116.613
12.490
11.562
522.946
45.330
31.578
24.606
13.302
17.439
38.159
26.993
304.625
35.549
38.134
71.316
32.848
65.598
34.613
363.289
23.336
16.892
14.488
32.744
440.162
20.344
475.328
23.377
28.224
407.930
4.701
38.296
274.485
11.171
438.441
31.358
346.635
325.396
12.509
25.226
21.120
58.138
488.422
362.779
43.829
381.112
256.378
52.342
66.310
351.513
488.652
17.291
19.869
18.899
164.669
14.215
534.671
13.114
42.783
436.763
9.410
50.862
253.613
45.201
25.458
41.432
16.882
30.730
28.596
29.771
515.647
77.425
51.602
190.319
15.569
14.142
23.728
317.169
65.276
104.111
9.974
88.756
46.823
9.693
18.325
268.474
48.380
76.475
380.851
60.146
27.085
15.222
366.691
48.388
28.261
16.241
16.584
201.997
33.864
47.409
9.507
10.456
72.095
33.342
12.183
13.303
300.623
20.762
256.269
188.898
489.939
521.717
25.995
231.881
21.219
417.701
88.368
13.240
38.757
11.269
44.507
11.139
51.373
55.048
304.021
32.439
13.586
51.545
37.387
16.034
8.225
32.799
43.130
79.741
86.819
281.889
19.985
94.260
55.133
73.090
57.167
35.090
25.920
14.219
63.629
35.839
51.394
11.570
19.658
144.547
17.530
60.911
254.603
374.565
274.331
84.066
413.732
61.918
251.159
43.826
82.287
413.474
56.848
95.812
57.924
15.687
46.878
43.391
82.304
28.098
21.699
24.888
290.054
50.026
73.964
227.106
163.026
31.103
30.362
44.306
23.816
80.814
24.631
18.152
35.284
68.261
49.723
65.839
37.100
24.118
29.553
328.294
42.034
113.326
20.323
349.780
15.659
17.361
73.358
63.859
9.824
210.002
16.637
27.165
27.573
43.141
34.708
71.775
32.029
44.626
40.430
50.235
33.972
17.585
124.802
41.328
16.941
47.725
68.289
50.057
39.883
19.316
297.820
37.857
20.314
46.922
16.091
48.780
58.317
43.051
26.809
99.951
105.418
270.153
187.413
89.030
12.806
38.630
19.651
48.609
38.739
179.384
463.130
19.614
67.234
21.819
101.906
18.591
225.871
68.764
492.926
42.128
40.117
24.731
37.121
57.816
41.796
57.181
314.255
63.272
27.455
202.143
82.803
37.764
21.873
47.521
69.272
70.984
249.207
61.022
39.302
46.579
251.704
43.453
408.057
30.024
46.386
16.183
16.270
32.760
21.039
218.297
69.182
24.686
26.951
48.266
62.194
38.216
86.796
58.030
69.071
58.536
23.543
70.526
25.967
72.459
70.902
31.346
89.839
8.093
352.758
41.555
37.754
27.678
30.696
55.876
51.377
425.529
11.558
248.019
44.874
17.810
63.282
237.485
44.629
39.822
37.674
11.053
139.748
37.339
45.599
253.595
6.401
34.235
7.491
37.672
34.689
62.238
16.879
21.678
11.970
95.785
335.957
12.122
30.719
40.907
288.661
16.586
500.532
31.348
460.239
519.956
122.260
27.081
359.520
22.115
17.261
63.920
568.695
46.690
100.579
153.704
44.181
59.954
349.291
438.287
96.112
49.680
20.154
39.074
57.132
23.897
9.581
194.179
19.504
43.497
19.630
37.030
221.896
36.985
19.185
35.089
41.134
31.533
15.386
102.169
216.942
96.880
31.843
46.436
16.926
18.158
22.773
21.532
28.769
16.994
86.475
512.320
37.551
21.740
43.443
19.921
12.079
17.171
36.554
453.427
49.177
139.309
28.414
336.710
80.321
84.507
22.099
9.317
55.778
47.130
59.348
341.900
250.337
55.270
30.499
137.787
423.499
115.388
240.568
22.784
282.766
31.444
411.894
28.564
28.990
562.928
51.102
547.517
58.163
83.166
44.918
485.842
421.942
44.124
261.920
528.191
371.163
274.644
11.396
32.360
66.777
41.365
454.176
32.505
48.215
62.360
265.642
20.763
93.868
22.610
13.541
410.589
32.045
16.361
180.542
33.514
51.446
196.478
143.775
19.054
7.100
111.985
27.983
24.619
61.062
34.440
27.664
58.826
90.878
21.708
15.974
50.321
15.351
48.067
34.296
51.995
25.792
252.153
149.838
51.032
357.939
46.432
61.311
306.630
453.567
31.023
47.453
27.776
59.182
100.129
164.909
40.011
15.301
25.989
26.772
87.619
34.034
44.344
63.581
13.658
60.862
34.945
40.383
51.198
68.729
23.542
22.003
23.151
44.990
630.405
23.003
186.474
46.067
37.516
496.471
55.837
235.068
13.116
68.752
403.981
34.317
14.844
18.924
206.016
41.953
46.594
159.622
62.418
27.914
33.770
408.802
44.431
65.708
25.160
10.745
344.686
24.333
68.983
32.088
102.643
47.822
21.257
70.864
443.311
438.427
38.664
353.366
218.182
34.596
9.472
29.629
78.947
434.627
24.203
42.733
471.019
67.402
41.701
551.507
37.023
409.743
10.502
57.398
20.600
143.567
438.756
316.070
339.025
49.060
459.389
65.883
461.691
38.906
408.750
50.184
19.891
574.230
17.718
455.156
24.998
88.505
74.920
378.017
387.574
18.273
571.337
626.733
51.529
242.318
13.719
25.136
64.794
410.896
360.168
49.209
466.583
398.956
45.870
327.219
61.809
4.293
18.446
429.242
17.878
28.298
38.977
563.857
434.713
153.696
57.585
14.679
81.921
520.475
18.608
112.298
344.382
33.275
50.056
101.834
38.263
21.998
27.317
192.535
49.493
306.044
66.236
286.380
181.481
45.765
492.266
48.652
17.075
37.862
301.253
59.102
7.747
56.750
50.462
18.082
33.308
55.783
71.601
14.619
363.886
427.884
65.745
31.789
37.112
24.774
57.004
47.219
73.725
24.421
26.253
109.897
25.303
395.397
231.032
28.596
23.493
39.528
33.052
7.363
36.870
365.018
447.012
471.057
27.489
23.910
30.587
31.636
9.819
53.287
36.236
25.224
36.699
22.945
18.497
26.332
30.425
178.568
21.096
7.252
373.268
25.862
274.078
61.006
74.911
37.973
37.947
15.014
20.430
27.246
112.608
111.305
40.076
88.845
25.061
7.263
27.607
41.981
69.915
30.245
11.163
62.326
36.534
41.016
178.327
321.727
18.720
20.786
30.509
65.101
22.523
267.349
14.399
20.120
23.914
31.476
443.109
456.796
30.766
21.386
45.731
28.552
28.667
67.660
275.304
164.784
95.961
31.105
103.855
272.403
37.699
294.164
68.270
53.539
209.428
360.796
314.519
10.356
59.834
16.948
192.515
66.816
261.892
395.796
74.624
35.642
42.917
49.979
80.886
44.340
77.416
213.134
21.151
389.423
76.518
71.404
30.080
23.602
74.084
77.221
45.537
73.113
37.147
29.020
16.751
28.131
278.019
10.947
44.477
93.265
20.528
90.347
28.683
56.690
42.818
169.505
466.426
97.501
300.791
9.416
331.705
88.375
38.491
51.172
11.829
87.742
70.281
57.915
61.074
46.312
22.867
234.777
15.734
75.585
103.799
18.450
471.941
64.354
21.879
444.040
36.116
367.238
344.093
103.625
387.586
41.845
25.284
18.900
52.668
72.003
401.759
42.347
56.293
24.290
152.239
22.739
14.101
263.112
37.493
37.106
31.497
5.357
50.501
326.470
19.055
78.539
307.204
82.977
65.639
455.158
446.283
7.374
355.435
62.861
323.622
380.374
89.034
81.445
79.379
173.650
39.562
279.028
27.193
100.447
50.422
30.118
25.990
54.530
89.658
38.074
274.898
32.339
53.501
20.496
159.379
22.329
97.360
26.787
10.063
36.412
294.947
337.727
94.441
61.718
374.710
51.264
373.385
49.259
371.886
33.605
362.126
59.350
144.552
29.475
33.059
399.407
90.053
50.323
412.698
237.656
411.240
42.670
21.840
43.200
478.738
54.089
274.281
43.591
38.136
34.724
33.901
42.903
456.611
77.674
190.879
90.665
39.785
364.015
390.987
108.527
306.179
11.174
45.882
59.668
64.568
75.765
286.354
133.093
34.039
36.134
43.065
69.400
59.137
58.748
23.868
120.970
86.024
378.515
285.850
341.172
27.538
47.724
327.739
55.274
19.403
46.506
29.416
411.972
38.248
65.835
30.690
341.217
80.398
95.129
289.998
96.920
416.392
50.396
27.036
373.168
64.010
8.671
12.067
127.236
31.025
62.005
36.150
388.751
13.448
96.981
275.603
56.588
308.498
113.105
44.747
457.855
42.419
409.474
76.948
55.115
341.659
54.102
255.273
74.391
257.977
48.957
105.694
39.787
402.207
328.563
82.500
27.336
38.460
267.983
69.259
12.428
248.220
32.957
420.430
95.718
56.817
70.164
47.425
69.877
59.460
82.541
315.256
39.032
34.332
245.641
54.851
349.258
12.892
37.117
423.309
79.062
47.829
450.804
36.974
58.848
94.657
61.863
39.651
55.254
42.915
259.602
32.003
74.113
68.201
13.751
37.888
29.282
89.786
32.664
31.554
11.756
13.719
426.451
39.296
398.820
44.764
51.539
22.429
42.985
62.943
90.562
30.755
7.501
19.068
21.492
24.239
13.672
132.137
27.248
155.487
27.212
100.030
261.383
28.995
28.428
20.283
434.132
367.576
148.454
64.704
46.998
120.482
70.187
42.919
299.403
53.042
146.955
277.602
60.429
285.893
34.469
446.962
100.770
45.391
294.373
10.414
22.622
124.921
33.457
96.468
51.906
30.315
61.124
258.354
46.598
17.195
414.836
39.846
28.826
354.479
28.026
67.270
276.604
370.805
40.916
11.078
116.472
247.544
48.861
279.469
381.095
320.036
157.039
493.811
286.210
424.548
183.928
306.901
60.065
32.523
33.951
393.362
21.572
31.109
334.870
391.265
65.890
49.852
314.686
37.922
50.119
52.621
71.920
25.146
42.848
11.678
28.776
234.093
194.028
302.749
304.306
112.609
56.356
51.246
318.636
29.754
252.585
199.123
21.105
36.017
400.981
79.902
305.978
183.954
33.569
104.629
229.470
30.088
93.805
18.640
47.508
90.983
393.407
84.469
381.242
17.359
314.055
69.437
38.697
371.524
286.672
62.581
33.102
29.476
91.570
27.445
334.918
44.905
295.662
62.248
322.391
358.533
222.687
53.258
58.819
45.933
63.778
117.718
32.129
69.247
71.064
1.559
26.760
59.628
347.612
319.811
13.609
192.027
62.774
68.735
136.449
70.684
193.641
58.146
47.118
41.010
88.542
180.121
234.362
64.688
144.674
8.187
14.144
51.810
39.935
401.568
210.835
47.417
196.477
333.356
67.374
24.829
361.302
48.355
250.590
50.151
214.702
168.652
88.273
107.970
59.803
31.121
63.472
23.407
11.998
77.825
68.729
47.115
53.028
273.913
45.552
52.003
300.874
74.746
14.867
9.150
32.494
26.522
150.623
54.942
72.883
344.369
351.867
59.614
229.091
21.304
285.598
105.110
7.399
62.074
54.061
64.538
19.703
77.981
42.558
15.760
46.116
270.792
26.644
33.355
8.744
27.899
289.506
282.212
68.413
69.564
64.574
41.230
240.422
16.242
45.272
38.242
51.862
344.913
103.027
36.704
53.282
40.249
62.679
94.598
29.762
9.308
56.449
232.029
338.270
45.582
58.909
339.418
42.192
94.387
439.720
74.574
394.107
237.355
108.743
350.791
280.674
374.721
19.895
97.147
148.905
104.708
9.628
42.823
25.481
398.181
259.629
42.170
45.123
73.313
116.251
15.485
49.405
18.484
22.918
31.659
18.894
259.089
72.457
49.291
82.734
146.404
24.275
50.890
15.158
428.224
11.074
244.154
366.624
32.939
9.554
19.822
32.870
125.913
20.201
46.816
39.628
18.571
24.596
33.238
47.547
181.508
218.928
63.632
14.451
293.365
31.265
222.622
507.164
47.301
76.847
23.456
53.391
13.920
50.945
111.956
313.475
34.206
46.824
36.852
35.470
13.064
57.885
16.628
104.795
52.616
69.238
39.255
338.322
14.367
63.236
76.015
19.916
139.704
198.017
10.958
72.953
45.357
118.496
80.523
15.252
74.170
168.542
136.203
22.382
104.160
157.968
91.205
48.232
61.655
370.859
23.551
36.128
87.735
57.395
40.810
26.703
104.663
332.634
238.121
221.714
276.676
56.159
281.752
315.686
51.773
9.157
122.464
49.768
81.944
65.344
13.786
50.584
63.698
40.873
92.419
40.888
15.471
40.419
38.134
251.740
103.832
249.890
16.131
9.321
78.133
10.820
52.644
41.995
76.451
115.814
31.012
16.691
33.932
13.715
74.293
47.540
12.205
341.740
12.400
386.801
42.077
19.035
49.022
455.663
139.628
304.851
66.868
40.568
116.828
345.290
39.777
368.130
38.300
183.871
53.729
93.644
123.639
43.114
367.675
232.225
68.136
42.447
46.249
62.826
104.660
66.162
25.277
282.337
293.751
97.568
252.671
58.447
243.043
98.880
9.673
44.205
39.999
15.345
6.635
39.978
102.237
128.391
35.368
413.860
74.836
76.758
20.206
59.776
32.724
32.924
37.600
344.740
34.856
52.721
46.427
21.175
32.048
123.727
85.780
296.470
38.776
74.907
86.539
10.349
90.649
386.320
65.504
49.341
341.415
53.173
39.522
56.253
88.724
25.952
25.353
58.670
296.657
20.408
99.166
360.002
74.057
59.667
9.049
273.856
52.409
33.961
306.739
21.445
61.139
150.363
306.398
503.488
50.335
376.579
47.448
180.541
94.782
82.580
166.706
72.655
385.435
426.946
63.754
222.908
84.842
123.488
8.897
29.415
52.276
31.349
87.069
26.134
47.298
121.830
32.785
60.568
298.690
169.114
18.705
182.799
466.090
117.829
143.114
54.632
258.595
62.462
63.279
307.337
30.037
37.829
60.636
23.299
434.043
117.455
32.312
62.192
58.563
47.992
67.609
375.758
10.094
73.682
51.818
14.071
57.743
61.348
38.605
399.665
372.845
276.994
231.154
46.375
107.598
22.292
159.709
108.247
40.227
350.235
90.699
241.789
53.722
297.733
76.697
85.855
68.983
326.362
141.458
51.496
28.705
144.303
211.088
57.765
76.346
196.323
51.558
154.460
203.175
59.037
122.437
106.077
25.472
70.432
275.637
31.234
262.132
164.674
118.145
265.310
289.895
326.849
76.526
177.926
30.364
229.200
104.225
65.855
74.804
44.705
57.081
112.175
128.099
263.942
302.465
173.585
208.995
197.482
94.835
61.145
350.366
11.192
60.353
26.742
386.190
252.909
71.248
110.124
28.698
274.806
156.980
41.616
96.018
344.974
28.861
69.403
244.928
182.179
314.481
129.548
42.540
343.099
41.525
288.765
118.297
79.124
229.179
157.928
51.309
142.696
50.887
66.595
52.324
93.163
199.259
88.115
109.433
145.800
283.263
295.232
187.659
57.938
339.096
134.246
79.631
251.148
112.856
31.380
50.253
177.142
62.175
68.991
248.655
24.564
21.822
121.719
52.452
74.541
263.392
42.213
345.391
239.291
175.805
85.232
64.621
42.074
92.146
36.593
66.549
251.924
123.694
119.141
14.254
89.735
358.655
21.573
409.704
25.220
37.582
113.953
329.403
459.376
44.997
39.378
114.646
305.120
231.598
98.609
87.426
44.188
84.324
52.816
16.101
23.595
189.676
433.895
259.925
10.597
106.132
71.308
204.690
246.194
26.808
315.702
205.747
149.332
324.068
87.838
121.969
317.472
214.001
18.220
68.299
169.893
124.147
49.065
294.322
80.549
224.537
90.742
88.619
119.818
115.359
50.374
97.905
51.377
291.398
29.489
329.878
217.568
125.868
167.021
283.892
40.153
45.620
36.372
143.530
399.039
70.937
182.102
86.403
97.081
180.158
185.838
84.347
136.820
17.517
85.110
164.360
37.738
151.736
42.320
17.047
199.612
38.464
55.917
180.766
258.885
235.427
33.435
24.908
62.138
393.473
18.959
52.639
230.119
46.144
98.871
7.279
16.831
110.678
121.235
154.605
139.768
32.698
19.750
217.985
72.800
135.928
87.197
89.910
47.289
324.532
372.571
148.923
50.808
31.712
149.857
67.202
57.113
16.133
299.015
370.028
49.086
110.613
24.748
156.788
287.507
366.129
58.502
202.102
48.187
34.024
194.497
86.036
115.188
293.026
175.076
250.208
151.446
264.928
143.645
87.185
83.305
63.403
90.977
168.656
29.454
88.361
81.046
328.579
185.919
25.089
344.831
274.022
60.242
54.033
9.788
42.576
84.594
51.851
59.553
27.051
281.478
189.029
207.231
232.404
10.278
216.348
111.853
62.320
160.466
131.688
127.538
73.818
65.305
256.742
103.474
29.469
32.118
238.830
166.014
94.134
44.634
108.106
164.398
123.626
233.407
89.916
57.237
102.096
69.883
158.924
329.768
242.379
252.882
16.328
190.692
23.144
226.597
350.931
224.148
413.944
55.541
24.283
179.853
236.880
20.318
18.797
57.735
61.959
19.374
34.033
24.263
156.893
346.335
229.377
138.002
172.145
17.038
75.598
175.494
77.369
460.907
34.300
402.820
55.927
166.176
290.792
285.816
168.002
332.937
137.863
119.039
230.336
171.311
212.025
239.558
39.993
211.224
159.256
475.153
59.528
33.970
119.786
113.147
167.500
29.189
23.076
137.198
17.497
179.473
293.230
35.402
138.911
43.211
67.575
23.328
21.646
37.908
294.224
144.739
146.073
115.841
18.733
90.042
46.889
142.365
210.614
133.521
139.671
53.447
183.863
109.205
43.775
16.546
332.868
196.464
120.641
304.833
129.585
267.348
335.333
240.195
65.012
230.772
94.844
46.237
204.292
20.573
160.617
89.474
270.200
94.301
10.974
335.247
83.546
29.770
76.678
127.153
83.246
34.660
424.238
22.563
76.821
20.528
36.195
108.014
174.965
280.265
101.013
91.735
50.926
199.073
258.866
150.011
123.856
301.817
32.405
280.053
132.481
108.697
57.276
54.187
33.180
224.835
240.730
179.344
63.427
50.568
50.791
220.332
137.441
373.434
374.004
106.526
178.049
63.688
100.782
19.458
286.550
180.661
50.471
286.504
67.201
209.114
216.787
43.882
39.894
232.404
36.547
221.927
377.617
502.167
19.725
61.555
285.037
242.292
21.345
108.459
83.135
91.688
73.039
283.066
47.143
41.068
81.795
54.212
288.776
94.585
99.327
308.173
90.327
52.824
78.474
110.790
45.761
116.897
9.670
109.319
115.828
311.903
92.778
354.163
71.204
58.855
43.409
107.821
37.528
37.878
171.137
79.549
29.923
49.037
78.875
94.988
126.063
242.761
30.462
261.543
310.908
153.602
89.682
74.545
94.823
65.053
27.747
42.514
24.173
44.026
130.625
92.187
163.003
33.004
44.642
22.402
169.536
65.727
55.050
110.671
42.901
178.453
94.668
57.127
69.900
181.407
93.911
93.057
130.498
155.255
41.109
279.959
193.816
97.799
52.918
56.835
154.353
100.399
138.925
24.910
17.863
284.496
106.552
47.474
78.610
102.075
61.315
212.297
26.825
57.532
61.272
23.010
49.688
23.588
143.151
62.349
139.134
69.729
42.528
47.048
185.012
162.325
117.767
20.596
11.211
51.852
80.809
56.308
27.367
111.294
219.531
53.617
65.933
69.005
227.826
52.275
199.894
42.321
65.721
34.993
34.603
108.588
83.078
7.223
212.800
66.794
41.931
109.719
70.095
101.993
175.416
141.229
15.224
201.205
45.025
41.033
60.545
57.944
174.922
12.852
56.573
266.826
168.785
142.410
25.854
37.259
77.669
16.348
226.547
71.202
52.838
45.274
358.652
46.614
104.969
130.107
340.574
335.314
25.450
33.034
132.694
63.994
128.433
36.451
88.488
327.031
302.673
68.844
271.789
15.642
97.050
86.335
141.782
34.512
23.034
95.761
28.410
130.043
98.332
83.688
381.466
90.223
19.152
65.537
23.835
128.297
371.388
16.879
211.935
126.474
20.350
212.496
229.936
9.906
349.569
73.338
52.743
208.678
380.195
32.463
191.357
22.514
118.407
87.647
44.503
66.073
51.712
127.312
428.482
186.965
18.881
109.960
240.671
16.036
47.904
72.705
394.849
18.000
88.054
69.369
10.278
79.089
182.368
92.371
263.571
40.990
29.084
284.845
237.256
74.164
7.534
332.906
325.303
329.153
119.037
172.607
26.699
105.407
24.794
270.069
323.695
329.004
298.294
116.253
53.425
47.359
76.933
51.588
42.550
186.267
58.696
431.734
57.719
46.020
346.927
364.892
351.259
410.029
69.938
45.812
378.969
177.958
77.525
65.693
35.819
418.252
277.775
390.241
39.198
284.779
18.132
417.848
83.773
20.995
441.073
143.830
117.664
327.995
250.049
469.823
89.120
214.894
99.463
16.391
39.373
55.457
51.334
111.471
63.730
81.959
113.604
183.009
229.466
139.711
58.014
192.454
70.569
286.934
45.153
126.038
90.910
391.470
62.612
42.043
199.368
80.985
328.718
197.705
34.718
111.268
34.559
368.755
48.302
30.206
47.798
325.520
47.021
189.572
273.434
105.122
472.692
272.077
49.931
45.137
83.586
443.638
90.072
408.054
12.243
22.931
64.946
411.186
66.194
183.464
56.789
115.477
70.042
172.107
106.562
41.321
101.364
87.150
19.722
139.045
283.728
294.096
67.110
200.233
208.657
109.836
143.829
21.073
33.967
123.693
245.775
44.548
76.074
55.697
70.742
50.426
32.321
461.924
290.610
79.849
123.050
38.750
319.448
22.444
265.463
44.017
48.603
114.262
245.051
98.838
66.419
81.125
205.276
62.181
70.392
78.598
55.560
89.852
49.322
25.844
29.921
192.907
147.819
79.900
354.993
248.443
150.963
58.657
290.545
447.276
42.184
49.626
25.623
431.208
164.344
79.424
199.796
35.775
381.011
320.644
102.126
44.999
181.658
276.503
191.974
235.811
74.947
256.052
41.650
82.517
93.607
20.331
61.931
93.545
55.883
259.200
59.785
212.950
45.391
389.897
335.449
90.147
38.706
23.389
175.348
45.913
6.042
9.500
25.042
365.641
201.550
53.273
109.854
116.403
52.326
202.134
131.418
346.279
100.319
177.885
425.879
354.999
117.502
212.507
93.279
21.438
24.167
62.056
16.892
193.063
26.407
240.009
309.037
153.644
16.453
348.052
39.139
242.132
164.767
325.241
81.201
92.117
306.209
91.459
175.110
349.666
56.895
115.179
377.589
213.352
51.684
8.748
153.861
37.247
375.398
285.309
278.030
448.559
54.748
318.592
29.824
107.559
42.163
54.851
91.838
57.334
357.283
98.022
228.902
19.906
280.299
59.749
26.226
349.250
410.728
231.164
105.844
418.758
18.117
325.882
191.283
12.248
39.144
59.704
19.795
26.564
55.698
198.045
64.330
220.101
61.037
64.752
116.897
31.106
59.261
114.528
429.299
174.718
417.236
31.995
59.702
438.392
422.068
212.748
486.516
283.036
356.534
423.607
340.382
17.661
467.960
317.187
48.458
214.855
208.060
294.703
283.454
352.202
191.972
182.938
149.796
41.510
261.247
177.938
405.138
38.761
231.587
131.574
278.373
340.342
64.978
366.242
389.602
336.573
378.083
364.394
403.537
169.877
393.286
170.937
387.126
140.444
452.480
231.330
379.721
194.234
51.445
421.601
419.288
171.592
213.125
149.184
397.081
38.756
73.200
355.297
67.594
337.059
280.454
131.991
25.484
151.804
234.983
390.605
180.585
110.482
382.415
411.798
203.048
267.396
284.706
209.764
397.621
296.212
464.902
347.933
366.797
376.052
276.654
172.010
356.262
378.986
192.556
566.303
234.346
267.873
187.007
193.156
398.692
236.392
55.840
13.766
336.947
45.776
411.593
47.384
409.359
357.987
66.690
195.631
402.503
109.582
216.329
317.522
471.626
364.882
62.168
299.158
31.378
455.496
258.018
171.310
44.626
320.391
41.154
400.217
33.781
251.711
161.088
194.100
91.290
38.262
369.842
380.133
242.396
151.570
309.899
193.068
446.499
36.470
316.963
255.076
306.593
294.033
153.140
318.392
194.751
421.255
320.697
149.449
87.287
391.714
83.221
330.916
340.427
397.346
32.712
253.661
315.006
257.380
59.002
171.087
61.536
85.275
293.875
364.786
384.970
133.337
386.094
9.117
386.905
233.039
70.720
39.540
29.667
95.506
375.769
275.225
419.665
363.267
23.365
251.989
80.694
112.792
321.585
305.966
56.465
107.188
340.654
46.439
99.615
90.411
283.354
320.657
98.617
57.103
14.110
80.327
379.139
469.054
104.348
70.791
352.745
327.467
143.531
92.575
367.866
67.887
85.605
95.911
89.551
54.391
341.211
79.597
17.432
234.501
352.394
135.688
396.778
76.023
5.586
114.469
114.050
24.773
199.016
106.667
45.542
426.436
84.929
408.775
224.774
85.672
228.338
75.206
31.678
95.888
103.759
86.683
104.947
105.476
490.591
172.877
415.991
75.769
35.404
386.571
39.385
276.507
442.975
47.383
36.319
246.836
118.028
43.299
96.137
438.787
411.600
42.377
35.501
71.393
423.013
54.957
343.721
72.051
21.458
322.200
80.955
35.600
373.750
109.368
41.489
57.613
38.824
101.149
120.542
53.434
59.250
312.063
61.723
36.267
337.479
14.995
128.345
158.109
220.901
244.622
266.830
61.711
99.278
413.975
26.396
22.653
114.345
57.344
46.765
118.116
47.235
171.475
103.567
133.522
111.680
126.345
95.199
367.346
226.527
88.825
216.430
116.065
75.539
317.214
20.881
486.131
44.534
224.935
95.991
105.491
22.549
260.119
86.612
64.751
139.405
46.593
228.402
345.499
38.348
80.514
25.624
53.611
43.783
79.208
111.996
125.125
26.368
41.555
314.570
19.969
120.496
239.547
81.569
35.955
330.424
26.789
119.393
13.929
48.854
81.518
251.083
202.688
309.305
71.869
84.718
137.340
150.355
73.659
120.820
105.294
102.461
96.692
144.818
21.380
27.640
39.307
454.766
365.237
38.411
95.396
164.238
80.040
135.200
88.818
181.763
69.913
276.790
419.797
452.176
87.782
48.786
48.080
39.087
139.311
50.404
70.567
74.272
275.113
18.705
72.234
81.703
64.799
82.439
519.013
482.485
104.757
170.342
132.830
282.250
90.403
393.874
45.475
330.087
61.132
103.909
123.991
462.351
184.686
220.989
18.544
338.438
183.532
260.281
151.256
224.517
172.061
120.222
50.166
70.645
94.499
91.040
71.136
52.402
273.386
206.329
352.728
18.676
88.903
365.024
352.816
50.278
80.292
46.191
195.250
33.162
37.086
55.760
278.038
120.680
125.841
129.728
35.278
65.945
67.229
165.454
239.460
92.582
67.166
129.368
90.250
290.388
134.411
161.184
74.274
81.268
240.993
81.810
21.001
310.708
159.486
385.935
57.998
194.693
421.430
124.902
104.059
114.958
212.961
333.571
48.457
36.905
182.517
123.740
60.554
56.153
491.529
59.389
184.229
111.849
149.259
63.984
162.261
232.929
175.210
436.644
348.583
46.381
292.293
119.167
196.979
67.782
330.160
94.219
393.610
170.720
262.894
52.856
78.570
28.890
134.538
158.306
15.258
66.992
100.985
320.039
554.950
495.629
52.807
156.676
68.555
95.629
152.460
87.551
213.551
63.445
19.039
431.828
355.612
128.967
528.573
331.291
297.432
116.112
55.258
275.912
64.976
156.632
201.250
184.303
103.583
115.452
131.819
167.316
72.794
293.130
132.358
116.841
73.282
35.619
450.795
62.292
273.374
79.336
299.441
85.936
62.379
120.180
48.442
113.303
221.841
53.732
128.166
54.151
135.120
99.085
37.996
42.325
140.655
10.745
197.641
318.795
247.921
131.771
31.308
25.159
99.103
115.397
140.812
380.373
122.591
68.110
101.205
206.289
55.460
197.187
117.093
70.875
66.406
103.538
13.746
164.787
146.905
50.248
199.346
148.476
88.288
29.598
37.494
250.033
314.224
83.109
165.765
28.077
310.386
48.147
86.688
96.700
369.841
222.242
445.747
12.878
214.591
71.963
42.917
93.407
126.551
128.008
135.723
76.952
113.444
131.625
80.050
340.403
46.302
51.236
268.211
84.409
57.903
119.061
84.510
54.932
335.174
9.687
81.757
221.324
103.849
43.939
132.681
239.800
83.334
313.793
92.229
63.197
72.954
61.456
129.645
132.861
139.002
57.550
54.751
94.898
375.858
13.685
24.679
52.579
24.953
69.437
41.829
73.399
233.309
56.586
416.383
19.798
150.045
119.998
70.746
74.150
431.968
406.536
76.196
19.168
95.170
204.464
95.725
159.463
145.749
175.545
48.600
117.629
62.429
130.412
81.370
69.213
198.476
431.237
27.618
27.981
140.098
372.203
100.818
29.697
406.408
57.406
132.738
64.094
81.973
64.349
45.800
60.738
126.737
63.031
24.457
40.539
63.990
18.098
339.189
49.015
155.024
460.579
55.851
116.666
259.071
256.456
26.544
138.412
72.781
73.566
86.089
53.278
46.802
47.130
55.073
62.401
101.677
104.674
79.514
72.242
62.068
31.104
60.859
89.242
41.514
83.981
95.116
154.745
63.644
155.970
49.344
82.930
133.783
69.696
80.994
74.496
53.234
87.231
43.221
33.691
32.132
80.455
56.364
219.977
54.911
69.929
38.907
30.110
28.859
125.204
66.878
180.083
177.373
104.244
30.981
82.626
66.090
160.379
113.559
64.157
68.739
48.866
85.616
97.232
73.534
70.102
92.067
31.376
55.861
156.895
105.706
121.819
128.501
60.306
36.305
55.302
87.546
86.447
55.103
11.748
72.803
73.406
213.696
103.453
52.181
48.971
66.997
35.729
64.451
54.999
52.565
143.697
45.167
114.022
83.024
149.972
72.295
54.528
74.255
81.569
50.721
34.906
77.091
55.120
64.543
54.360
67.928
106.235
90.757
77.170
81.176
91.043
100.033
76.220
113.887
74.922
76.338
62.398
108.482
62.484
106.614
68.270
82.098
48.248
105.433
99.193
147.230
115.767
63.118
124.265
89.566
141.252
46.312
116.418
46.471
72.466
89.956
55.015
30.310
63.031
68.700
33.807
80.292
111.804
156.717
248.083
49.444
127.961
119.874
97.308
135.392
88.300
68.252
178.955
130.471
75.576
253.209
79.075
36.014
160.085
348.252
65.316
74.518
27.419
72.446
25.243
102.403
95.300
47.094
268.262
212.034
36.636
20.015
52.194
15.337
125.167
91.607
104.416
113.902
76.162
180.015
44.979
79.998
92.055
176.596
82.107
82.775
97.868
78.011
187.142
88.152
135.734
45.156
66.947
93.320
83.145
112.737
99.958
30.480
28.960
187.818
131.705
49.255
28.546
82.202
99.106
75.966
187.710
52.635
53.032
179.393
82.912
56.402
70.766
124.186
74.867
203.717
97.104
73.436
51.230
74.691
79.912
115.961
84.597
94.471
89.570
85.326
153.992
41.013
161.074
93.463
59.040
155.685
78.513
54.462
29.373
159.304
137.277
114.848
25.848
88.970
125.922
80.851
103.482
56.585
120.597
208.848
76.090
49.655
53.490
61.560
82.887
106.142
61.763
54.722
114.019
39.212
120.813
56.417
69.548
65.797
61.355
48.008
40.173
33.754
49.482
95.258
47.810
99.620
80.256
190.817
155.844
56.739
104.072
109.221
111.888
68.066
77.375
101.500
121.046
87.591
24.967
69.664
223.451
61.518
82.993
51.247
169.836
150.875
88.243
90.658
74.800
115.621
115.145
115.962
64.363
79.934
104.097
25.190
72.348
70.707
133.713
61.435
40.932
111.439
36.342
125.414
68.796
85.872
28.697
81.358
76.730
130.170
63.770
119.041
133.980
133.739
54.659
63.295
93.441
88.941
99.602
46.738
135.186
131.727
103.465
89.075
22.142
76.352
201.589
18.308
88.004
149.127
71.467
184.437
102.268
138.787
131.791
91.143
59.281
139.707
43.265
221.594
191.626
42.291
84.038
125.493
140.390
39.832
68.409
51.230
232.088
151.843
141.751
422.156
102.855
73.400
213.701
247.331
341.453
106.700
44.540
155.648
56.322
212.124
188.847
84.382
269.771
141.182
301.740
148.749
139.637
288.471
67.365
307.599
321.429
23.656
147.689
377.444
101.522
101.021
66.586
96.362
17.590
160.813
109.541
176.860
180.066
172.385
91.729
69.816
88.568
259.298
16.828
324.053
106.582
190.722
72.180
199.080
40.210
63.308
40.016
66.649
84.075
117.142
375.370
306.774
305.426
177.757
190.710
205.395
262.599
74.928
92.058
155.512
77.327
275.125
295.018
286.352
69.473
175.428
79.644
231.891
342.756
140.311
34.858
101.302
146.479
192.438
342.842
49.940
72.301
364.338
85.959
258.754
35.359
168.803
66.859
186.809
59.800
84.692
238.689
174.279
66.945
139.859
41.715
135.138
253.540
226.618
18.960
47.852
152.158
26.766
184.685
216.806
49.918
110.646
76.776
57.510
207.972
92.257
181.137
74.999
72.706
147.925
343.355
93.207
53.423
176.311
92.819
197.591
140.593
299.941
225.958
56.649
200.434
23.805
214.532
55.514
182.095
84.311
173.035
122.726
135.493
305.224
112.497
86.276
194.264
290.603
72.582
163.743
66.037
55.456
100.795
87.250
267.570
77.258
316.711
73.422
71.168
178.722
101.145
155.178
74.106
61.416
115.717
168.403
123.054
72.647
28.756
309.356
72.226
179.069
52.762
67.507
90.110
82.102
33.889
139.212
64.391
156.742
113.648
226.673
135.730
21.525
144.474
58.230
270.651
255.481
64.495
71.659
31.187
307.094
74.994
156.684
171.434
51.192
111.635
61.737
304.684
152.375
192.103
102.912
70.503
37.823
106.483
43.485
40.685
296.329
120.105
232.275
249.228
208.502
268.331
71.431
59.103
73.645
106.415
190.241
219.053
130.788
314.272
164.428
64.762
51.276
370.982
165.206
313.250
352.645
21.695
345.791
170.043
86.567
62.997
117.065
122.094
151.391
126.437
43.274
323.280
104.129
100.992
72.856
118.400
123.818
164.202
265.815
362.594
270.921
67.163
154.859
110.710
162.870
241.247
77.514
98.361
51.022
203.850
179.856
152.228
261.888
147.122
214.513
85.500
76.217
32.462
79.652
251.531
214.333
196.215
295.403
65.095
337.865
108.210
224.878
124.202
33.580
153.385
167.880
65.391
280.408
54.444
173.399
110.061
30.411
329.413
62.798
243.189
82.568
67.691
127.373
76.353
245.049
87.881
27.573
188.876
46.144
78.199
129.428
131.309
136.285
174.297
57.451
199.985
46.755
197.903
172.498
74.485
125.005
247.083
149.603
108.442
147.323
319.698
42.317
106.124
61.603
169.748
234.685
118.094
155.889
194.102
20.275
97.794
47.265
281.885
215.905
36.955
132.074
63.891
30.940
141.891
83.238
126.908
342.051
131.761
109.947
165.872
59.776
200.711
85.743
91.129
39.082
46.724
227.330
177.103
102.953
128.127
86.498
170.104
132.732
111.455
97.766
342.395
77.796
150.692
84.462
320.622
281.112
68.343
81.801
237.881
174.525
246.951
59.176
388.212
47.604
392.886
258.260
121.509
173.938
113.385
343.225
497.602
69.028
124.272
197.616
473.820
488.842
290.702
55.390
79.838
200.576
305.227
274.580
164.352
443.354
395.794
336.961
212.959
308.772
287.816
102.338
165.108
326.917
173.398
57.749
474.132
73.173
143.780
34.649
520.493
92.157
306.566
442.946
290.990
269.231
302.811
138.517
265.932
497.420
104.409
294.989
24.531
337.528
404.564
78.446
170.044
497.200
240.880
129.563
153.613
59.660
467.018
432.066
464.883
118.576
162.795
463.998
260.282
126.458
58.075
85.788
183.517
254.088
167.092
141.602
265.585
194.051
180.527
70.851
189.942
206.802
238.014
216.838
122.010
250.705
110.349
308.899
445.701
69.125
338.944
33.601
246.007
110.151
341.279
147.561
132.735
37.914
286.577
300.265
505.545
39.211
224.069
493.018
37.450
107.037
270.713
398.154
312.097
393.082
143.016
382.697
65.398
42.167
43.744
174.633
33.839
341.781
22.734
176.156
157.572
144.609
300.837
86.206
30.669
331.409
232.540
16.737
64.802
311.226
62.436
72.203
269.707
26.386
155.583
48.257
41.639
104.832
134.709
49.374
65.979
299.805
126.196
206.831
189.860
318.663
133.010
417.246
64.478
398.572
80.655
77.773
45.024
46.997
194.047
78.718
92.329
371.535
231.295
94.303
71.370
295.580
117.673
80.596
407.871
350.824
336.042
265.979
74.473
82.112
126.189
87.892
115.444
204.048
319.237
23.490
44.107
97.361
87.767
84.893
126.497
241.874
359.577
408.463
43.782
62.741
124.376
182.777
82.082
372.575
97.220
71.726
115.966
98.015
65.692
44.108
339.150
97.588
294.391
196.515
52.375
366.174
36.631
100.217
65.218
300.548
173.989
211.033
103.502
44.188
103.706
52.809
137.965
105.993
48.543
246.373
115.902
138.186
65.114
43.567
88.910
66.297
72.875
124.351
237.674
47.283
147.368
60.007
241.773
223.002
358.757
49.359
80.556
40.555
49.182
324.202
146.148
261.326
21.448
226.539
231.216
206.230
255.132
120.956
167.378
352.095
59.600
65.169
103.013
84.997
110.318
249.168
74.516
139.987
139.102
38.867
214.447
47.871
47.153
108.765
139.039
58.182
156.306
196.418
79.502
73.240
266.097
137.464
74.028
158.473
26.194
93.014
235.347
204.584
60.527
136.624
87.652
126.968
54.393
101.731
111.677
172.986
60.954
130.621
50.850
136.360
79.730
146.240
107.229
83.326
86.322
35.568
87.530
155.231
90.807
109.700
78.586
56.232
310.107
72.810
261.171
20.323
48.654
99.338
97.586
415.271
85.017
131.414
77.213
202.932
62.973
67.427
106.417
126.879
72.100
119.616
190.569
139.240
199.750
305.820
40.463
89.174
178.264
118.719
147.637
242.339
87.615
338.673
429.620
28.203
74.326
180.439
302.228
366.100
103.469
155.099
257.824
56.005
81.815
241.123
42.445
489.403
54.958
296.829
91.424
141.111
323.267
55.119
316.822
90.614
238.140
272.172
147.797
366.313
44.625
48.864
58.245
107.463
393.176
69.647
135.674
221.621
89.322
88.740
70.117
99.199
351.845
137.573
98.454
153.082
60.018
141.103
57.797
250.231
27.352
50.500
382.202
369.855
124.590
76.744
236.087
164.839
82.844
130.942
115.713
105.530
308.914
320.122
387.164
139.833
374.032
127.403
79.353
33.608
62.187
375.971
97.486
236.726
354.429
221.810
42.374
451.058
333.467
133.951
47.842
268.368
168.133
103.953
203.249
232.000
97.190
123.480
327.527
265.354
138.016
203.705
338.808
367.160
377.127
197.059
112.215
216.697
97.194
105.431
141.619
320.836
228.927
77.102
165.934
98.880
134.952
205.401
244.923
66.522
296.861
47.309
277.164
161.882
154.002
399.112
117.355
178.323
317.473
144.608
372.515
390.439
137.974
132.777
101.046
292.502
112.969
199.876
147.917
50.336
78.191
72.541
62.531
160.825
59.268
76.359
239.304
280.924
66.221
200.506
105.378
163.692
105.809
144.374
109.623
311.927
220.131
295.279
82.441
255.438
116.053
165.988
296.457
402.752
109.613
207.596
56.402
106.125
55.071
75.491
342.937
78.870
341.506
124.020
105.647
172.815
78.439
43.297
54.998
125.172
96.037
143.220
126.124
90.526
70.608
112.154
60.819
66.693
64.779
419.572
143.918
220.093
71.341
45.903
463.747
169.347
268.830
75.088
96.679
124.208
114.325
35.524
114.713
20.160
134.598
87.546
261.853
224.200
110.995
393.970
117.810
111.348
90.401
114.137
118.615
139.232
55.548
298.472
104.021
295.656
68.117
96.464
100.358
52.589
94.614
101.763
69.204
60.025
319.304
197.275
41.403
173.462
51.692
148.252
72.301
327.143
59.372
52.489
48.135
140.461
81.210
75.667
140.332
175.289
39.525
89.992
41.404
101.624
242.236
177.240
63.091
70.674
189.712
42.141
43.099
58.808
102.861
214.473
239.589
34.748
13.283
47.380
284.684
306.961
66.261
118.952
32.654
304.837
105.416
234.477
108.035
50.106
153.171
77.429
290.238
340.070
146.867
304.815
76.677
147.492
88.539
64.732
89.363
62.237
71.804
79.536
212.738
76.734
335.960
154.059
287.722
172.204
288.723
42.027
132.598
46.872
149.824
75.358
80.078
130.395
126.263
321.145
62.303
126.350
131.468
115.017
102.470
41.736
81.321
290.139
180.326
103.587
90.213
124.951
166.887
85.319
149.973
230.507
89.029
58.914
44.673
87.680
125.871
303.205
89.731
93.768
43.993
120.680
118.533
76.851
75.416
329.235
42.366
157.357
57.849
199.002
139.360
133.228
32.405
118.640
207.519
84.691
127.491
92.492
69.996
135.635
125.779
106.313
272.358
79.594
62.923
32.572
46.468
78.936
178.994
50.584
37.753
27.387
79.124
249.662
140.980
122.631
44.951
19.898
180.010
58.467
185.357
85.103
229.739
83.945
98.293
89.640
112.807
54.393
152.334
142.287
138.586
78.458
75.351
104.617
34.045
69.112
145.310
121.529
146.962
108.627
272.297
50.394
85.262
48.096
50.370
70.349
104.371
84.577
28.026
90.443
216.658
267.076
38.823
159.376
307.562
171.595
145.384
60.982
147.538
130.421
163.422
268.163
184.015
108.472
40.022
112.803
87.633
173.176
247.825
29.226
63.929
224.246
49.763
134.873
79.515
92.521
107.538
138.805
34.649
278.162
212.013
229.145
147.825
230.591
115.716
24.852
141.957
38.552
291.488
233.918
53.883
189.346
28.376
45.216
76.253
44.700
294.868
102.961
62.914
82.331
62.519
61.967
18.120
31.764
112.370
94.481
59.671
117.299
78.765
329.658
244.969
63.562
92.345
112.223
45.307
287.213
191.399
104.441
108.640
188.345
325.419
394.168
214.465
121.316
254.983
119.797
265.694
202.049
104.717
142.189
113.377
57.760
110.835
262.111
267.039
57.743
124.816
176.723
246.430
283.087
193.069
31.766
55.917
61.582
142.902
111.569
204.866
72.895
116.413
149.418
122.355
48.468
98.901
96.655
114.351
100.696
45.126
97.137
92.120
166.331
97.055
242.223
134.744
65.732
34.493
123.061
85.071
55.924
145.544
181.113
35.547
35.365
205.012
99.878
155.786
95.558
49.793
55.673
111.908
61.141
99.857
25.467
51.866
111.148
108.724
134.875
84.479
48.087
88.430
86.441
92.982
143.307
55.437
79.207
139.242
42.467
106.358
83.521
233.120
58.248
106.592
160.599
48.085
72.725
102.270
117.489
105.102
91.408
86.021
38.031
62.409
78.796
29.043
93.890
163.639
99.763
101.219
114.777
60.179
34.424
96.904
146.463
73.697
35.332
93.933
77.725
85.886
193.861
79.798
39.421
68.129
132.561
91.639
77.535
89.110
106.728
107.470
61.742
107.974
106.232
112.494
112.139
83.019
210.025
62.533
102.845
60.574
57.058
63.780
92.846
64.646
83.470
63.422
127.457
112.579
118.023
120.773
86.027
108.745
71.053
84.922
65.430
58.669
81.661
56.588
67.188
100.845
112.502
107.327
217.770
64.268
108.625
62.591
61.603
116.905
38.637
93.542
54.428
38.860
61.448
95.780
44.621
188.445
140.155
72.297
86.812
164.819
50.191
82.821
49.653
130.532
78.297
198.577
130.405
295.902
72.725
78.011
136.705
81.987
132.576
116.462
57.548
124.892
103.338
95.829
110.939
119.431
104.268
98.123
111.309
31.654
103.247
106.313
99.140
69.752
61.508
96.887
79.274
118.453
91.328
39.958
52.391
36.396
147.747
63.526
112.582
156.825
102.980
119.198
116.874
84.338
57.976
66.207
118.849
52.853
23.850
104.231
51.994
73.746
63.922
166.531
53.152
71.573
66.745
138.113
50.778
74.829
120.018
44.698
55.335
28.423
64.774
56.378
72.678
73.232
42.725
73.720
114.681
110.571
149.509
63.759
114.148
64.143
125.665
127.121
91.962
48.830
64.937
99.692
56.127
34.895
146.033
108.091
126.486
45.263
129.788
91.391
42.784
108.504
40.333
86.506
57.081
98.644
49.348
110.239
113.410
90.678
47.477
83.728
62.037
167.635
53.893
52.593
60.720
95.945
80.405
81.822
64.548
58.420
82.313
78.553
63.200
59.577
74.312
84.584
99.305
104.207
36.982
86.730
123.820
65.302
52.651
98.439
152.712
148.610
92.030
77.348
108.663
99.818
71.546
80.745
147.147
73.529
81.838
35.722
38.640
28.022
95.512
116.695
62.293
77.190
166.146
78.946
125.373
48.232
49.250
105.846
194.236
35.379
108.421
93.989
59.362
123.268
85.495
97.751
58.927
149.905
133.236
74.264
142.584
82.453
115.658
93.320
68.848
89.166
61.234
72.783
72.442
98.373
84.488
86.806
105.848
107.474
56.647
48.236
52.521
141.234
92.542
143.915
79.076
112.281
143.145
44.990
43.670
108.629
54.939
87.998
84.093
63.674
36.615
28.326
134.009
24.988
167.150
111.722
76.510
26.004
38.541
24.723
101.041
72.637
88.273
130.403
93.067
67.246
146.011
35.446
123.497
38.633
115.904
75.845
77.244
65.215
160.423
71.405
69.953
88.320
115.964
110.018
44.758
127.811
66.349
56.898
26.582
73.153
71.480
60.949
82.532
49.895
102.134
126.167
45.716
122.658
63.888
29.359
114.166
70.501
176.648
57.503
73.811
74.419
143.016
50.299
98.271
145.063
79.556
150.925
86.088
107.345
27.809
96.285
24.687
71.147
62.007
82.971
67.936
96.879
112.823
60.797
102.797
72.610
44.901
133.684
48.174
103.864
67.716
122.056
59.031
29.086
82.413
58.905
103.741
130.925
50.126
89.373
71.660
149.529
90.448
93.522
31.225
80.244
59.958
114.318
64.726
108.296
128.180
22.099
82.046
167.139
119.982
99.212
95.515
93.173
131.237
73.329
65.018
78.926
125.160
87.471
90.731
52.137
148.533
65.394
65.294
114.974
35.976
76.270
44.805
19.172
107.443
155.881
96.587
106.582
126.532
87.248
93.900
125.302
117.004
25.534
52.960
66.067
88.894
134.754
171.111
77.885
96.247
47.640
76.872
89.654
105.092
61.022
104.927
98.900
40.106
48.137
107.301
127.185
119.625
34.404
85.415
56.259
128.757
44.732
97.581
68.838
29.750
120.585
80.339
152.525
99.850
90.976
114.529
31.315
86.224
97.112
32.183
66.886
77.201
78.093
76.269
60.673
95.097
46.617
90.768
120.981
106.026
62.933
147.502
61.028
66.631
56.904
90.804
72.513
129.299
81.515
178.317
78.213
127.381
153.581
68.580
88.002
58.460
90.712
73.514
40.458
112.102
71.381
33.433
97.550
44.342
85.711
113.735
130.656
89.707
124.940
157.441
69.824
113.084
110.593
73.500
174.416
96.997
157.147
112.271
42.255
92.171
102.037
60.227
69.359
94.143
109.106
191.974
188.864
130.057
99.244
112.505
90.306
123.041
49.704
58.720
84.613
42.578
147.771
105.232
200.039
127.034
58.289
104.006
36.757
121.366
68.878
104.001
39.158
90.328
105.577
76.627
149.377
68.136
74.783
53.564
99.146
88.843
102.438
148.512
51.412
44.589
48.764
95.501
88.080
91.345
44.434
111.318
46.475
68.431
71.680
71.812
91.312
51.656
67.992
127.597
131.019
150.267
44.718
79.359
116.830
56.643
106.432
146.443
131.666
138.125
146.884
61.721
146.121
97.494
93.209
88.380
122.578
60.301
143.220
83.908
58.734
85.896
137.665
128.939
45.463
66.406
74.491
82.621
92.717
44.761
121.107
110.970
95.438
146.443
124.059
39.439
99.394
66.695
113.339
111.240
186.898
122.361
148.488
82.355
97.574
120.813
175.141
175.727
181.887
78.521
109.944
96.719
92.853
64.510
58.594
70.754
116.475
164.145
126.232
113.833
60.264
133.840
105.022
94.519
114.150
88.881
55.129
101.179
75.794
147.728
22.700
74.766
83.329
41.516
195.464
115.793
62.713
40.951
65.605
60.509
62.180
79.459
96.168
143.098
81.123
101.519
95.754
129.726
59.106
112.562
104.839
170.762
71.719
154.327
90.858
52.032
118.519
68.662
90.220
132.321
61.591
106.704
84.836
83.626
133.100
77.324
31.391
64.965
76.869
54.298
78.156
122.112
101.388
44.396
71.061
116.046
148.083
65.229
90.624
89.400
56.623
102.100
57.412
102.852
38.518
87.930
85.371
169.038
60.017
102.056
131.783
149.966
118.263
97.514
122.201
119.381
92.136
124.949
92.383
164.623
80.895
108.677
121.708
122.846
110.662
41.940
24.845
45.128
131.449
144.078
147.979
49.943
84.049
40.684
69.116
76.662
106.748
103.492
95.159
128.488
101.231
134.012
96.361
111.467
90.622
103.422
73.075
163.023
119.492
112.126
84.379
101.195
121.953
46.323
117.282
120.300
41.216
94.554
54.285
96.457
56.330
86.494
172.968
76.127
111.184
52.590
96.864
59.931
136.784
129.921
152.795
145.185
105.490
95.981
108.787
183.730
83.306
75.261
105.563
88.899
70.078
50.852
103.730
73.593
193.548
82.809
35.936
46.489
56.116
61.339
49.020
33.009
106.540
56.188
92.878
102.671
147.139
97.485
54.458
122.517
90.803
37.615
135.812
96.532
72.311
77.989
135.671
65.832
39.271
103.451
64.582
140.372
110.754
54.330
50.361
141.902
41.584
90.882
66.758
91.566
117.581
79.963
83.945
60.250
86.745
74.371
98.788
124.261
111.320
56.286
131.790
115.059
172.798
94.990
69.372
93.728
32.437
82.630
56.287
106.820
83.987
60.868
73.967
82.390
119.937
152.389
118.679
111.719
105.624
75.797
115.633
41.816
35.596
121.070
42.293
30.881
105.782
98.665
103.447
103.929
79.177
167.998
128.761
64.291
113.367
121.725
107.526
110.542
226.102
73.049
149.960
124.956
95.297
60.878
63.375
98.205
79.442
92.105
108.857
87.637
65.084
52.890
156.121
90.142
83.622
153.177
163.273
115.927
92.545
96.584
174.393
115.581
53.842
112.380
61.265
92.062
90.440
60.387
128.706
112.570
184.569
153.665
107.289
97.403
153.494
141.627
108.458
155.527
90.526
130.528
99.695
97.091
159.229
129.818
53.561
83.823
69.255
119.260
91.603
106.704
93.098
109.111
88.759
58.548
109.760
122.571
112.378
128.024
172.329
46.989
106.047
56.827
103.672
146.372
160.094
97.306
88.721
56.640
88.644
101.585
88.699
59.127
112.539
70.138
106.427
170.068
138.558
90.130
135.577
82.505
90.451
93.123
68.124
139.784
46.646
131.066
189.521
125.473
91.257
85.122
125.915
61.452
77.068
76.115
56.352
164.050
63.954
46.892
95.365
37.537
84.819
45.401
112.559
67.878
115.901
112.585
110.827
107.378
91.713
92.746
216.869
130.286
68.366
69.593
63.186
61.093
97.167
155.482
76.327
130.268
50.831
120.023
136.379
88.359
120.361
33.025
112.760
177.179
78.053
111.505
77.422
89.806
211.270
66.322
132.590
77.583
117.722
126.853
147.701
78.119
162.452
91.167
86.116
125.846
93.592
84.811
50.407
167.940
166.036
91.085
124.773
62.181
121.969
157.017
152.775
76.144
133.401
133.612
165.222
71.051
96.767
145.222
69.567
157.479
82.360
74.424
228.472
152.018
79.923
136.556
191.643
81.069
127.114
145.348
114.756
108.781
82.645
186.469
59.798
115.709
128.886
77.898
109.750
114.770
72.296
201.771
120.582
163.639
192.598
109.905
104.224
48.947
242.026
55.673
151.868
48.983
45.110
169.194
122.338
95.002
60.083
99.457
76.030
150.758
108.955
124.148
142.501
154.843
131.109
118.248
94.891
120.074
111.093
114.076
133.248
147.673
61.139
80.311
32.803
98.260
91.123
87.499
79.739
106.949
109.743
236.742
143.307
57.297
139.679
136.198
105.539
104.184
87.730
174.030
121.070
98.044
105.684
107.186
164.015
136.794
111.539
66.080
106.411
77.694
100.173
91.922
122.645
116.407
117.458
182.071
125.944
135.693
119.410
96.755
77.737
160.232
127.476
114.912
156.258
207.982
46.767
71.657
58.035
161.380
64.525
55.419
51.449
64.652
87.153
138.473
82.901
125.922
38.193
91.468
85.141
181.072
115.514
108.010
123.561
141.524
120.780
96.494
95.925
108.354
168.123
72.336
132.264
79.757
100.154
53.900
85.234
121.610
74.916
52.089
71.959
161.354
43.417
153.507
121.308
108.249
92.442
69.865
118.858
153.914
245.079
148.554
78.416
98.317
110.604
82.167
46.553
141.150
95.915
113.276
143.433
99.946
196.424
132.901
50.799
171.145
99.419
87.107
124.532
92.795
146.830
90.749
104.152
119.527
83.993
168.525
113.986
88.610
109.152
33.840
151.854
93.493
122.608
61.715
87.438
117.450
138.969
91.668
76.882
178.605
69.785
101.219
61.428
215.057
149.587
154.639
84.276
70.704
164.709
62.937
77.882
91.963
156.781
48.331
59.205
98.805
90.194
104.268
50.810
36.496
94.493
129.333
159.958
145.744
187.202
160.491
168.673
61.315
79.435
148.980
125.511
122.924
114.055
129.896
110.565
116.137
78.843
158.065
65.307
79.973
79.703
36.338
77.470
77.064
134.030
69.909
123.053
94.015
186.287
96.710
71.350
138.064
19.062
87.988
120.744
139.773
136.452
133.138
80.978
90.411
87.782
84.999
107.256
75.152
80.604
96.730
99.084
104.661
136.191
159.937
119.191
110.873
93.045
61.402
90.608
59.894
121.209
61.060
63.455
72.417
74.802
89.639
95.929
68.421
94.437
46.322
129.748
131.381
59.785
109.123
97.142
200.331
65.155
106.906
163.701
154.079
53.581
64.519
52.194
115.355
136.045
172.204
97.372
152.913
117.482
55.914
64.780
64.110
156.942
130.483
45.158
93.539
138.895
227.732
95.581
41.413
107.613
48.116
84.783
111.622
52.124
45.407
116.401
99.509
68.878
45.844
147.203
96.656
108.721
115.055
74.729
91.073
155.732
194.193
78.617
95.343
102.093
110.839
123.759
111.433
117.721
54.908
116.402
92.072
89.295
35.039
97.741
53.856
111.310
194.728
134.688
80.255
71.725
86.501
120.800
54.478
93.560
98.888
101.196
130.170
194.731
71.074
98.521
126.947
200.864
53.115
86.920
79.542
83.666
102.253
109.171
102.448
113.210
163.677
138.666
88.629
132.578
89.509
130.613
76.633
91.329
94.145
121.882
40.596
76.765
75.321
166.390
152.612
76.551
94.635
98.268
69.432
132.712
130.965
85.151
92.091
90.027
67.582
65.233
93.426
116.042
74.497
79.389
112.221
45.511
107.851
75.678
60.251
121.550
115.809
122.051
89.111
112.918
80.947
108.062
108.239
129.859
70.138
27.629
57.500
98.262
49.158
194.653
97.425
128.719
103.397
95.701
114.122
114.917
91.327
148.385
96.088
48.423
83.747
101.476
143.467
90.216
169.431
116.060
140.386
115.327
29.790
121.342
191.982
93.673
37.974
91.341
144.847
168.897
115.024
68.231
121.360
95.697
97.998
110.524
120.956
168.339
134.577
76.825
117.770
106.147
132.944
120.343
107.227
51.041
81.617
156.941
106.477
139.626
94.542
133.664
155.848
119.993
92.359
101.782
42.299
106.975
88.660
92.961
95.660
44.816
68.177
55.871
122.273
138.736
52.606
28.631
62.932
112.161
51.149
133.812
113.664
118.039
140.211
42.049
97.958
96.846
159.084
117.448
92.798
143.062
73.206
87.313
129.090
153.571
105.093
78.932
85.067
114.911
51.763
102.311
78.376
120.801
184.417
138.242
89.518
96.264
99.223
77.158
70.211
60.038
82.081
44.370
37.989
72.799
46.670
117.316
52.091
56.036
37.041
48.096
87.398
104.661
112.117
138.510
97.075
151.015
118.848
62.572
61.384
42.504
148.642
126.276
107.070
61.498
60.274
81.680
226.959
126.113
139.992
201.215
99.567
42.911
113.126
78.726
91.028
73.279
164.927
87.421
69.910
33.661
77.028
97.466
144.450
132.248
95.429
91.475
102.212
77.968
108.313
123.650
115.072
84.750
84.986
111.371
142.193
126.608
96.369
147.306
130.199
76.620
113.032
110.890
93.928
136.246
101.458
95.916
89.618
123.812
139.668
147.400
165.230
52.616
118.192
43.762
92.067
80.802
130.336
77.682
95.778
71.131
116.805
136.390
100.956
84.316
67.980
120.806
89.310
116.915
125.123
134.934
129.255
93.184
107.614
78.405
103.165
155.631
119.991
113.891
142.850
111.065
118.310
139.033
59.997
73.183
142.027
153.180
75.978
102.290
59.118
105.419
133.364
80.869
90.245
113.853
95.725
93.447
87.503
19.168
72.036
129.814
112.146
146.836
180.126
137.089
163.865
26.961
147.818
73.019
113.509
125.488
117.110
95.473
140.366
100.701
121.095
121.445
108.864
129.769
116.901
60.737
180.290
68.057
125.854
114.780
109.832
134.622
150.823
74.568
130.873
158.029
139.516
150.483
81.380
101.210
88.236
60.201
88.434
57.949
77.715
188.299
68.170
87.015
57.275
128.842
157.769
151.697
131.013
82.160
