-13.162
-9.571
-10.004
-7.453
200.011
-5.057
-7.042
-6.515
-5.215
-3.489
-5.213
200.319
-2.135
-7.898
-7.128
-7.272
-4.601
-5.711
-5.120
-6.405
-9.862
-7.689
-5.205
-6.684
-3.391
-6.924
-5.944
-4.671
-3.675
-8.289
-7.191
200.286
-5.473
200.409
-5.899
-6.507
-2.774
-3.228
-6.399
-10.966
-6.677
-4.733
-4.714
-2.031
-7.744
-1.735
-2.537
-8.105
-12.954
-5.746
-4.319
-2.408
-6.600
200.339
-11.467
-9.498
200.058
-3.478
-5.179
200.683
200.182
-4.513
-2.254
-2.714
-5.887
200.386
-5.864
-4.639
-9.152
-6.439
-6.047
-3.620
-2.745
-2.716
-3.492
-5.355
-3.214
-6.076
-5.179
-3.625
-3.008
200.215
-2.319
-2.660
-0.703
-1.961
-2.719
-3.034
-1.907
-3.278
-3.785
-3.229
-1.751
-2.698
-2.375
-6.439
-1.505
-2.068
-1.705
-2.938
-3.044
-3.520
-2.572
-2.094
-3.964
-1.109
-4.481
-2.362
-1.540
-1.151
-1.849
-3.743
-2.640
-2.826
-1.408
-3.037
-3.457
-3.498
-4.502
-3.730
-1.900
-0.986
-1.859
-2.618
-2.125
-1.807
-1.949
-3.386
-3.837
-1.890
-1.640
-2.877
-3.538
-1.483
-4.348
-2.330
-3.517
-4.925
-2.056
-3.880
-2.125
-1.539
-3.725
-0.812
-0.476
-2.287
-0.716
-1.679
-0.794
-3.124
-0.647
-4.163
-2.562
-3.273
-2.186
-1.920
-5.153
-4.304
-1.764
-1.816
-2.793
-2.196
-1.278
-1.776
-1.717
-0.891
-1.846
-1.380
-1.421
-5.658
-2.534
-1.360
-1.982
-0.928
-1.548
-1.373
-3.504
-2.815
-2.573
-4.087
-1.656
-1.549
-1.372
-3.096
-3.074
-3.515
-2.518
-3.984
-2.332
-1.624
-2.946
-3.473
-2.803
-2.948
-3.693
-1.646
-2.131
-1.208
-3.974
-1.590
-2.875
-1.911
-2.020
-2.572
-3.691
-1.890
-1.779
-2.209
200.365
-3.298
-2.381
-0.696
-3.376
-1.044
-1.967
-2.088
-1.752
-3.854
-1.544
-4.560
-2.054
-2.230
-1.797
-1.305
-3.498
-1.518
-1.086
-2.471
-5.251
-1.980
-2.818
-7.504
-0.388
-2.224
-2.513
-2.661
-1.994
-1.029
-1.109
-2.296
-5.369
-2.412
-0.774
-7.579
-1.932
-0.189
-1.313
0.027
-1.991
-2.691
-2.377
-2.954
-1.296
-2.108
-0.925
-2.419
-3.198
-3.804
-2.094
-1.231
-2.273
-2.112
-2.720
-1.761
-2.177
-3.115
-3.089
200.168
-4.586
-2.229
-1.194
-2.394
-1.011
-1.892
-1.200
-2.429
-0.882
-2.802
-2.286
-2.589
-0.672
-6.658
-2.524
-7.407
-1.093
-2.621
-2.966
-1.629
-0.977
-2.758
-3.630
-2.502
-1.132
-1.246
-2.743
-1.612
-1.236
-2.118
-1.025
-2.127
-0.689
-0.416
-2.619
-1.262
-0.822
-0.575
-1.418
-2.410
-1.121
-2.864
-3.578
-3.598
-2.002
-2.163
-1.905
-0.933
-1.055
-1.547
-1.211
-2.415
-1.319
-2.039
-1.838
-5.682
-7.034
-3.837
-2.154
-1.054
-2.320
-0.645
-3.112
-2.818
-0.281
-3.403
-6.060
-0.909
-3.954
-2.432
-0.365
-0.335
-1.864
-3.318
-2.313
-3.529
-3.644
-2.173
-2.600
-3.378
-2.155
-6.712
-1.969
-4.655
-2.952
-1.586
-1.414
-1.629
-3.951
-2.983
-3.237
-1.937
-0.213
-2.850
-2.432
-1.321
-2.152
-1.909
-1.552
-1.573
-0.401
-3.237
-2.086
-1.367
-5.602
-1.356
-0.083
-2.809
-7.068
-2.946
-2.131
-2.713
-2.771
-2.958
-2.312
-1.981
-2.175
-2.017
-2.031
-1.438
-0.881
-1.314
-3.095
-2.239
-1.351
-1.582
-1.651
-1.765
-3.257
-1.234
-1.910
-1.896
-0.911
-1.128
-1.031
-2.140
-5.850
-3.256
-1.234
-2.096
-1.079
-2.515
-1.827
-1.605
-2.191
-2.172
-1.185
-1.591
-3.097
-5.014
-1.661
-2.963
-1.478
-0.757
-0.980
-1.785
-2.123
-2.434
-1.885
-3.815
-0.849
-3.277
-4.089
-1.716
-4.304
-3.545
-2.198
-1.569
0.204
-1.282
-1.563
-0.277
-3.299
-3.426
-3.174
-3.346
-0.327
-4.755
200.679
-3.453
-3.993
-2.549
-1.808
-2.847
-3.086
-2.468
-1.101
-2.960
-3.423
-1.421
-0.896
-0.411
-3.611
-2.027
-1.136
-2.329
-2.388
-1.658
-1.491
0.062
-0.496
-0.153
-1.933
-3.591
-1.596
-2.997
-2.045
-2.071
-0.898
-0.701
-2.435
-1.242
-2.421
-2.374
-4.348
-2.442
-2.789
-2.517
-5.007
-3.561
-2.897
-2.640
-3.153
-0.909
-1.044
-5.305
-3.819
-0.965
-1.635
-1.990
-4.058
-1.986
-3.434
-1.707
-2.791
-2.891
-0.303
-1.372
-4.574
200.730
-1.101
-2.312
-4.729
-2.261
-0.872
-2.660
-3.082
-1.457
-4.699
-3.746
-1.469
-11.574
-3.079
-4.045
-1.543
-3.080
-2.806
-3.241
-1.468
-2.411
-2.904
-2.791
-1.282
-1.024
-0.873
-2.289
-2.856
-2.764
-1.844
-1.380
-0.851
-3.181
-2.854
-2.214
-2.653
-3.110
-3.067
-2.447
-1.741
-2.317
-1.538
-0.951
-3.173
-3.206
-1.024
-2.500
-2.798
-2.508
-2.179
-1.172
-2.049
-3.377
-2.054
-1.704
-1.307
-0.882
-0.412
-4.997
-2.363
-2.025
-1.720
-2.684
-1.992
-2.291
-1.290
-1.803
200.590
0.058
-1.215
-2.509
-2.054
-2.811
-1.548
-1.314
-1.241
-1.573
-0.870
-4.424
-3.636
-3.612
-2.769
-2.625
-2.128
-1.039
-2.268
-1.796
-2.077
-4.003
-0.782
-2.713
-0.954
-2.188
-0.798
-2.708
-1.661
-1.327
-2.313
-2.645
-2.100
-0.704
-1.305
-0.870
-1.505
-1.532
-0.786
-2.471
-2.069
-3.324
-1.454
-2.908
-3.487
-1.447
-0.796
-3.749
-0.986
-0.917
-0.513
-1.044
-0.715
-4.269
-0.555
-1.095
-4.739
-2.589
-1.705
-1.310
-1.600
-1.512
-1.592
-3.112
-2.855
-3.959
-1.642
-2.264
-2.734
-0.572
-2.450
-0.260
-0.132
-2.402
-4.135
-1.467
-1.369
-1.415
-6.276
-1.969
-1.735
-1.370
-4.453
-2.265
-3.563
-3.012
-0.865
-2.070
-4.140
-1.572
-5.791
-4.199
-3.520
-0.934
-2.842
-2.361
-1.445
-2.624
-2.916
-1.795
-5.471
-1.273
-2.293
-0.754
-1.576
-3.523
-2.640
200.713
-2.288
-2.183
-3.020
-2.189
-4.275
-2.525
-1.111
-3.894
-3.416
-1.548
-3.605
-0.913
-2.424
-1.920
-2.291
-1.259
-2.467
-0.820
-5.276
-1.016
-0.239
-1.421
-1.611
-1.839
-2.505
-1.293
-7.003
-3.395
-2.737
-2.541
-2.204
-2.030
-2.101
-3.322
-1.051
-2.494
-2.360
-1.988
-1.255
-4.442
-1.453
-2.039
-1.231
-2.680
-0.924
-3.448
-0.732
-2.430
-2.304
-1.963
-1.599
-2.907
-1.817
-1.863
-0.081
-2.661
-1.241
-1.649
-3.906
-2.556
-4.785
-5.396
-7.527
-3.186
-1.931
-1.195
-1.190
-0.101
-2.404
-2.424
-3.553
-3.499
-2.967
-2.970
-1.580
-1.590
-1.788
-2.516
-3.647
-2.389
-2.076
-2.683
-5.346
-5.517
-1.167
-1.427
-2.897
-2.914
-2.575
-0.715
-4.705
-0.917
-2.530
-3.639
-1.496
-1.614
-2.782
-2.437
-2.743
-4.340
-1.846
-1.956
-1.498
-0.783
-1.104
-1.212
-2.783
-2.909
-2.832
-3.214
-3.323
-2.793
-1.610
-1.272
-0.662
-1.499
-0.824
-2.034
-1.622
-4.022
-1.178
-1.282
-0.083
-2.331
-1.785
-2.714
-3.979
-1.767
-0.846
-1.457
-2.853
-1.393
-3.568
-2.939
-6.000
-2.725
-3.736
-1.063
-1.661
-2.038
-3.118
-1.650
-1.916
-1.722
-2.365
-0.917
-1.869
-3.427
-2.845
-2.966
-3.090
-4.060
-2.406
-2.536
-3.024
-4.939
-3.860
-3.538
-1.817
-3.595
-1.698
-3.472
-0.905
-2.188
-2.210
-1.932
-1.582
-2.936
-2.907
-4.148
-1.269
-1.457
-1.907
-2.611
-0.194
-1.761
-4.960
-3.068
-2.654
-2.875
-1.645
-1.144
-1.573
-2.042
-0.732
-1.701
-0.674
-3.357
-1.508
-2.061
-0.734
-1.786
-1.400
-1.157
-2.076
-2.103
-0.522
-1.806
-2.335
-1.958
-2.130
-1.881
-2.340
-3.021
-2.941
-1.266
-1.059
-2.916
-2.993
-4.209
-2.577
-0.701
-0.918
-1.509
-3.477
-2.737
-1.298
-3.024
-1.546
-1.388
-1.786
-1.170
-2.645
-1.629
-1.364
-1.403
-0.764
-2.572
-1.146
-1.643
-2.988
-2.112
-0.693
-1.538
-1.460
-1.515
-1.775
-6.983
-5.244
-1.014
-2.311
-2.502
-3.317
-1.212
-3.395
-4.063
-1.483
-1.959
-2.807
-1.900
-1.990
-2.500
-2.309
-0.702
-2.057
-1.407
-1.459
-1.869
-1.613
-3.506
-2.426
-3.711
-1.785
-0.352
-2.288
0.158
-1.159
-2.958
-4.238
-2.152
-1.491
-2.249
-1.066
-3.773
-2.152
-4.030
-4.640
-1.919
-2.579
-1.008
-1.418
-2.223
-2.561
-1.502
-2.864
-5.642
-0.499
-2.218
-2.512
-4.229
-4.513
-2.204
-2.240
-4.633
-1.962
-1.092
-1.254
-1.879
-2.968
-1.625
-1.380
-3.060
-3.664
-1.030
-2.190
-2.099
-1.611
-1.249
-7.359
-2.015
-1.735
-0.240
-0.504
-1.153
-4.385
-1.671
-2.044
-2.486
-0.331
-2.508
-2.146
-2.991
-1.916
-4.621
-1.369
-3.054
-2.006
-1.253
-3.360
-0.302
-0.441
-2.525
-2.616
-1.584
-2.666
-2.671
-2.264
-2.085
-0.897
-1.564
-2.547
-1.341
-4.175
-1.837
-2.349
-1.089
-3.196
-3.884
-2.260
-0.579
-1.686
-2.098
-1.764
-0.920
-1.904
-2.224
-1.421
-1.798
-1.528
-1.438
-3.150
-2.300
-4.032
-2.297
-1.671
-2.058
-0.389
-2.931
-0.871
-1.927
-2.928
-1.844
-1.512
-1.028
-3.358
-2.368
-2.364
-3.916
-2.908
-2.548
-0.809
-2.441
-3.482
-1.249
-1.356
-1.453
-2.157
-2.855
200.695
-1.479
-4.925
-1.149
-2.029
-2.447
-1.298
-1.764
-1.352
-1.146
-1.005
-2.410
-3.176
-3.895
-3.124
-2.741
-1.613
-7.737
-4.231
-3.322
-3.231
-2.618
-2.031
-3.707
-1.778
-0.827
-3.584
-1.211
-2.798
-1.549
-3.660
-1.866
-1.398
-1.750
-1.743
-1.075
-2.898
-3.673
-3.440
-1.972
-3.112
-3.007
-0.472
-2.644
-2.426
-1.000
-2.948
-2.960
-7.713
-1.953
-4.383
-6.977
-3.250
-4.340
-2.266
-1.302
-3.314
-3.631
-3.999
-2.663
-0.884
-5.843
-3.371
-1.495
-1.333
-3.749
-4.434
-3.528
-1.650
200.506
-5.388
0.040
-2.599
-1.376
-3.436
-2.528
-0.599
-2.368
-1.888
-1.322
-2.897
-1.793
-2.804
-2.379
-4.335
-1.078
-1.665
-2.843
-1.588
-1.955
-2.093
-2.466
-1.387
-0.537
-1.169
-2.121
-1.531
-2.499
-3.664
-4.387
-4.635
-1.720
0.274
-0.772
-1.487
-1.754
-4.010
-1.358
-2.848
-2.593
-0.865
-2.176
-1.877
-3.573
-1.347
-3.917
-2.782
-1.887
-2.314
-4.437
-1.619
-2.357
-0.437
-0.575
-2.187
-3.492
-0.534
-4.108
-0.404
0.260
-1.567
-1.583
-1.703
-1.053
-2.486
-2.030
-3.031
-2.311
-3.687
-4.069
-2.784
-1.410
-0.998
-2.499
-5.616
-1.387
-2.983
-1.736
-1.594
-4.796
-1.892
-3.726
-0.922
-5.629
-2.746
-1.672
-2.483
-2.046
-2.490
-2.464
-1.733
-2.630
-0.941
-2.125
-3.154
-4.203
-3.663
-2.517
-1.927
-1.877
-0.380
-1.290
-3.427
-0.470
-3.994
-2.336
-3.700
-2.441
-2.199
-2.612
-2.911
-1.444
-1.991
-2.076
-1.128
-2.066
-3.024
-0.972
-0.792
-3.856
-2.530
-0.947
-1.527
-0.995
-2.201
-1.517
-1.620
-2.018
-1.130
-1.945
-3.025
200.709
-3.350
-2.601
-3.505
-1.962
-1.538
-2.184
-0.712
-3.136
-1.541
-1.639
-0.964
-3.971
0.178
-1.718
-2.908
-4.185
-6.869
-2.520
-3.478
-2.608
-1.551
-2.512
-3.381
-2.541
-3.982
-1.254
-2.403
-1.407
-3.999
-1.379
-4.163
-1.878
-0.966
-2.581
-1.422
-0.269
-2.051
-3.184
-1.780
-2.166
200.397
-4.241
-0.820
-0.633
-1.322
-1.705
-0.944
-2.610
-2.023
-2.458
-2.486
-1.417
-1.345
-1.861
-0.719
-1.471
-0.940
-2.024
-1.668
-1.444
-1.778
-0.278
-2.145
-2.926
-1.503
-1.224
-0.508
-0.467
-0.620
-1.426
-1.538
-0.832
-2.198
-0.547
0.054
-0.584
-0.578
-1.886
-1.128
-1.092
-0.163
-2.391
-2.276
-1.928
-0.349
-0.948
-0.948
-2.934
-1.775
-3.201
-1.325
-2.988
-1.526
-0.982
-2.920
-0.282
-0.454
-1.569
-0.316
-1.451
-2.643
-1.540
-0.980
-1.028
-1.395
-0.565
-0.416
-3.108
-0.731
-2.245
-1.797
-0.292
-1.584
-2.163
-1.639
-1.264
-0.959
-2.107
-1.870
-2.336
-0.207
-1.174
-3.648
-0.138
-1.128
-1.284
-2.603
200.730
-3.212
-1.760
-1.064
-1.410
-1.814
-0.968
-2.593
-0.317
-0.463
-1.799
0.274
-2.222
-1.235
-1.981
-0.718
-1.375
-1.738
0.133
-0.665
-2.372
-1.169
-1.307
-1.702
-0.141
-0.926
-2.410
-3.151
-1.303
-0.448
-1.548
-1.441
-1.550
-1.757
-0.722
-1.725
-1.464
-1.833
-0.587
-1.249
-1.087
-1.239
-0.268
-0.759
-0.757
-1.437
-1.565
-0.453
-1.749
-0.626
-0.724
-0.301
-1.000
-0.973
-1.265
-0.461
-1.088
-0.448
-1.250
-0.579
-1.226
-2.171
-1.153
-0.741
-1.720
-0.903
-1.754
-0.710
-2.465
-0.881
-1.292
-0.632
-1.063
-0.868
-3.027
-1.566
-3.545
-1.581
-0.603
-2.545
-1.971
-0.846
-1.110
-2.205
-1.365
-1.206
-3.377
-2.229
-0.061
-0.864
-1.693
-0.662
-2.317
-1.027
-1.044
-1.665
-1.417
-1.260
-0.181
-0.998
-3.365
-1.173
-3.510
-2.703
-0.884
-0.740
-1.350
-1.590
-1.583
-0.173
-2.601
-1.009
-0.614
-0.530
-2.662
-0.630
-2.354
-0.158
-1.335
-1.305
-1.814
-1.647
-2.370
-1.293
-0.248
-1.907
-0.518
-0.443
-0.838
-0.341
-1.463
-1.228
-0.423
-1.509
-0.299
-1.625
-0.823
-1.031
-1.245
-1.488
-0.347
-1.371
-1.067
200.468
-1.062
-1.973
-2.246
-1.035
-2.752
-1.188
-0.704
-1.242
-0.971
-2.368
-1.425
-1.192
-0.579
-1.221
-0.702
-1.036
-1.090
-1.184
0.132
-0.841
-1.436
-0.345
-2.160
-1.036
-2.151
-0.554
-0.897
-1.093
-1.436
-1.000
-0.524
-2.018
-0.842
-1.123
-2.626
-2.162
-2.620
-0.867
-1.195
-0.738
-1.005
-0.636
-0.427
-0.763
-1.071
-1.652
-1.227
-0.797
-2.120
-1.431
-1.641
-4.302
-2.291
-0.276
-1.346
-1.295
0.129
-0.770
-0.656
-1.215
-3.150
-1.387
-1.042
-2.257
-0.972
-1.797
-1.758
0.022
-1.527
-1.086
-0.304
-1.033
-0.845
-2.071
-0.890
-2.039
-1.237
-2.057
-1.039
-1.753
-1.692
-2.145
-1.114
-3.095
-1.969
-0.845
-0.535
-1.967
-0.246
-0.647
-1.586
-0.458
-1.624
-0.600
-0.852
-0.691
-1.776
-0.117
-1.466
-0.022
-1.323
-0.249
-0.354
-2.010
-1.386
-1.177
-0.115
-2.289
-0.570
-1.333
-1.179
-0.847
-0.517
-0.706
-0.904
-0.147
-1.054
-1.804
-0.914
-1.597
-1.533
-0.333
-2.661
-1.551
-1.071
-2.814
-1.000
-0.678
-0.346
-0.912
-0.053
-1.332
-2.571
-1.778
-1.432
-1.920
-0.489
-2.027
-0.805
-1.145
-4.284
-0.441
0.115
-1.930
-0.133
-0.827
-1.029
-1.119
-0.710
-1.278
-0.421
-1.175
-4.015
-1.431
-1.023
-0.533
0.300
-2.062
-0.740
-0.695
0.283
-2.886
-1.082
-0.137
-0.897
-0.834
-1.018
-1.250
-3.070
0.274
-0.188
-1.009
-1.212
-1.064
-1.096
-1.616
-0.730
-1.471
-0.764
-0.777
-1.191
-1.065
-0.229
-0.597
-0.498
-1.635
-1.072
-0.783
-1.058
0.165
-0.439
-1.717
-1.940
-1.574
-0.559
-1.174
-0.847
-0.907
-1.392
-1.034
-0.711
-1.498
-1.167
-1.195
-1.763
-0.711
-0.995
-0.532
-1.691
-2.011
-0.899
-1.626
-0.552
-2.312
-1.264
-1.020
-2.745
-1.837
-0.058
-1.224
-1.530
-2.119
-2.437
-1.477
-0.454
-1.988
-2.706
-1.154
-1.425
-0.691
-0.411
-2.998
-0.690
0.111
-0.876
-0.887
-1.023
-1.191
-0.295
200.762
-0.517
-0.207
-2.650
-1.012
-1.335
-0.734
-0.284
-1.439
-0.636
-1.226
-0.707
-0.412
-2.776
-0.629
0.008
-0.442
-1.645
-0.742
-1.704
-0.557
-1.292
-1.082
-1.925
-1.628
-1.617
-0.937
-0.653
-0.766
-3.091
-1.284
-1.056
-1.234
-1.006
-0.551
-1.025
0.029
-0.615
-1.648
-0.191
-0.585
-0.493
-1.968
-2.140
-0.718
-1.466
-0.462
-0.957
-0.918
-2.807
-0.653
-1.491
-0.941
-3.453
-0.723
-1.235
-2.612
-0.650
-0.138
-2.101
-0.852
-3.099
-0.545
-0.428
-1.633
-0.885
-0.944
-1.558
-0.590
-1.002
0.025
-2.854
-1.219
-1.748
-0.974
-0.977
-0.707
-1.967
-0.863
-3.792
-0.020
-0.216
-1.803
-0.679
-1.232
-3.423
-0.602
-0.790
-1.562
-0.933
-0.472
-1.020
-1.298
-1.312
-1.509
-1.104
-1.314
-1.067
-1.945
-1.764
0.073
-1.889
-0.598
-1.024
-1.353
-1.497
-0.670
-0.062
-1.048
-1.069
-1.342
-0.502
-2.785
-0.945
-1.802
-1.917
-1.387
-2.094
-1.408
0.199
-0.190
-0.825
-0.754
-0.537
0.350
-1.295
-2.173
-0.009
-1.890
0.236
-1.862
-1.076
-0.337
0.408
-0.207
-1.831
-1.203
-0.258
0.272
-1.071
-0.759
-1.140
-1.780
-0.403
-1.078
-1.395
-0.879
-0.167
-3.816
-0.621
-0.667
-1.518
-0.779
0.069
-0.529
-1.448
-0.541
-0.923
-1.014
-0.904
-0.697
-0.112
-0.441
-0.896
-1.165
-1.849
-0.798
-1.999
-0.413
-0.235
-0.087
0.291
-0.845
-0.792
-1.990
-1.094
-0.711
-1.274
-0.444
-2.757
-1.216
-1.400
0.234
-2.549
-0.684
-1.184
-1.193
-4.014
-1.374
-1.075
-0.657
-0.405
0.333
-0.469
-0.223
-1.178
-1.082
-0.828
-1.143
-0.057
-1.939
-0.142
-0.189
-0.957
-1.270
-2.039
-4.337
-0.149
-1.836
-1.455
-0.387
-1.564
-1.919
-1.869
-2.274
-1.057
-1.277
-0.986
-1.990
-0.764
-1.132
-1.200
-1.387
-0.448
-1.036
-0.743
-1.808
-1.845
-0.180
-0.934
-1.295
-0.246
0.194
-0.337
0.495
-1.109
-0.506
-2.633
-0.804
-2.363
-0.811
-1.177
-0.662
-1.543
-2.793
-0.934
-1.066
-2.265
-0.874
-0.151
-1.075
-0.419
-0.711
-0.609
-1.561
-0.097
-0.913
-0.520
-2.864
-1.902
-1.091
-1.527
-0.627
-0.613
-0.899
-0.009
-0.345
-0.727
-0.593
0.232
-0.614
-0.792
-1.529
-1.189
-1.865
-0.374
-0.884
-0.597
-0.521
-0.118
-1.651
-2.256
-2.286
-0.426
-0.153
-1.269
-2.414
-1.190
-0.274
-1.407
-0.915
-0.127
-1.158
-0.297
-0.594
0.368
-1.581
-1.010
-1.672
0.114
-0.831
-0.465
0.404
-0.562
-3.048
200.733
-0.278
0.010
-0.803
-1.646
-2.664
-0.974
-2.387
-1.348
-1.278
0.307
-1.299
-0.572
-0.779
-0.584
-2.783
-1.397
-2.863
0.279
-0.030
-1.595
-1.664
-0.524
-0.838
-0.858
-1.749
-0.499
-0.270
-1.013
-1.145
-0.434
-1.652
-0.171
-1.361
-0.079
-1.498
-0.665
-0.468
-0.780
-0.006
-0.300
-0.415
-0.346
-0.925
-0.620
-0.907
-1.322
-1.161
-1.698
0.413
-1.292
-1.192
0.186
-2.701
-1.345
-0.766
-0.369
-1.241
0.125
200.806
-1.066
-1.255
-1.451
0.009
-0.845
-1.638
-0.389
-0.196
-0.609
-1.043
-1.507
-1.669
-1.480
-1.328
0.268
-1.069
-0.743
-2.613
-0.088
-0.973
-0.376
-0.971
-1.625
-1.322
-1.025
0.132
-0.177
-0.910
-1.160
0.065
-0.583
-1.250
-1.018
-0.274
-0.551
-2.983
-1.075
-0.886
-3.837
-1.147
-0.553
-0.984
0.136
-0.922
-1.330
-0.336
-1.873
-1.219
-0.580
-0.487
0.001
-0.895
-0.908
-0.599
-0.881
-0.566
-2.166
-1.797
-0.176
-0.967
-0.084
-0.560
-0.531
-1.441
-0.260
-0.468
-1.016
-0.406
0.131
-0.986
-0.847
-2.169
-0.264
-0.470
-0.791
-0.161
-2.541
0.163
-0.945
0.071
-0.550
-1.139
-0.731
-0.727
-0.239
-0.395
-0.134
-1.319
-1.509
-1.222
-0.716
-1.212
-0.914
-0.262
-0.687
-1.368
-0.783
-0.760
-0.790
0.062
-0.674
-0.123
-1.284
-0.309
-0.306
-0.959
-2.068
-1.499
0.046
-1.482
-0.812
-1.263
-1.799
-2.214
-2.768
-0.526
-0.832
-1.621
-1.649
-0.498
-1.774
-0.024
-1.781
0.185
-0.041
-0.172
-1.430
-0.582
0.028
0.190
0.335
-0.314
0.033
-1.565
0.564
-2.723
-0.742
-0.592
-1.181
-0.590
-2.165
-1.021
-1.587
-0.785
-0.020
-0.300
0.021
-0.683
-0.992
-0.725
-0.197
0.562
-0.847
-0.214
-2.074
-1.608
-1.208
-0.868
-1.099
-1.727
-0.802
-0.603
0.253
-1.337
-0.536
-3.287
-0.871
-0.209
-0.118
-1.768
-0.916
-1.745
-2.727
-0.647
-0.408
-0.556
-0.159
-0.403
-0.951
-0.868
-0.619
-1.151
-2.542
-0.212
-0.896
-0.098
-0.049
-0.715
-1.128
0.175
-0.857
-0.980
-1.445
-0.591
-0.375
-0.689
-4.030
-0.654
-1.393
-0.945
-0.484
0.346
-1.121
-2.108
-2.260
-0.894
-1.192
-0.226
-1.758
-1.024
200.783
-0.459
-0.615
-1.161
-0.664
-0.360
-0.005
-1.943
0.414
-0.641
-1.811
-1.120
-1.718
-0.397
-0.069
-0.829
-1.633
-1.578
-0.321
-0.231
-3.262
-0.525
-1.382
-0.896
-1.050
-0.847
-0.688
200.814
-1.153
-0.661
-1.164
-2.175
-0.903
-1.140
-0.303
-1.593
-1.177
-1.441
-0.258
-1.159
-2.119
-1.548
-0.963
-0.498
-0.912
-0.179
-0.842
-0.333
-0.668
-0.305
0.332
-1.066
-0.005
-0.927
-1.195
-1.944
-0.596
-0.734
0.224
-1.733
-0.411
0.032
-0.631
-1.152
-1.346
-1.817
-1.748
-0.256
-1.080
-1.291
-0.131
-1.872
-0.994
-0.868
-1.298
-1.098
-0.920
-1.297
-1.130
0.466
-1.062
-0.013
-1.608
-0.940
-0.498
-0.423
0.381
-0.411
-0.600
200.840
0.379
-1.607
-2.504
-0.851
-1.348
-0.060
0.258
-0.705
-0.556
-1.948
-0.670
-1.382
-0.375
0.343
-0.673
-1.763
-0.955
-0.218
-2.373
-0.234
-0.524
-0.497
-0.215
-1.220
-0.558
-0.498
-0.276
-0.195
-1.033
-1.419
-1.657
0.192
0.017
-2.447
-0.628
-0.227
-0.525
0.476
-0.474
-1.105
-0.052
-1.081
-1.011
-0.560
-0.208
-0.376
-2.722
-0.028
-1.210
-0.706
0.100
-0.413
-0.401
-0.074
-1.327
-0.192
-0.936
-1.807
-1.469
-2.454
-0.975
-0.494
0.314
-2.185
-0.150
-0.459
0.024
-0.438
0.043
-1.475
-0.592
-0.913
0.271
-0.553
-0.715
-0.123
-1.261
-0.687
-1.736
-1.123
0.157
-0.534
0.404
-0.872
-1.433
-0.291
-1.678
-2.548
-2.129
-0.494
-0.215
-0.380
-0.257
-2.681
0.112
-0.452
-0.593
-0.331
0.219
-0.702
0.386
-0.366
-0.957
-2.208
-0.491
200.789
-0.206
-0.380
-1.001
-1.548
-2.099
-2.789
-4.898
-1.015
0.091
-2.027
-2.471
-0.142
-0.249
-1.364
-0.375
-1.552
0.244
0.018
-1.637
-1.665
-0.137
-1.743
-1.231
-0.881
0.244
-0.937
-0.132
200.625
-0.781
-0.224
-2.246
0.394
-1.256
0.111
-0.628
0.419
-0.368
-0.974
-1.092
-0.767
-0.233
-1.482
-0.342
-0.880
0.039
-0.652
0.071
-0.126
0.118
-0.336
-0.938
0.170
-0.247
-0.839
-0.974
-0.503
-1.332
-1.212
0.513
-0.351
0.377
-0.405
-0.551
-0.491
-0.624
-0.061
-0.506
0.247
-0.224
-0.724
-0.415
-0.837
-0.456
-1.053
-0.441
-0.470
-0.855
-0.279
-0.202
-1.342
-0.017
-0.505
-0.681
-0.074
-0.183
-0.220
-0.083
-0.498
-0.143
-1.750
-0.708
0.404
-0.615
0.011
-0.167
0.100
-0.861
0.393
0.071
0.115
-0.831
0.256
-0.392
-1.486
0.083
-0.616
-0.806
-0.122
0.519
-2.194
-1.207
-0.137
0.135
-0.143
-0.372
0.089
-0.836
-0.013
-0.168
-0.392
-0.422
0.412
0.197
-0.417
-0.208
0.534
0.369
-0.828
0.092
-0.342
0.181
-1.080
-1.697
0.239
-0.369
-0.060
-0.275
-0.101
-0.087
-0.108
-0.239
-1.296
-3.501
-0.451
-0.379
0.317
-1.446
-0.171
0.245
-0.347
0.020
-0.251
-0.542
0.062
-0.951
-0.156
-0.832
-0.793
-0.305
-1.157
-1.432
-2.011
-0.085
-0.639
-1.124
0.504
-0.042
-1.238
-0.106
0.207
-0.957
0.281
-2.430
-0.039
-0.731
-0.312
-0.313
-0.383
-1.633
-0.655
-0.455
-0.164
-0.084
-0.320
-0.384
-0.554
-0.025
-1.442
-0.523
-0.032
-0.482
-2.047
-1.084
-0.025
0.331
-1.083
-0.032
-0.879
-0.802
-1.521
0.015
-3.186
-0.920
0.083
0.204
-0.364
0.208
-0.931
-0.338
-0.013
0.091
-0.160
-0.939
-0.349
200.847
-0.263
-1.569
-0.721
-0.886
-0.487
-1.825
0.001
0.036
0.321
0.081
0.419
-1.722
-0.307
0.167
0.312
-0.745
-1.488
-1.944
-0.481
-0.285
-0.965
-0.090
-0.004
-0.545
0.218
-0.722
-1.207
-2.261
-1.559
-1.251
-0.400
-0.981
0.233
200.813
0.283
-0.244
-0.899
-0.006
-1.027
-0.908
-0.359
-0.091
-0.210
-0.020
0.103
0.155
-1.010
-0.259
-0.582
0.438
0.192
-0.132
-1.363
-0.401
-0.371
-0.331
-0.277
0.007
-0.497
-0.033
-0.898
-1.527
-1.028
-1.723
0.605
-0.415
-0.241
-0.222
0.295
0.478
-0.128
-0.467
-0.458
-1.308
0.076
-0.379
0.021
-0.524
0.083
-0.703
-0.770
-0.022
0.409
-1.024
-0.109
-0.349
0.171
-1.371
-0.144
-1.085
-0.663
-0.246
0.067
0.712
-0.955
-0.318
0.046
0.010
-0.964
0.058
200.834
-0.174
0.199
-0.253
200.817
-0.324
-1.493
-0.851
-0.875
-0.592
-0.654
-0.380
0.295
-0.016
-0.128
-0.235
-0.813
-0.056
0.052
-0.558
-0.142
0.013
-0.478
0.256
-0.159
-0.278
-0.905
0.386
200.856
-1.327
-2.001
-0.240
-0.513
0.019
-0.278
-0.570
0.772
-0.415
-0.307
-3.504
0.324
-1.148
0.103
-0.932
-0.004
-1.304
200.884
-0.392
-1.031
200.822
-0.227
-0.948
-0.130
-0.355
-1.346
0.078
-1.156
0.227
-0.877
-1.333
-0.865
-0.588
0.143
-1.122
-0.070
0.014
-0.937
-1.163
-0.356
0.378
-0.661
-0.032
-0.972
-0.984
0.111
-0.515
-0.532
-0.976
-0.125
0.354
-1.813
0.127
-1.843
-1.714
-0.979
-0.269
-2.442
-0.904
-0.884
0.254
-1.626
-0.183
-1.045
-1.508
-0.128
-0.633
-0.355
-0.681
-0.694
0.103
-0.832
-0.146
-1.494
-0.620
-1.273
-0.371
0.104
-0.194
-0.133
-1.103
-0.832
-0.323
-0.523
200.822
-1.648
-1.193
-0.415
0.167
0.020
-1.937
-0.064
-1.506
-1.392
0.339
0.069
-0.567
0.042
-0.265
-1.264
-0.624
-0.224
-0.734
-0.809
-0.716
0.596
-0.284
0.261
-0.462
-0.961
0.027
-0.289
-0.206
-1.149
0.520
-1.808
-0.892
0.009
-0.755
-1.389
-0.989
-0.588
-0.407
-0.219
0.373
-0.616
-0.293
-0.524
-1.231
-0.182
-0.021
-1.632
-1.395
-1.275
-0.674
-0.303
-2.076
-1.165
-0.083
-0.391
-1.491
-0.317
-0.469
-1.176
-0.830
200.764
-0.712
-0.891
-0.226
-1.394
-1.188
-0.925
-0.908
-0.194
0.162
-0.475
200.861
0.470
-0.212
-1.509
-0.933
0.671
-0.359
-0.716
0.294
-0.794
0.013
0.001
-0.324
-0.818
200.884
-1.185
0.110
-0.279
-0.135
0.300
0.479
-0.250
0.032
0.622
0.561
-0.254
-0.080
-0.570
0.288
0.276
0.079
0.680
-0.451
0.144
-0.122
-0.504
-0.512
0.354
-0.278
0.229
-0.371
-0.455
0.001
0.143
-1.313
0.413
-0.549
-0.359
-0.452
-0.213
-0.696
-0.077
-0.614
-0.172
-0.270
-0.126
-0.482
-0.626
-0.221
-0.353
-1.760
-0.750
-0.090
0.143
0.109
-0.323
-0.531
0.593
-1.097
-0.506
-0.115
-0.677
0.037
0.314
-1.595
-0.306
-0.407
0.536
0.232
0.116
0.025
-0.151
-0.562
0.085
0.076
-1.192
0.419
0.477
-1.191
0.108
-0.590
-1.521
-0.457
0.437
0.376
-0.352
0.185
-0.185
0.145
0.249
-0.241
0.541
0.315
-0.561
0.075
-0.113
-0.001
-0.365
-0.603
-0.116
-0.874
-0.458
-0.653
-0.046
-0.564
0.136
-0.045
-0.305
0.411
-0.177
0.462
-0.357
-0.817
0.299
0.665
-0.389
0.045
0.361
-0.029
-0.362
0.007
-0.797
0.212
-0.127
-0.466
0.343
0.231
0.381
-0.194
-0.930
0.200
-0.116
0.209
-0.469
0.043
-0.239
-0.545
-0.305
-0.249
-0.796
-0.394
-0.570
-0.090
200.835
0.195
0.585
0.522
0.017
-2.614
-0.273
-0.458
0.128
-0.345
-0.546
-1.573
-0.400
-0.812
-1.228
-1.344
0.204
-0.338
-1.537
0.287
-0.590
-0.146
-0.018
-0.516
-0.452
0.033
-0.993
-0.010
-1.277
0.436
0.023
-0.281
0.460
-0.596
0.269
0.345
-0.913
-0.046
-0.933
-0.018
0.748
-0.137
-0.034
-1.822
-4.608
-0.050
-1.363
0.306
0.097
-0.311
0.139
-0.431
-1.065
-0.148
-0.028
0.081
0.064
-0.102
0.036
-0.359
200.837
-2.360
-0.187
0.126
-1.483
-0.506
-0.738
-0.542
-0.115
0.751
0.110
0.030
-0.398
0.234
0.027
0.346
-0.043
-1.006
-0.789
-1.915
-0.362
-0.417
-0.166
-0.123
-0.462
-0.284
0.178
-0.878
-0.095
-0.472
0.146
0.418
-0.196
0.418
-1.042
-0.770
-1.325
-0.053
-0.731
0.261
-0.847
0.222
0.446
0.674
0.118
-0.769
0.289
-1.298
-1.502
-0.202
0.503
-0.325
0.053
0.431
0.384
0.108
0.296
0.517
0.519
-0.273
0.563
-0.992
0.492
-0.817
0.465
-0.318
-1.761
-0.158
-0.308
-0.872
0.634
0.063
0.407
0.406
-0.256
-1.029
-0.657
0.295
-0.149
-0.051
-0.554
-1.192
0.569
-0.442
0.132
-0.508
-0.052
-0.218
-0.057
-0.087
-0.190
-0.234
-0.248
0.565
0.394
0.269
-0.122
-0.559
-0.566
-0.023
0.337
0.159
-0.928
-0.152
-0.330
0.440
0.255
-0.422
-0.482
-1.495
-0.193
0.669
-0.321
0.045
-1.112
0.140
0.068
-0.625
0.137
0.464
0.126
0.404
-0.214
-0.139
-0.745
-0.314
-0.734
-0.455
-0.655
-0.162
-0.201
-0.191
0.556
0.013
-0.720
0.095
-0.208
0.475
-0.821
0.041
0.146
-0.750
-0.311
0.283
-1.108
0.375
0.355
200.800
0.646
-0.847
-1.155
-0.479
0.725
-0.117
-0.708
-0.658
0.549
-0.434
0.284
0.175
0.211
0.552
0.336
-0.232
-0.308
0.607
0.242
0.461
0.179
0.043
-0.680
-0.486
0.066
0.125
0.269
-0.032
-1.142
-0.559
-0.239
-0.413
-0.808
0.730
0.486
-0.524
-0.140
0.176
-0.611
-0.770
0.173
0.277
-0.327
-0.569
0.490
0.502
0.056
0.464
-0.371
-0.883
-0.157
0.535
-0.387
-0.175
0.102
0.035
-0.167
-0.059
0.341
0.330
0.113
-1.207
-1.035
-1.123
0.725
-0.015
-1.101
-0.153
-1.357
-1.160
-0.663
-1.315
-0.181
0.030
0.015
0.318
0.546
-0.728
-1.234
-0.172
-0.436
-1.197
-0.382
-0.171
-0.444
0.667
-1.102
-0.216
-1.123
0.573
0.275
-1.892
0.173
0.454
0.070
-0.896
-0.230
-0.087
0.526
-1.230
-0.564
0.356
-1.228
-0.206
-0.434
-0.125
-0.001
-0.537
-0.499
200.862
-0.718
0.522
-0.802
-1.391
0.592
-1.068
-1.324
-0.771
200.878
-0.692
-0.485
0.146
-0.528
-0.715
0.431
-0.296
-0.132
-0.191
0.435
-0.330
-0.743
-0.341
-1.033
0.674
-1.083
0.375
-0.206
-0.072
-1.468
0.251
0.092
-0.780
-0.076
0.375
0.643
-0.777
0.110
-1.412
-0.203
0.035
0.453
-2.115
-0.926
0.382
0.278
-0.531
0.466
-0.086
-0.122
-0.506
0.262
0.410
-0.433
-0.346
-0.166
0.136
200.880
-0.213
-1.313
-0.195
-1.248
0.039
-0.833
0.339
0.464
-1.088
-0.442
0.138
-0.657
0.181
0.062
-0.026
0.520
-0.522
0.499
-0.362
-0.478
-0.638
-0.898
0.257
-1.017
-0.059
-0.075
-0.369
-0.331
0.093
-1.094
-1.045
-0.385
0.653
0.348
0.596
-0.218
0.599
-1.455
200.881
0.280
0.128
-0.029
-2.542
0.069
-0.553
0.221
-0.233
0.060
-0.372
0.298
-0.978
0.327
-0.388
-0.057
0.201
-0.177
-1.083
0.503
-0.167
-1.169
-0.317
-0.610
-0.107
-0.566
-0.368
0.062
-0.379
-0.807
-0.362
-0.034
-0.727
0.537
0.779
-0.199
-0.583
0.244
0.067
0.062
-0.215
-0.823
-1.312
0.298
0.057
-0.126
0.617
0.410
0.324
0.337
-0.026
0.255
-0.798
-0.358
-0.707
0.399
-1.237
0.035
-0.274
0.446
0.184
-0.625
-0.345
-0.272
-0.322
-0.456
0.040
-0.859
-0.290
-0.295
-1.087
0.869
-0.265
-0.060
-1.252
-1.151
-0.017
0.102
-0.259
-0.536
-0.002
-1.051
-0.369
-0.653
0.017
0.575
-1.462
-0.304
-0.331
-0.645
0.368
-0.262
0.619
0.410
0.109
-1.214
0.142
0.470
-0.212
200.835
-0.238
-1.014
-0.335
-0.498
0.162
-0.176
-0.284
0.651
-0.786
-1.523
-0.468
-0.888
0.063
0.156
-0.374
0.127
0.486
0.012
0.026
-0.141
200.918
-0.404
-0.274
0.418
-0.061
0.211
0.677
-0.606
-0.757
0.328
0.170
0.237
-0.142
0.504
0.374
0.007
0.295
-0.199
-0.288
0.525
-0.700
-0.931
-0.532
-0.264
-0.300
0.212
-0.520
0.270
-0.163
200.893
0.343
-0.314
0.389
0.250
0.046
0.192
0.162
0.319
-1.161
-0.184
-0.642
-0.475
0.238
-0.727
0.320
0.148
0.684
0.560
-0.745
0.684
-0.133
-0.204
-0.174
0.207
0.650
0.409
-0.130
0.147
-1.408
0.648
-0.746
-0.911
0.729
0.068
-0.549
-0.246
-0.079
0.189
0.098
-0.856
-0.189
0.087
0.284
-0.233
0.509
-0.433
-0.385
0.100
0.037
-0.557
-0.036
0.163
-0.446
0.005
0.258
0.041
-0.798
-0.232
-0.079
-0.108
-0.261
0.527
-0.648
0.308
0.327
-0.120
200.879
0.258
-0.491
0.082
0.286
0.588
-0.521
-1.067
-0.720
-0.166
0.173
0.305
-0.156
-0.623
-0.031
200.879
-0.007
-0.381
-0.925
-0.114
0.533
0.437
0.267
-0.635
0.865
-0.164
0.115
-0.099
0.511
-0.973
0.491
-0.169
-0.359
0.326
-0.397
0.136
0.087
-0.024
-0.074
-0.305
-0.997
-1.726
-0.066
-0.034
-0.081
0.598
-0.815
-0.408
-0.123
-0.886
0.080
-1.947
0.678
0.542
-0.785
-0.206
0.227
0.258
0.688
-0.272
0.203
0.678
0.105
-0.032
-0.149
-0.007
0.100
-0.492
0.163
-0.117
0.347
-0.129
0.204
-0.021
-0.347
-0.426
0.348
0.160
-0.176
0.077
0.272
0.014
-0.382
0.271
-0.142
-0.324
0.178
0.008
0.248
-0.697
-0.045
-0.003
0.045
-0.393
-0.108
-0.408
0.230
0.307
-0.468
0.435
-0.644
-0.265
-0.187
-0.446
-0.505
0.251
-0.024
0.421
0.482
-0.880
-0.397
-0.482
200.768
-0.342
0.269
0.387
-0.409
0.243
-1.043
-0.259
0.074
0.498
-1.001
0.327
-0.576
0.726
0.265
0.229
0.455
-0.054
-1.641
-0.715
-0.649
-0.905
-0.230
-0.204
0.031
200.916
-0.286
-0.623
-0.795
-0.830
-0.006
0.237
-0.442
0.210
0.367
0.586
-0.109
0.045
0.546
0.488
-0.321
-0.693
0.130
-0.040
0.269
-0.083
0.387
-0.260
-0.010
-0.371
0.295
0.229
-0.312
-0.448
0.067
0.021
-0.139
0.413
0.291
-0.099
0.461
-1.245
-1.331
0.211
-0.216
-0.646
0.346
-0.032
-0.032
-0.145
0.397
-1.257
-0.058
-0.583
0.097
0.447
-0.477
0.132
-0.553
-1.223
-1.156
-0.362
-0.179
0.303
-0.256
-0.459
200.909
0.362
-0.853
0.610
0.415
0.649
-0.490
-1.196
-0.010
-1.008
0.534
-0.393
0.078
0.643
0.291
0.474
0.054
0.185
-0.315
0.162
-0.414
-0.088
0.008
0.276
-0.546
-0.811
-0.712
-0.664
-0.434
0.603
0.279
-0.596
0.481
0.502
-0.036
0.757
0.047
0.092
-0.520
-0.110
0.100
-0.417
-0.139
0.345
-0.623
-1.140
0.081
0.290
-1.105
-0.892
0.163
0.463
-0.286
-1.087
-0.307
0.526
-0.121
0.246
-0.119
-0.251
-0.232
-0.170
-0.008
-0.423
-1.699
-0.270
0.074
0.620
0.064
-0.253
-0.451
0.472
-1.022
-1.087
-0.424
-0.413
0.017
-0.395
0.025
0.137
0.547
-0.183
-0.772
0.375
0.059
0.513
-0.124
-0.494
0.151
0.001
200.854
0.691
0.151
-0.565
0.349
-1.040
-0.558
0.274
0.373
-0.959
200.920
-1.278
0.230
0.271
0.282
0.534
0.572
0.015
-0.187
-0.364
-0.273
-0.018
0.065
-0.105
200.926
-0.604
-0.306
-0.352
0.141
0.245
-0.301
-0.164
-1.448
-0.452
0.534
-0.239
-1.240
0.294
-0.132
-0.040
0.327
-0.095
0.112
-0.895
-0.552
-0.030
0.043
-0.270
0.396
-0.969
0.718
-0.554
-0.206
0.051
0.204
0.007
-0.355
0.521
0.500
-0.172
-0.191
-0.127
-0.645
-1.509
0.248
0.328
-0.588
0.161
-0.909
-0.121
0.205
0.413
-0.652
-0.148
-0.695
-1.319
0.157
-0.328
-0.505
-0.833
0.592
-0.359
0.331
0.127
-0.418
0.182
200.892
-0.041
-0.207
0.190
0.338
0.389
-0.422
0.634
0.159
-0.158
200.861
-0.080
0.100
-0.969
-0.057
-0.202
0.253
0.102
-0.226
0.117
0.440
-1.034
-0.777
0.481
-0.422
-0.103
-0.101
-0.018
-0.834
0.474
-0.085
0.625
0.022
-0.776
-0.486
0.266
-0.302
0.386
0.412
0.354
-0.843
-0.817
-0.409
-0.063
0.519
-0.066
-1.310
0.212
0.605
-0.171
-0.236
-0.205
0.198
0.743
-0.874
-0.446
0.164
-0.326
-0.130
-0.781
-1.090
-0.376
-0.568
-0.095
-0.136
0.055
0.235
-0.067
-0.524
-0.055
0.395
0.120
0.193
-0.264
0.012
-0.387
-0.685
-1.071
-0.106
-0.447
0.214
-0.044
-0.225
0.099
0.179
-0.326
-0.115
-0.093
0.389
0.360
0.343
-0.452
0.056
-0.453
-0.305
0.036
0.309
0.272
0.207
0.436
0.057
0.600
0.127
-1.055
0.527
-0.436
-0.542
0.173
-0.710
0.471
-0.066
0.427
-0.044
0.028
0.099
-1.775
-0.525
-0.953
0.581
0.233
0.018
0.043
-0.466
0.443
-0.157
-0.635
-0.247
-0.415
-0.299
-0.258
-0.795
-0.487
0.169
-0.103
0.234
0.045
-0.232
-0.343
0.685
0.149
-0.360
-0.059
-0.078
0.149
0.253
-0.700
0.024
0.151
-0.858
-0.165
-0.114
0.175
-1.091
0.270
-0.225
0.022
-1.295
-0.091
0.370
-0.895
0.192
0.252
-0.457
-0.343
0.013
0.374
-0.598
0.485
0.369
0.330
0.288
-0.246
0.438
0.259
-0.096
0.549
0.265
0.217
-0.727
0.237
0.221
0.592
0.330
-0.180
-1.316
-0.209
0.534
0.332
-0.184
-0.038
0.097
-0.075
0.392
-0.112
0.305
0.420
0.155
0.109
0.237
0.090
0.463
0.344
0.038
0.396
-0.537
0.199
-0.594
-0.698
0.420
-1.174
-0.146
-0.372
0.192
200.921
-0.070
-0.801
-0.406
-1.300
-0.124
-0.437
0.384
-1.157
0.059
0.237
-0.038
-0.081
-0.211
-0.253
0.155
-0.777
-0.186
0.466
0.074
-0.563
-0.236
0.138
0.101
0.286
-0.465
0.027
-0.151
-0.254
-0.789
0.050
-0.195
0.311
0.232
-0.697
0.278
-0.222
-0.692
-0.173
0.472
0.425
-0.138
0.415
0.086
0.208
0.009
-0.005
0.061
-0.903
-0.589
-0.726
-0.113
0.302
-0.572
-0.049
0.762
-0.062
0.489
0.485
-0.122
0.033
-0.401
0.094
-0.526
0.178
0.346
0.496
-0.431
-0.086
-0.167
0.039
-0.014
0.356
0.226
-0.094
0.458
-0.411
-0.702
-0.226
-0.477
0.046
0.274
0.197
-0.378
0.561
0.434
-0.568
-0.139
-0.027
-0.113
-0.561
0.341
-0.422
-0.533
0.482
0.045
0.112
0.112
-0.228
0.354
0.343
-0.655
-0.334
0.417
0.182
-0.387
0.259
0.146
-0.485
0.359
0.583
0.072
-0.296
0.390
0.348
-0.502
-0.208
-0.078
-0.667
0.002
-0.584
0.619
0.128
-0.808
0.163
-0.790
-1.059
-0.233
-0.115
0.434
0.088
-0.343
0.081
-0.380
0.067
0.596
0.521
0.273
-0.215
0.332
-0.172
0.147
-0.125
-0.199
-0.049
0.248
0.158
200.922
0.055
-0.663
-0.382
0.319
-0.144
0.053
0.411
0.253
-0.256
0.137
-0.551
0.476
-0.613
0.059
0.570
200.888
0.348
0.140
0.167
0.076
0.053
0.322
0.345
0.493
0.207
-0.579
-0.665
-1.019
0.441
-0.198
-0.587
-0.925
0.169
-0.295
-0.621
-0.023
0.037
-0.550
0.281
0.027
-0.150
-0.112
0.233
-0.418
-0.524
-0.110
-0.157
0.273
-0.141
-1.128
0.514
-0.024
-0.048
0.330
-0.201
0.029
-0.736
0.211
-0.747
0.170
-0.124
-0.028
0.066
-0.800
-0.067
-0.045
0.262
-0.564
-0.336
0.223
-0.498
0.154
0.251
-0.766
0.197
-0.424
0.427
0.012
0.241
-0.749
-0.152
-0.382
-0.281
-0.943
0.139
-0.041
-0.300
0.235
-0.248
0.660
-0.376
0.551
0.401
0.170
-0.355
-0.197
0.489
0.091
-1.021
0.271
-0.186
-0.706
0.028
-0.339
0.167
0.583
0.187
0.186
0.794
-0.086
0.105
-0.182
-0.071
0.276
-0.643
-0.467
-0.383
0.482
-0.501
-0.644
0.619
0.173
0.302
0.243
-1.936
-0.196
0.284
0.192
0.223
0.475
-0.372
-0.064
0.439
-0.080
-0.653
-0.075
-0.019
-0.438
-0.070
-0.188
-0.121
-0.038
0.071
-0.321
-0.110
-0.679
-0.019
-0.434
200.929
-0.503
0.184
-0.040
-0.064
0.089
0.167
-0.442
-0.350
-1.154
-1.863
0.423
0.102
-0.673
-0.324
0.739
-0.564
-0.868
-2.025
-0.328
-0.421
-0.516
-0.080
0.122
-0.062
0.062
0.390
-0.589
-0.046
0.547
-0.316
-0.180
-0.069
-0.473
0.320
0.232
-0.329
200.909
-0.764
0.188
-1.766
0.128
0.044
-0.245
0.440
-0.021
-0.708
0.056
-0.252
-1.083
200.899
-0.565
-0.079
-1.784
-0.110
-0.334
0.076
-0.272
0.229
0.624
-0.256
-0.286
-0.397
-0.181
0.347
0.726
-0.591
-0.035
0.274
0.012
-0.065
0.156
-0.285
0.138
-0.129
-0.123
0.252
-0.528
0.088
-0.297
-0.120
0.236
0.221
-0.061
0.077
-0.884
0.095
0.571
0.318
0.041
0.270
-0.179
-0.163
-0.015
-0.185
-0.291
0.401
-1.592
-0.091
-0.659
0.188
0.416
-0.214
0.087
0.230
0.139
0.149
-0.844
0.193
0.477
-0.402
-0.324
-0.099
-0.254
0.633
-0.497
0.000
-0.496
-0.257
0.320
-1.003
-0.476
0.295
-0.257
-1.320
-0.129
0.136
0.118
-0.231
-0.315
0.296
-0.144
0.524
-0.877
-0.299
0.407
-0.777
0.423
-0.745
-0.389
0.124
0.423
0.141
-0.423
-0.214
-0.268
-0.357
0.033
-0.504
0.307
0.463
0.778
0.367
-0.059
0.359
-0.296
-1.850
-0.097
-1.420
-0.400
0.122
0.350
-0.290
-0.559
0.047
0.802
-0.096
0.526
-0.005
0.148
-0.580
0.208
0.116
0.636
0.458
0.487
-0.267
0.030
0.402
0.238
-0.274
-0.888
0.263
0.261
0.356
-0.279
-1.030
0.546
-0.387
-0.027
0.249
0.086
-0.392
0.454
0.076
-0.264
0.341
-1.381
-0.184
200.897
0.585
0.281
0.540
-0.406
0.692
0.416
0.634
-0.630
0.437
0.700
0.316
-1.272
0.098
0.539
0.547
-0.776
-1.117
0.011
-0.155
0.532
-1.602
0.617
0.367
0.177
0.392
0.097
-0.383
-0.609
-0.419
0.191
0.339
0.169
0.169
-0.172
-0.420
-0.315
-0.289
0.383
-0.712
-0.520
-0.750
-0.013
-0.673
-1.228
0.418
-0.167
0.356
0.622
-0.848
-1.057
0.095
0.257
0.115
-0.969
-0.908
0.186
0.617
0.008
0.055
0.725
-0.018
0.734
-0.489
-0.119
0.283
0.262
0.451
-0.680
0.389
0.229
0.191
0.059
0.186
0.402
-0.109
-0.573
-0.404
0.294
0.208
0.211
-0.205
-0.065
-0.336
-0.111
-0.090
0.092
0.379
-0.448
0.248
-0.261
200.895
0.264
0.060
-0.732
0.164
-0.040
-0.275
-1.282
0.123
-0.397
-0.222
0.022
0.413
-0.464
0.437
-0.029
0.429
-0.306
0.231
-0.457
-0.422
0.281
-0.537
0.543
-0.184
0.371
-0.528
-0.240
0.034
-0.209
-0.047
-0.237
-0.033
0.304
-0.282
-0.328
-0.836
-0.014
0.449
0.078
-0.767
-0.381
-0.498
-0.040
-0.012
0.446
-0.233
-0.702
0.353
-0.173
0.507
0.174
-0.042
0.673
-0.335
-0.067
-0.083
0.136
0.018
-0.211
0.426
-0.643
0.506
0.023
0.026
0.641
-0.837
-0.153
-0.127
0.178
-0.941
-0.443
-0.932
0.374
-0.206
-0.352
0.444
-0.187
0.486
0.483
-0.031
0.321
0.128
0.072
-0.532
0.427
-0.298
-0.398
-0.052
-0.304
-0.074
-0.548
0.476
0.467
0.491
0.286
-0.187
0.592
0.426
0.246
0.105
0.699
-0.112
0.030
-0.193
0.319
0.543
-1.449
0.612
-1.555
0.666
0.021
-0.448
0.214
-0.116
-0.104
0.138
-0.235
-0.818
-0.691
0.236
-0.212
0.617
0.027
-0.407
0.027
-0.395
-0.298
-0.131
0.442
0.143
0.118
0.525
0.399
0.189
-0.040
0.636
0.108
-0.523
-0.143
0.131
0.096
-0.492
-0.079
-0.081
0.291
-0.505
-0.098
0.380
-0.516
-0.763
0.420
0.387
-0.780
-0.477
-0.974
0.089
-0.424
0.033
0.317
0.076
0.190
0.390
-0.325
0.342
-0.032
-0.613
-0.412
0.319
-0.242
0.104
-0.022
-0.629
0.530
-0.346
-0.206
-0.126
0.349
-0.072
0.472
0.443
-0.114
0.291
0.150
-0.223
0.198
-0.724
-0.249
0.745
-1.049
-0.064
-0.579
-0.259
-1.376
0.097
-0.357
-1.081
-0.060
0.587
0.502
0.640
0.446
-0.097
-0.903
-0.199
-0.080
-0.126
0.124
-0.013
-0.431
-0.336
-0.290
0.362
0.407
0.611
0.108
0.160
0.226
0.616
-0.217
0.534
-0.154
-0.958
-0.112
-0.484
0.051
0.513
-0.445
0.579
0.356
-0.049
-1.068
0.239
0.350
0.047
-0.223
0.241
0.390
0.001
-0.074
0.366
0.198
0.295
-0.007
0.135
0.072
-0.007
0.304
0.050
-0.979
-0.798
0.079
0.243
0.097
-0.420
-0.359
0.131
-0.344
-0.338
0.009
0.453
-0.599
0.208
200.814
-0.074
0.430
0.687
-0.161
0.021
0.078
0.259
0.310
0.002
-0.533
-0.020
-0.407
-0.101
0.076
-0.126
-0.475
-0.715
-1.013
0.205
0.102
0.008
0.149
-0.465
0.307
0.440
-0.175
-0.078
0.077
-0.290
-0.459
0.464
-0.292
-0.011
0.134
-0.470
0.135
-0.091
0.026
0.032
-0.255
-0.912
0.271
-0.251
-0.588
0.679
-0.951
0.454
0.554
0.261
0.463
-0.477
-0.429
0.571
0.238
0.616
-0.124
-0.279
-0.112
0.185
-0.152
-0.812
0.076
0.292
-0.361
-0.413
0.528
-0.265
0.354
0.183
-0.190
-0.508
-0.193
-1.055
0.008
0.014
0.294
-0.169
0.160
0.132
0.000
0.048
0.107
0.585
0.555
0.465
0.139
-0.134
-0.028
0.455
-0.579
0.120
-0.222
-0.496
-0.926
0.278
-0.225
-0.155
-0.779
-0.926
-1.044
0.047
-0.166
0.258
-0.296
0.108
-0.205
0.378
-0.464
-0.023
0.342
0.073
0.777
0.406
0.399
-0.930
0.279
0.022
-0.107
-0.363
-0.514
200.915
-0.190
0.163
0.420
0.552
0.356
-0.106
-0.573
0.004
0.710
-0.993
-0.186
-0.438
0.494
-0.117
-0.104
-0.137
-0.338
0.632
0.261
0.468
-0.110
-0.493
-0.520
-1.031
-1.518
0.646
0.286
0.223
-0.575
-0.474
0.404
-0.450
0.590
-0.072
-0.243
0.121
-0.347
0.518
0.282
0.216
-0.103
-0.132
0.086
-0.060
-0.286
0.133
-0.157
0.149
-0.109
-0.353
0.403
-0.049
0.104
0.398
0.259
0.355
0.069
-0.377
-0.150
0.601
-0.017
-0.248
-0.068
-0.064
0.606
-0.367
0.464
-0.275
-0.033
0.028
0.522
0.144
0.138
0.086
0.298
-1.504
0.419
-0.450
0.576
0.182
-0.015
0.206
0.645
-1.156
0.142
-0.232
-0.723
0.271
0.299
-0.249
0.511
-0.119
0.089
-1.178
-1.150
-0.372
0.211
-0.185
0.122
0.666
0.566
-0.094
-0.675
-0.378
0.208
0.083
0.536
-0.210
0.091
200.927
0.101
-0.017
0.095
0.356
-0.054
0.445
0.363
-0.130
0.100
0.536
-0.076
0.197
-0.118
-0.032
-0.296
-0.200
0.420
-0.072
-0.907
0.429
-0.086
0.120
0.508
-0.468
0.267
0.106
0.184
0.302
0.365
0.281
0.065
-0.046
0.476
-0.343
0.148
0.004
0.224
-0.288
0.247
0.143
0.297
-0.070
0.751
0.284
0.034
-0.376
0.438
0.028
-0.123
-0.382
-0.043
-0.434
-0.629
-0.144
-0.810
0.823
0.210
0.020
0.383
0.043
-0.780
-0.123
-0.703
0.114
-0.383
0.060
-0.273
0.178
-0.505
-0.404
-0.398
0.195
0.173
0.327
0.519
-1.411
0.310
-0.199
-0.908
-0.233
0.482
0.121
0.810
0.031
-0.841
-0.462
-0.132
-0.321
0.000
-0.057
-0.073
-0.028
-0.526
0.224
-0.016
-0.396
-0.607
0.365
0.296
0.072
-0.080
0.171
0.675
-0.620
-0.573
-0.496
0.147
-0.830
-0.178
-0.387
0.252
0.399
-0.795
-0.092
-0.325
-0.172
-0.295
0.399
0.435
0.425
-0.824
0.140
-1.493
0.627
0.440
0.033
-0.475
-0.122
0.434
-0.455
-0.233
0.707
0.463
-0.018
-0.545
0.515
0.056
0.492
-0.091
-0.372
-0.092
0.008
-0.025
0.265
0.345
0.117
0.713
0.044
-0.289
0.474
-0.519
-0.138
-0.033
0.723
0.357
-0.272
-0.283
-0.782
-1.263
-0.128
0.164
0.090
-0.142
0.734
-0.065
0.149
-1.505
-0.491
0.140
-0.170
0.629
0.163
0.508
-0.136
-0.553
0.362
-0.504
-0.417
0.344
-0.267
-0.241
0.513
0.123
-0.521
-0.855
0.417
0.325
0.269
-0.289
0.103
0.336
0.348
0.099
0.212
-0.156
0.382
0.126
-0.534
-0.308
-0.991
0.159
-0.056
-0.317
0.572
-0.385
-0.118
0.184
-0.062
0.233
0.773
-0.621
-0.007
-0.199
0.127
-0.399
-0.287
-0.553
-0.334
0.373
-0.206
0.161
-0.182
0.049
-0.296
-0.000
0.559
0.453
-0.004
0.126
-0.250
0.105
0.329
0.108
-0.153
0.140
0.266
-0.416
0.159
0.675
-0.895
0.229
-0.448
-0.053
0.445
0.512
0.095
-0.155
0.211
0.122
-0.216
0.713
0.063
-0.456
-0.022
0.352
0.235
0.370
0.041
0.213
0.337
0.441
-0.025
-0.225
-0.266
-0.296
-0.194
0.151
0.049
-0.069
0.063
0.080
-0.150
-0.050
-0.015
0.269
0.236
-0.064
0.294
-0.225
0.128
-0.099
-0.282
0.070
0.066
0.486
-0.331
0.287
-0.582
-0.224
0.257
0.277
-0.222
0.377
0.030
-0.752
-1.229
0.834
0.019
0.071
-0.549
-0.216
-0.444
-0.489
-0.686
-0.621
0.209
0.732
-0.012
0.368
0.205
0.187
-0.046
-0.245
0.676
0.401
0.349
0.291
0.035
0.063
0.360
0.403
0.539
-0.207
-0.003
0.240
0.429
-0.365
-0.694
-0.112
-0.051
0.201
0.394
0.072
0.158
-0.003
-0.302
0.214
-0.285
0.159
0.637
-0.745
-0.301
0.413
-0.701
-0.257
0.374
0.391
0.581
0.329
200.895
-1.546
0.401
-0.657
-0.273
-0.198
-0.330
-0.020
0.101
0.305
0.194
-0.334
0.231
0.428
-0.083
0.282
-0.507
-0.020
-0.149
0.242
0.270
0.233
-0.140
0.418
0.333
0.030
-0.114
0.037
-1.470
-0.174
0.489
-0.098
-0.792
0.183
-0.179
-0.346
0.339
0.067
0.149
-0.092
-0.079
0.214
-0.107
-0.047
0.123
0.328
-1.366
-0.035
-0.130
-0.107
0.135
0.348
0.482
0.734
-0.355
-1.007
0.259
-0.125
0.090
0.588
-0.595
0.233
0.360
-2.413
-0.120
0.159
0.628
-0.029
0.121
-0.215
0.469
0.331
0.049
0.218
-0.473
200.896
0.459
0.493
0.224
-0.464
-0.988
-0.351
-0.085
-0.236
0.031
-0.083
-2.799
-0.201
-0.704
-0.263
0.040
-0.413
0.620
-0.241
-0.883
-0.263
0.268
0.155
-0.373
-0.398
0.011
-0.347
0.698
0.408
0.003
0.182
0.238
-0.874
-0.140
0.153
-0.110
-0.100
-0.804
0.377
-0.119
-0.092
0.327
0.503
0.007
-0.038
0.736
0.591
-0.331
0.318
0.431
0.424
0.342
-0.218
-0.670
0.196
0.733
-0.066
-0.242
0.627
-0.428
-0.307
-0.378
0.544
0.232
0.177
0.060
-0.124
-0.132
-0.088
-0.396
-0.467
-0.597
0.070
-0.115
0.132
0.263
0.262
0.145
0.687
0.304
0.293
0.253
0.274
0.097
0.259
-0.349
-0.653
0.330
-0.423
0.129
-0.343
0.267
0.238
-0.661
0.112
0.585
0.610
0.325
-0.567
-0.175
0.410
-0.167
0.391
0.701
0.548
-0.590
0.261
-3.015
0.043
-0.549
-0.231
0.147
0.051
-0.163
-0.569
-0.511
0.024
0.621
-0.104
0.020
0.536
-0.961
-0.450
-0.243
0.442
-0.001
0.610
0.216
0.142
-0.609
-0.381
0.181
-1.095
0.612
-0.309
0.214
-0.232
-0.069
-0.022
-0.150
0.208
-1.233
-0.063
-0.093
0.170
-0.074
-0.204
-0.408
0.166
0.173
0.092
-0.469
0.044
-0.392
0.129
-0.977
0.004
0.067
0.114
0.578
0.026
0.154
0.045
0.375
0.719
0.128
0.309
0.157
-0.205
0.155
0.339
-0.326
-0.482
0.149
0.497
-0.827
-0.664
-0.014
-0.258
0.191
-0.060
-0.230
0.098
-0.300
-0.188
-0.541
-0.055
0.048
0.027
0.052
0.191
-0.071
-0.293
0.024
0.284
0.036
-0.625
-0.072
0.212
0.331
0.711
0.195
0.779
0.002
0.512
0.122
-0.952
-0.757
-1.480
0.028
-1.164
-0.611
0.383
-0.576
-0.556
-0.600
-0.491
0.037
0.103
0.212
0.064
0.230
-0.449
-0.057
0.004
0.122
0.459
0.034
0.179
-0.154
0.188
0.262
0.465
-0.249
-1.187
0.200
0.131
0.546
-0.601
0.358
-0.601
0.039
0.174
-0.667
0.271
0.236
0.384
-0.682
0.301
0.132
-0.426
0.098
-0.159
0.175
-0.293
-1.127
-0.200
-0.225
-0.418
-0.230
-0.421
-0.809
-0.715
-0.282
-0.186
-0.294
0.462
0.107
0.452
0.631
-0.051
0.520
0.020
0.189
0.534
0.453
-0.118
0.233
-0.360
0.105
-0.361
0.529
0.250
0.650
0.226
0.262
0.303
-0.487
0.396
-0.272
0.138
-1.027
0.220
0.206
-0.039
-0.647
-0.499
-0.364
0.100
-0.255
0.524
0.200
-1.829
-0.071
-0.319
-0.924
0.050
-1.067
-1.133
-0.289
0.464
0.583
-0.444
0.013
0.147
0.126
0.330
0.067
-1.602
0.031
-0.227
-0.118
0.386
0.255
0.070
0.400
-0.575
-0.776
0.251
0.064
-0.114
0.438
-0.344
0.231
0.458
-0.476
0.737
200.930
0.144
0.014
-0.258
-0.322
0.525
0.523
0.350
0.446
0.384
-0.038
0.420
-0.633
-0.005
-0.037
-0.225
0.297
-0.206
0.202
200.928
-0.377
0.209
-0.183
0.605
-0.233
-0.762
0.355
-0.271
-1.432
-0.594
-0.193
0.395
-0.016
-0.403
-0.065
0.530
0.365
-0.238
-0.015
-0.193
0.111
0.716
0.532
0.012
-0.481
0.178
-0.371
0.524
-0.951
0.312
-0.356
0.166
0.558
-0.118
-0.270
0.626
-0.282
0.443
-0.752
-0.984
0.546
-0.684
-1.176
0.242
-1.324
0.002
-0.594
0.517
0.093
0.594
-0.128
-0.781
0.189
-0.668
0.494
-0.248
-0.237
0.254
-0.273
0.114
-0.571
0.247
-0.043
0.504
0.148
0.327
0.392
0.314
0.255
-0.308
0.357
0.209
-0.430
-0.532
0.395
-0.690
-0.456
-0.136
-0.101
0.625
0.534
0.053
-0.883
-0.208
-0.701
0.454
-0.325
0.587
0.338
-0.236
0.176
0.544
0.723
0.796
-0.348
0.499
0.215
-0.220
0.081
0.067
0.078
0.011
-0.957
0.574
0.546
0.250
0.641
-0.179
0.588
0.524
0.244
-0.428
-1.417
-0.174
0.172
0.484
-0.582
-0.035
0.562
0.112
0.362
-1.200
-0.128
0.529
0.038
0.453
0.244
0.715
-0.321
0.010
0.276
0.581
0.179
0.560
0.283
-0.134
-0.309
-0.480
-0.510
-0.352
0.450
0.382
0.125
0.055
-0.103
0.009
-0.478
-0.503
-0.862
-0.063
0.224
0.361
-0.520
-0.381
0.319
-0.120
0.509
0.124
0.198
0.385
0.158
-0.021
0.177
-0.232
-0.222
-0.137
0.463
0.050
-0.633
0.141
0.345
-0.235
-0.026
-0.446
-0.734
0.397
0.471
0.054
-0.408
-0.133
0.667
0.304
0.282
0.024
-0.137
-0.688
-0.340
0.072
-0.181
-0.112
0.236
0.058
0.333
0.387
-0.017
0.087
-0.126
0.268
0.336
0.077
0.225
-0.128
0.190
-0.027
0.028
0.204
0.360
-0.227
-0.475
-0.166
0.305
0.550
0.399
-0.605
-0.601
0.181
-0.268
-0.010
0.344
0.644
-0.319
0.474
-1.461
0.531
0.473
-0.486
-0.644
0.170
0.096
0.456
-0.228
0.041
-0.270
-1.285
0.092
-0.288
-0.529
0.214
0.082
-0.316
0.229
0.235
-0.150
0.495
0.517
0.211
0.322
0.419
-0.194
-0.225
-0.392
0.723
-0.139
0.296
0.451
0.279
0.279
-0.882
0.380
-0.117
0.306
0.765
0.502
-0.202
0.269
0.360
-0.179
0.134
0.447
0.108
-1.119
0.092
0.274
0.133
-0.365
-0.300
0.033
-0.045
0.796
-0.341
0.250
0.701
-0.903
0.557
0.644
-0.110
-0.277
-0.699
-0.261
-0.250
-0.208
-0.342
0.530
0.285
-0.077
-0.629
-0.093
0.428
0.304
0.279
-1.135
-0.147
0.307
0.662
0.342
0.273
-1.282
-1.509
-0.435
-1.153
-0.285
-0.095
-0.174
-0.852
-0.233
-0.674
-1.107
-0.375
-0.014
0.308
0.581
-0.322
0.584
0.227
0.275
-0.097
-0.065
0.234
-0.078
-0.150
-0.165
0.323
-0.685
0.245
-0.152
0.077
0.292
0.369
0.500
-0.899
-0.043
0.263
0.531
0.529
-0.387
0.506
-0.147
0.205
-0.018
0.470
0.173
0.023
0.227
0.227
-0.468
-0.357
0.612
0.223
-0.026
-1.824
0.264
0.371
-0.105
-1.431
-0.616
0.356
-0.093
-0.021
-0.032
0.172
0.088
-0.619
0.186
-0.045
-0.064
0.137
0.553
-0.202
-0.119
-0.463
-0.495
-0.744
0.676
0.450
-0.087
0.528
-0.586
-1.727
-1.323
-0.734
0.858
0.329
-0.017
0.111
-0.218
0.057
-1.313
-0.342
-0.033
-0.197
0.529
0.507
0.341
0.284
-0.193
-0.142
-0.128
0.199
-0.884
0.019
-0.317
0.646
0.689
0.498
0.394
0.443
0.525
0.404
-0.071
-0.070
0.512
0.429
-0.138
-0.472
-0.787
0.265
-0.078
0.480
0.398
-0.800
-0.272
-0.819
-0.388
-0.696
0.329
-0.046
0.178
0.437
0.306
-0.340
-0.394
-0.097
-0.056
-0.513
0.118
0.197
-0.186
-1.102
-0.272
0.279
0.178
-0.100
-0.887
-0.277
-0.723
-0.390
0.495
0.154
-0.118
0.334
-0.080
0.239
0.404
-0.628
0.542
0.604
0.095
-0.617
-1.429
-0.988
-0.089
0.270
0.144
-0.117
-0.776
-0.656
0.152
0.107
-1.231
-0.052
-0.489
0.380
0.305
0.347
0.137
0.354
0.053
-0.268
-0.972
-1.480
-1.387
0.560
-0.287
0.194
0.185
-0.532
0.465
0.363
-0.343
-0.024
-0.575
0.079
-0.880
0.545
0.255
-0.082
0.133
0.202
0.301
0.268
0.552
-0.116
0.418
0.234
0.282
-0.510
-0.501
0.304
-0.442
-0.274
-0.021
-0.617
0.046
0.009
-0.449
-0.357
-0.577
0.231
-1.444
0.199
-0.201
0.192
-0.457
0.514
0.673
0.653
-0.495
-0.461
0.184
-0.530
0.237
-0.286
0.004
-0.399
0.123
-0.886
0.392
-0.165
0.569
-0.096
0.066
-0.365
-0.431
0.115
-0.062
200.921
0.018
-0.218
-0.340
-0.807
0.246
0.828
0.446
-0.236
0.520
0.425
-0.380
0.357
-0.100
0.073
0.348
0.178
0.118
0.186
0.011
-0.724
0.268
0.186
-0.009
0.339
0.489
0.285
0.369
-0.923
-0.001
-0.478
-0.558
-0.289
-0.217
0.139
0.544
-0.043
-0.437
0.572
0.358
-0.168
-0.401
0.852
0.200
-0.108
-0.019
0.187
-0.304
0.178
0.574
0.656
-0.562
-0.150
0.170
-0.440
0.555
-0.426
-0.419
0.655
-0.801
-0.021
-0.066
0.382
0.013
0.631
0.739
-0.213
0.315
0.126
0.213
-0.903
0.355
0.383
-0.138
0.006
0.273
-0.989
-0.194
-0.464
-0.208
0.047
-0.891
0.339
-0.248
-0.687
0.015
0.577
-0.602
0.179
-0.144
-0.052
0.517
-0.156
0.204
-0.353
0.326
0.552
0.592
0.264
0.483
-0.234
-0.318
0.252
-0.471
-0.221
0.489
0.497
-0.131
-0.087
-0.139
0.356
-0.214
-1.111
0.523
-0.372
-0.264
-0.291
0.017
-0.639
0.188
-0.218
0.284
-0.091
0.263
-1.291
-0.155
0.863
-0.664
0.294
0.333
-0.728
-0.983
-0.608
0.218
0.238
0.168
0.414
-0.118
0.024
-0.308
-0.066
0.193
0.310
0.110
-0.327
0.068
0.484
-0.236
-0.034
-0.460
0.043
-0.251
-0.501
0.252
-1.265
0.368
-0.012
-0.842
-0.593
-0.264
0.472
-0.153
0.379
-0.093
0.430
-0.141
0.249
-0.343
-0.658
0.545
-0.205
0.495
-0.891
0.702
-0.323
0.084
0.280
0.034
0.535
0.421
-0.477
-0.024
0.108
-0.301
-1.046
-0.445
0.713
0.137
-0.074
0.154
0.091
0.058
0.565
-0.286
0.830
0.256
0.107
0.238
0.079
-0.201
-0.087
-0.122
-0.803
0.412
-1.539
-0.451
0.543
-0.558
-0.298
-0.313
0.460
-0.670
0.045
0.428
-0.083
-0.046
0.069
0.276
-0.084
0.176
-0.099
-0.322
0.105
-0.695
-0.652
0.211
0.171
-0.175
-0.055
-0.012
0.495
-0.219
0.712
-0.433
0.336
0.591
0.198
0.034
0.177
0.777
0.495
0.261
-0.705
0.130
-0.397
0.291
-0.248
0.073
0.287
0.402
-0.210
0.207
-0.260
-0.003
0.370
-0.075
0.418
0.158
0.177
-0.404
-0.300
0.620
0.390
0.220
0.400
-0.242
-0.332
-0.091
0.570
0.362
0.316
0.340
-0.093
-1.103
0.399
-0.086
-0.251
-1.021
-0.357
-0.062
0.523
-0.464
0.285
-0.062
0.488
0.257
-0.452
-0.122
0.062
-0.944
-0.514
-0.033
0.071
0.288
0.626
0.491
-0.362
-0.167
0.513
-0.733
-0.100
-0.003
-0.359
-0.194
200.892
0.082
0.423
0.005
-0.658
0.308
0.309
0.116
-0.544
0.376
0.162
0.028
0.230
-0.704
0.250
-0.336
0.607
0.648
0.408
0.481
-0.155
0.114
0.003
-0.575
-0.073
-0.320
0.575
-0.553
0.605
0.152
-0.254
-0.343
-1.064
-0.314
-0.789
0.327
0.247
0.092
-0.145
0.025
-0.935
0.025
0.487
-0.512
-0.509
0.782
0.224
0.104
0.230
0.255
-0.314
-0.075
-0.136
0.088
-0.072
0.173
0.239
0.033
0.194
0.165
0.558
-0.408
0.464
-0.265
-0.508
0.015
0.538
0.117
-0.222
-0.038
-0.031
0.034
-0.394
0.738
0.143
0.147
0.357
0.359
0.498
-0.992
-0.450
-0.863
0.073
-0.591
0.339
0.053
-2.597
0.071
-0.174
-0.018
0.774
-0.573
-0.032
-0.299
-0.061
0.068
0.351
0.538
-0.169
0.749
-0.249
0.419
0.331
0.377
0.122
0.038
-0.798
0.177
-0.430
-0.767
-0.013
0.032
-0.221
0.278
-0.619
-0.097
-0.356
0.300
-0.365
0.185
0.393
0.068
0.228
-0.782
-0.297
0.630
-0.748
-0.014
0.371
-0.345
0.285
0.283
0.006
0.321
0.472
-0.176
-0.282
0.180
-0.744
0.096
0.271
-0.606
-0.673
0.263
-0.713
200.896
0.502
0.320
-0.174
-1.324
0.361
-0.512
-0.468
-0.200
0.626
0.588
0.279
0.173
0.853
0.084
-0.055
-0.244
0.403
0.101
0.312
-0.373
0.172
0.336
0.124
0.416
0.636
-2.103
-0.566
-0.153
0.142
0.641
-0.205
0.318
0.065
0.172
0.235
-0.346
-0.066
0.178
-1.092
0.387
-0.035
-0.609
-0.120
0.476
0.488
-0.158
0.183
0.388
0.566
0.219
-0.245
0.424
-0.383
0.242
0.345
-0.015
0.636
0.253
-0.203
-0.170
0.360
0.198
0.310
-0.686
-1.373
0.362
-0.257
-0.047
-0.327
-0.028
0.536
0.121
0.356
-0.501
0.470
0.082
0.500
0.265
0.621
-0.055
-0.216
0.601
-0.505
-0.451
0.006
-0.302
0.546
-0.899
0.173
-0.095
-0.634
0.037
0.328
0.106
-1.161
0.030
-0.556
-0.320
0.170
0.007
0.520
0.572
0.353
-0.032
0.462
0.066
0.220
0.152
0.316
0.668
-0.135
0.014
-0.122
0.268
-0.300
-0.605
0.418
0.713
-1.864
0.284
0.677
-0.172
-0.150
0.434
-1.400
0.304
-0.098
-0.400
0.176
0.068
0.170
-0.118
-0.011
-0.094
-0.254
-0.675
0.208
0.680
-0.334
0.281
0.362
-0.633
-0.358
-0.123
0.148
0.046
0.476
-0.270
-0.154
0.295
0.233
200.940
-0.339
0.691
0.060
0.180
0.114
0.507
-0.006
0.637
0.326
-0.180
0.035
0.403
0.071
0.579
0.162
0.410
-0.024
0.208
0.216
0.020
0.469
-0.180
-0.694
0.372
0.442
0.044
0.123
-0.528
0.747
0.524
-0.145
0.181
0.135
0.289
0.455
0.414
-0.298
0.549
0.052
-0.033
0.040
0.578
-0.964
0.493
-0.269
-0.418
-0.367
-0.360
-0.702
0.093
-0.057
0.608
0.774
0.138
0.271
0.346
-0.523
-0.542
0.304
0.646
-0.320
0.201
-0.488
-0.239
0.352
-0.401
-0.434
0.314
0.439
-0.302
0.541
-0.162
0.559
0.186
-0.107
0.342
0.646
0.295
-0.125
0.139
0.433
0.548
-0.304
-0.492
0.275
0.127
0.186
0.148
0.298
0.300
0.261
-0.754
0.598
0.446
-0.395
-0.120
0.047
-80.514
-1.189
-0.416
0.251
0.100
0.055
-0.119
-0.740
0.021
-0.216
-0.017
-0.005
0.261
0.060
0.305
0.240
0.021
0.059
0.182
-0.795
-0.283
-1.511
-0.379
0.064
-0.256
-0.511
-0.031
0.319
0.280
-0.893
0.283
0.301
-0.209
-2.179
0.311
0.162
0.618
-0.760
-0.293
0.184
-0.274
0.135
0.202
0.523
0.104
-0.427
0.390
-0.192
-0.041
0.097
-0.229
-0.003
0.104
0.182
0.349
-0.301
0.602
-0.925
-0.027
0.535
-0.056
-0.257
-0.027
0.262
0.034
-0.097
0.088
0.591
-0.008
0.102
0.546
0.334
0.141
-0.720
0.410
-0.361
-0.365
0.632
0.424
-0.583
0.526
-1.045
0.404
0.182
-0.494
0.437
0.309
0.368
0.185
0.235
0.285
0.210
-1.034
0.270
-0.008
-0.388
0.583
-29.682
0.169
0.155
0.294
-0.016
-0.255
-0.012
-0.295
-0.054
0.436
0.018
0.331
-0.245
0.676
-0.813
0.109
0.056
0.039
0.165
-0.377
0.384
0.263
0.295
0.039
0.192
0.653
0.027
0.353
0.177
0.275
-0.167
0.756
-0.014
0.337
0.373
0.137
0.137
0.377
0.431
0.431
0.499
0.364
-0.330
-0.562
-0.648
-0.315
-2.002
0.435
-0.466
0.185
-0.189
0.489
-0.499
0.123
0.518
-0.177
-0.524
0.216
-0.325
0.275
-0.175
0.118
-0.747
0.005
0.132
0.522
-0.601
0.091
0.292
-0.291
-0.181
0.349
0.367
0.747
0.015
-0.206
0.366
-0.472
-0.453
0.687
0.027
-0.477
0.217
0.416
-0.098
-0.974
0.195
-0.572
-0.041
-0.244
0.322
-0.503
-2.632
-0.005
-0.104
-0.523
0.358
0.640
-0.133
-0.374
-0.515
-1.026
0.095
0.167
-0.089
0.356
0.289
-0.130
0.370
-0.352
0.429
0.080
0.294
-250.735
-0.998
0.440
0.375
-0.047
-0.708
0.606
0.254
-0.222
0.200
0.488
0.676
-0.093
-255.312
0.492
0.532
-0.096
-0.451
0.300
-0.518
-0.514
0.368
0.156
0.230
-0.058
0.107
0.134
0.220
0.174
0.482
0.123
0.275
0.615
0.574
0.466
0.409
-0.428
0.528
-0.190
0.167
-0.480
-0.120
-0.234
-0.041
0.176
-0.698
0.106
0.660
0.342
-0.045
-0.148
-0.778
0.634
0.420
0.639
0.259
0.078
0.174
0.419
-0.258
0.791
0.234
0.624
0.486
-0.581
0.506
0.273
0.211
0.132
0.254
0.099
-0.407
0.322
0.444
-0.084
0.267
-0.488
0.302
-0.062
0.019
-0.039
0.589
-0.245
-0.415
-0.326
-1.492
-1.386
-0.543
0.018
0.654
0.751
0.443
-0.087
0.336
0.339
0.347
-0.436
-0.287
0.522
-0.206
0.432
0.391
-464.686
0.083
0.121
0.095
-0.052
0.222
0.316
0.080
0.226
-0.431
-0.040
0.041
-0.069
0.051
-0.554
0.457
0.535
0.224
0.175
0.455
-0.591
-74.968
0.342
-0.018
0.226
200.942
0.234
0.496
0.378
0.086
0.200
-0.090
-0.317
0.393
0.109
0.379
0.095
0.669
0.567
0.006
0.323
0.389
-0.513
0.153
-0.002
-0.368
0.004
-0.594
-0.155
0.129
-0.109
0.514
-0.844
0.518
0.255
-0.848
-0.131
-0.915
-0.508
0.456
0.390
0.146
-0.787
0.082
0.242
0.449
0.310
0.237
-0.081
0.250
0.013
0.162
0.735
-0.325
-1.010
200.904
0.326
0.058
-0.008
0.865
0.142
-0.091
0.595
-0.119
0.108
-1.212
0.555
0.225
0.330
-0.442
-0.185
0.380
0.561
0.008
0.619
-0.311
0.258
-0.271
0.544
-0.259
0.095
-0.535
0.095
-0.227
-1.475
0.633
0.279
0.463
-0.372
-0.611
0.270
-0.467
0.315
0.486
0.260
0.066
0.347
0.657
0.632
-0.129
-0.441
0.080
0.592
-1.050
0.308
-0.426
-0.164
-0.706
-0.398
0.089
0.725
-0.209
-0.603
-0.517
-0.223
0.574
0.251
-0.013
0.164
0.130
0.328
-0.027
0.430
-0.058
-0.496
-0.204
0.396
-0.098
0.507
0.215
-0.113
0.216
-1.038
0.223
0.197
-0.017
-0.215
-0.934
0.280
0.271
-0.027
-0.494
0.312
-0.562
0.129
0.143
0.126
0.256
-0.112
0.662
0.090
-0.274
0.250
0.210
0.399
0.220
0.608
-0.252
0.121
0.122
0.060
0.061
-0.484
0.021
0.056
0.016
0.217
0.200
-0.187
-0.412
0.433
0.341
0.326
0.163
-0.168
-0.566
0.238
0.296
0.335
0.073
-0.981
0.346
0.492
-0.113
-0.590
0.429
0.174
-0.329
-0.308
0.365
0.596
0.205
-0.344
-0.051
-0.742
0.326
-0.261
-0.910
-0.284
0.644
0.428
0.092
0.367
-0.058
0.331
0.521
0.209
0.228
-0.483
0.154
-0.567
-0.135
0.214
0.090
-0.278
0.212
0.055
-0.703
0.055
0.539
0.078
0.495
0.144
-0.326
-0.148
-0.372
-0.078
-0.442
0.169
0.402
-0.636
-0.899
-0.236
0.003
0.644
0.086
-0.699
0.136
-0.072
-0.424
-0.244
0.141
0.604
0.527
0.458
-0.581
0.644
0.188
-0.275
-0.288
0.031
-0.523
0.026
-0.203
0.622
0.082
-0.143
-1.833
0.693
0.009
0.325
0.163
0.439
0.367
0.418
0.187
0.247
0.731
0.255
0.101
0.251
0.562
0.461
0.111
-0.111
-0.223
-0.133
-0.347
0.346
0.106
-0.277
0.083
-0.201
0.346
-0.229
0.580
-0.034
-0.021
0.091
-0.040
-0.233
0.384
0.096
-0.239
0.119
-0.226
0.155
0.376
-0.322
-1.262
0.171
0.031
0.482
0.753
-0.456
-0.316
0.166
0.399
0.349
0.367
-0.646
-0.603
-0.323
-1.429
-0.017
0.375
0.276
0.238
0.549
0.248
-0.122
0.480
0.451
-35.730
-0.114
0.469
0.301
0.023
-0.070
0.648
-0.153
0.043
-1.094
0.518
0.313
0.238
0.083
0.316
0.121
-0.040
0.288
-0.118
-0.104
0.498
-0.228
0.539
0.139
0.298
-535.288
-1.246
-0.312
0.086
-0.781
0.226
0.139
0.525
0.176
0.387
0.643
-0.301
-0.518
-0.085
0.357
0.496
0.051
0.477
-0.617
-0.054
0.531
-0.014
0.414
-0.453
-0.066
0.016
-0.967
0.188
-2.162
0.039
0.208
0.434
-0.323
-0.183
-5784.985
0.717
0.196
0.009
0.095
-0.842
-0.154
0.359
-0.045
0.273
0.456
-0.002
0.022
0.613
0.073
0.268
-0.537
-0.471
0.076
0.400
0.458
0.601
0.330
-0.045
0.179
-0.278
-2.474
0.062
0.535
0.388
-0.180
-0.882
-0.144
0.057
0.480
0.145
0.636
-0.325
0.604
-0.016
0.179
0.196
0.505
0.143
-0.073
0.247
-0.095
-0.006
-0.633
-0.623
0.278
0.155
0.690
0.329
-0.512
-0.249
-0.050
0.380
0.435
0.409
0.143
0.041
0.287
0.422
0.356
-0.543
0.465
-0.706
-0.516
-1.058
0.500
-0.135
0.548
-0.377
0.505
0.365
0.407
0.329
-0.136
0.274
-0.426
-0.207
-0.965
0.276
0.412
-0.060
-1.358
0.025
0.286
0.115
0.108
-0.323
0.130
0.351
0.656
-0.032
0.399
-0.845
-0.322
0.303
0.521
0.521
0.182
-0.274
-0.107
0.544
0.078
0.532
0.589
0.523
-0.215
-0.059
-0.308
0.476
-0.628
-0.227
-0.287
0.551
0.178
0.420
0.123
0.104
0.117
0.400
0.240
0.031
0.296
0.092
0.136
-0.945
0.509
-0.817
-0.501
-0.097
-0.178
-0.044
0.006
-0.170
-0.483
-0.735
0.261
-0.200
-0.892
-0.492
0.287
-0.224
0.536
0.426
0.202
0.068
0.695
0.033
-0.353
0.116
-0.405
0.466
-0.324
0.412
0.416
0.333
-0.242
-0.180
-0.428
0.057
-1.152
0.289
0.376
-0.536
-0.951
0.512
-0.653
0.040
0.168
-0.104
-0.042
-0.862
-0.235
-0.306
-0.294
-0.288
0.295
0.092
0.563
0.636
0.223
0.301
-0.195
-0.938
-0.250
0.008
-0.470
-0.337
0.317
-0.470
-0.570
-0.006
0.340
-0.652
0.336
0.362
0.298
0.350
-0.307
-0.607
-0.669
-0.339
0.630
0.022
0.231
0.662
-0.023
0.240
0.600
-0.528
-0.357
0.250
-0.833
-0.921
-0.285
0.045
0.065
0.026
0.017
-0.718
-0.342
0.297
0.153
0.369
-0.187
0.207
0.372
-0.283
-0.236
0.579
0.161
-0.163
-2.839
0.572
-0.390
0.464
-0.074
0.077
0.390
-0.548
0.197
-0.434
-0.321
0.095
-0.242
0.086
-0.203
0.237
0.282
0.218
0.120
-0.833
-0.100
0.027
-0.174
0.485
-0.578
-0.202
-0.651
-0.685
-0.083
-775.032
-0.677
0.370
-0.314
-0.331
0.195
0.259
0.172
0.257
-0.964
-0.009
-0.326
0.097
0.147
-0.083
-0.090
0.017
-0.007
-0.293
-0.384
-0.068
0.109
-0.041
-0.155
-0.051
0.459
-0.269
0.159
0.045
0.768
-0.338
-0.657
-0.155
0.683
0.753
0.114
0.628
0.208
0.607
0.365
0.395
0.356
-0.208
-0.635
0.131
0.898
-0.512
-0.003
-0.084
0.253
-0.956
-0.406
0.474
-0.256
-0.034
-0.123
-0.068
-0.088
0.338
0.455
-0.246
-0.469
0.371
0.293
0.069
0.086
0.502
-135.448
0.216
0.361
-0.086
-0.090
0.343
0.539
0.251
-0.506
-0.581
-0.655
-0.497
-0.473
0.240
0.170
-0.241
0.478
0.264
-0.689
-0.754
0.328
0.656
0.147
0.320
-0.307
0.253
0.564
-0.117
0.635
0.472
0.314
-0.086
-0.463
-0.475
0.625
-0.218
0.327
0.123
-0.019
-0.453
-0.632
0.081
-0.097
0.374
-0.237
0.577
0.115
-0.292
-0.393
-0.751
-0.245
0.518
-0.632
0.006
0.152
0.180
0.407
0.441
-0.064
0.122
0.070
0.482
0.123
0.372
-0.148
-0.575
0.511
-0.106
-0.027
0.447
0.106
0.045
-0.920
0.040
0.294
0.612
0.682
0.313
-0.086
0.355
0.375
0.293
0.125
-0.773
-1.029
0.320
0.164
0.171
0.813
-0.069
0.360
0.110
0.662
-0.146
0.325
0.646
0.126
-0.330
0.129
0.275
0.184
-0.311
0.041
-0.584
0.172
-0.216
0.117
0.116
-0.060
0.189
0.126
-0.340
0.495
0.504
0.280
0.318
-0.083
0.516
0.483
0.139
-0.014
-1.014
0.079
0.083
-0.070
-0.322
-0.382
-0.168
-0.090
-0.671
-1.812
-0.883
-0.752
0.605
-0.261
-0.402
0.061
0.680
0.618
0.097
-0.144
-0.196
0.193
-0.585
-0.005
0.514
-0.579
-0.166
-0.341
-0.152
-0.723
-0.348
0.275
0.067
0.390
0.590
0.600
0.439
0.311
0.287
0.439
0.580
0.825
0.321
0.557
0.269
-0.049
0.536
-0.249
0.540
0.025
0.190
0.355
0.512
-0.033
-0.467
-1.226
-0.265
0.655
0.228
0.421
-0.902
0.001
-1.819
0.020
0.557
-0.014
-0.639
-0.614
0.405
0.343
-0.017
-0.764
0.269
0.589
0.234
0.645
0.158
0.572
0.111
0.142
0.030
0.222
0.244
0.180
0.530
0.053
0.480
0.321
0.520
0.535
-0.093
-0.780
0.166
0.572
-0.117
0.624
0.460
0.341
-0.011
-0.282
-0.252
-0.082
0.293
-0.117
0.640
0.038
0.085
0.256
0.326
0.029
-0.065
0.104
-0.387
0.298
-0.172
0.245
0.106
-0.591
0.543
-0.003
0.149
-0.964
-0.035
0.562
-0.660
-0.002
0.091
-0.023
-0.108
0.404
0.654
0.604
0.021
0.342
0.074
-0.456
-0.422
0.257
0.031
-0.550
-0.576
-0.152
0.604
-0.331
-0.390
0.209
0.594
0.467
0.408
-0.089
0.157
0.001
0.345
0.421
-0.048
-0.393
0.517
0.159
-0.037
0.231
-0.416
0.120
-0.135
0.353
0.429
-0.352
0.659
0.094
0.171
-0.490
-0.089
-0.482
-0.229
-0.125
0.121
0.136
-0.508
0.305
-0.147
0.303
0.202
0.354
0.498
-0.752
0.300
-4760.187
0.059
-0.190
-0.131
0.247
0.296
0.088
0.341
0.570
0.186
0.087
0.600
0.385
0.874
0.100
-0.351
-6.032
0.232
-0.098
0.396
-0.601
0.344
0.459
0.186
0.249
0.283
0.394
0.490
-0.415
-0.036
0.515
0.342
0.017
0.471
0.400
-0.163
-0.021
-0.008
0.521
200.950
-0.694
0.097
0.014
0.108
0.330
-0.129
0.064
0.544
0.448
0.520
-0.407
-0.245
0.141
-0.270
0.379
0.514
0.194
0.442
0.356
-0.624
0.006
0.050
-0.399
-0.527
0.086
-0.985
-0.348
0.068
0.195
-0.266
0.206
-0.035
-1.316
-1.579
0.437
-0.768
0.278
0.352
0.607
0.321
0.043
0.180
-0.026
0.214
0.312
-0.101
0.136
-0.918
-0.593
0.629
-0.217
0.606
0.656
0.055
0.342
-0.300
-0.971
-0.940
-0.931
0.014
0.183
0.363
0.470
0.332
0.373
-0.171
-0.048
-0.197
-0.013
0.332
0.040
0.197
-0.657
0.310
0.184
-0.119
0.109
-0.133
0.028
0.061
-0.045
0.565
-0.219
0.557
0.460
-0.355
0.304
0.717
0.786
-0.503
0.752
0.228
-0.132
0.299
-0.704
0.521
0.336
0.152
0.337
0.486
0.178
-0.105
0.100
0.441
0.756
0.505
-0.443
-0.538
0.388
0.141
0.785
0.479
-0.160
0.311
-0.811
0.018
0.365
0.392
0.244
-0.478
-0.049
0.030
-0.177
0.182
-0.310
-0.614
0.380
0.128
0.567
-0.104
-0.212
0.052
0.644
0.485
0.496
-0.343
-0.140
-0.207
0.614
-0.592
-0.531
-0.164
0.652
-0.106
0.107
0.555
0.214
-0.658
0.050
0.209
0.500
0.433
0.788
-0.026
-0.052
0.152
0.256
-0.212
0.555
-0.268
0.482
0.254
200.930
0.252
0.525
-0.465
0.553
0.122
0.269
0.275
-0.557
0.212
0.631
0.378
-0.507
0.719
0.709
-0.373
-0.115
-0.013
0.568
0.307
-0.361
0.476
0.490
0.527
-0.512
0.346
0.127
0.505
0.255
-0.449
0.336
-0.103
0.313
-0.145
0.402
0.408
-0.008
0.323
0.243
-0.184
0.538
-0.663
0.162
-0.006
0.037
0.357
0.009
-0.098
-0.507
0.539
0.257
-0.461
-0.731
-0.287
0.859
-0.011
0.169
-0.071
-0.122
0.503
0.368
-0.601
0.146
-0.772
0.249
-0.465
-0.221
-0.103
0.244
0.619
-0.208
0.704
-0.031
-0.344
0.084
-0.210
0.372
0.143
0.221
-0.768
0.527
0.139
0.008
0.095
0.704
0.429
0.248
-0.544
0.570
0.215
0.198
-0.112
-0.680
-0.075
-0.620
-0.232
-0.176
0.454
0.588
-0.270
0.694
0.697
0.179
0.187
0.555
0.005
0.509
-0.124
0.011
0.401
0.143
0.103
0.488
0.234
0.696
-0.354
0.446
-0.092
-0.132
0.560
0.319
0.104
0.369
0.325
0.207
-0.019
0.296
-0.172
-0.125
-0.857
-0.123
-0.022
0.135
-0.078
0.339
0.309
0.055
-0.201
0.053
0.610
-0.604
-0.141
-0.336
-0.665
-0.563
-0.194
0.370
-1.064
-0.153
-0.722
-0.193
0.477
0.359
0.382
-0.205
-0.884
0.059
-0.564
0.211
0.543
-0.149
0.468
0.128
0.125
0.231
0.155
-0.330
-0.306
-0.604
0.119
0.417
0.345
0.506
0.535
0.648
0.135
0.331
-0.868
0.265
0.652
0.610
0.323
0.312
0.030
-0.046
-0.184
-0.409
0.255
0.400
-0.676
0.333
-0.316
0.262
0.107
0.056
0.101
0.147
0.336
-0.171
0.432
0.330
-1.678
-0.262
-0.126
-0.594
0.334
-0.653
0.149
0.181
0.474
0.328
0.211
-0.221
0.125
0.268
0.523
0.280
-0.773
-0.558
0.577
0.609
-0.496
0.202
0.289
-0.017
-0.460
0.250
0.068
0.663
0.316
-0.005
0.125
0.535
-2569.454
0.499
0.042
-0.427
-0.975
-0.018
-0.556
0.040
0.132
0.724
0.144
0.418
0.168
-0.089
0.334
0.286
0.387
0.201
0.258
0.688
0.055
-0.164
0.672
0.635
0.200
-0.366
-0.419
0.569
0.462
-0.025
-0.587
-0.788
0.130
0.343
0.124
0.158
0.152
-0.220
-0.010
0.101
0.239
0.301
0.245
-0.442
0.499
-0.006
0.296
-0.229
-15.578
0.661
-0.585
0.066
0.214
-0.013
0.168
0.065
0.148
0.620
-0.235
-0.059
-0.021
-0.165
0.116
0.523
-0.723
-0.158
0.197
-0.270
-0.429
-0.584
0.385
0.197
0.325
0.295
0.712
-0.243
0.269
0.716
0.517
0.427
-1.024
0.007
-0.576
0.432
-0.581
-0.309
-0.194
0.229
-0.624
-0.434
0.415
0.504
0.314
0.439
0.352
-0.656
0.129
-0.133
-1.410
-0.462
0.034
-0.422
-0.045
-0.620
0.079
0.426
0.164
0.466
0.561
-0.375
0.562
-0.008
0.283
0.128
0.168
-0.004
-1.109
-0.763
-0.476
-0.582
-0.170
-0.489
0.180
0.442
-0.306
0.599
0.308
-0.109
-0.294
-0.012
0.044
0.475
0.435
0.270
-0.044
0.202
0.693
0.368
0.560
-0.085
-0.112
0.368
-0.484
0.045
0.687
0.368
0.198
0.483
0.626
-0.300
-0.343
-0.002
0.272
0.482
0.217
-0.062
-6495.533
0.083
0.396
-0.120
0.483
0.424
-0.030
0.361
-0.174
-0.860
-1.150
-0.636
0.675
0.405
0.152
0.733
0.111
0.017
-0.256
0.389
0.329
0.523
-0.020
0.294
-0.133
-0.188
0.632
0.394
-1.229
0.559
0.458
0.232
0.292
0.011
-0.450
-0.151
0.273
0.646
-0.507
-0.281
0.552
0.288
-1.492
0.045
0.126
-0.396
0.136
0.270
0.163
0.253
0.348
0.729
0.427
0.312
0.384
0.460
0.543
0.405
0.318
0.179
-0.231
-0.305
0.037
-0.022
0.340
0.242
0.461
0.174
0.481
0.193
0.152
0.220
0.086
0.697
0.545
0.785
-0.222
-0.213
0.003
-0.523
0.370
0.186
-0.060
-0.081
-0.255
0.552
0.198
0.055
0.148
0.016
0.162
0.075
-0.039
-0.248
-0.098
-0.590
0.394
-0.089
-0.042
0.116
-0.052
-0.553
0.601
0.161
0.237
0.150
-0.148
0.323
-0.064
0.759
0.176
-0.044
-0.139
0.487
-0.322
-0.514
-0.328
0.303
0.027
-0.656
0.529
-0.659
-0.343
0.179
0.340
-0.392
0.451
0.814
0.417
0.313
0.427
0.372
0.450
0.420
0.542
0.447
0.313
0.103
0.672
0.623
0.006
0.294
0.590
-0.211
0.179
0.245
-0.007
0.323
-0.021
0.294
0.113
0.490
0.006
0.262
0.052
-0.435
0.119
0.368
0.153
0.408
0.443
0.425
0.128
-0.177
-0.616
0.182
0.562
0.196
-0.508
0.308
0.470
-0.462
0.382
0.618
0.327
0.644
0.163
-1.447
-0.234
0.144
0.159
0.384
0.363
0.003
0.335
0.396
-0.054
0.325
-0.550
0.226
0.483
0.596
0.302
-0.191
0.441
0.032
0.317
0.437
-0.224
0.152
-0.738
-0.047
-0.580
0.038
-1.286
0.547
0.005
0.343
0.246
0.185
-0.154
0.301
-0.067
-0.521
0.248
-0.313
0.358
0.198
-0.205
0.722
0.392
-0.511
0.095
0.188
0.339
0.416
-0.126
0.431
0.495
0.477
0.054
-1.587
0.196
0.225
-0.283
0.136
-0.137
0.183
0.167
-0.273
-1.042
0.559
-0.296
-0.154
-0.264
0.452
0.420
0.255
-0.225
0.200
-0.400
-0.263
-0.655
-1.028
0.173
-0.502
-0.351
0.356
0.603
0.038
0.427
0.063
-0.546
-0.030
0.516
0.665
-0.271
-0.148
0.003
-0.522
-0.053
0.070
0.067
-0.178
-0.638
0.306
-0.873
-0.247
0.057
-0.271
0.118
0.751
0.654
0.327
0.567
0.564
0.709
0.051
-1.541
0.113
0.294
0.545
0.582
-0.017
0.646
-0.060
0.236
0.164
0.501
-0.891
0.572
0.094
0.306
-0.872
0.273
-1.789
0.181
-0.349
-0.296
0.062
0.534
0.504
0.076
0.492
-0.006
0.307
0.274
0.188
-2.197
-0.311
0.307
-0.266
0.347
-0.334
-0.051
-0.392
-0.075
0.691
0.019
0.290
-0.324
0.388
-0.347
-0.005
0.391
-0.226
0.143
0.156
-0.087
-0.145
0.463
0.030
0.008
0.317
-0.061
0.326
0.127
0.306
0.646
0.422
-0.089
-0.072
0.422
0.556
0.311
-0.094
0.496
200.963
0.007
0.260
-0.082
-0.367
0.416
0.160
-0.411
-0.306
0.847
-0.129
0.572
-2.016
0.475
0.729
-0.806
-0.198
0.063
0.312
-0.208
0.237
0.334
0.617
-0.099
0.497
0.402
0.209
0.766
0.654
0.599
0.204
200.931
0.114
0.614
0.434
0.452
0.446
0.100
-0.227
0.488
0.040
0.463
0.422
-0.136
0.450
0.170
0.474
0.465
0.152
-0.009
-0.437
0.395
-0.529
0.485
0.403
-0.580
-0.334
0.057
0.208
-0.125
-0.760
0.389
0.017
0.507
0.618
0.209
0.293
-0.023
0.110
0.339
0.078
-0.038
-0.407
0.007
0.617
0.039
0.114
0.579
0.409
200.947
0.029
0.297
0.243
0.179
-0.144
0.656
0.447
-0.545
-0.191
0.372
0.233
0.122
-0.557
-0.568
0.094
0.244
0.459
-0.570
0.693
0.060
-0.005
0.187
-0.427
0.367
0.015
0.742
0.004
0.476
0.279
0.212
0.245
0.035
-0.002
0.049
0.241
0.292
-1.146
0.176
0.691
0.352
0.500
-0.141
0.213
0.052
0.341
-0.528
0.116
0.042
0.471
-0.507
0.158
0.552
0.412
-0.155
0.118
0.213
0.611
0.049
-0.055
0.274
-0.196
-0.012
0.713
0.441
0.035
-0.226
0.179
0.187
-0.248
0.559
0.589
-0.497
0.354
0.066
0.508
0.622
0.580
0.425
-0.411
-0.453
0.559
-0.665
0.431
0.210
0.543
0.429
0.611
0.262
0.512
0.166
0.137
-0.190
0.311
0.703
-1.178
-150.891
-0.266
-0.633
-2.170
0.450
0.585
-0.090
-0.571
-0.378
-0.207
200.953
-0.038
-0.870
-0.045
-0.062
0.085
0.815
0.093
-0.465
-0.743
0.384
-0.481
-0.596
0.222
0.198
-0.232
0.033
0.439
-0.404
0.297
0.258
-0.312
-0.132
0.667
0.439
0.298
-0.391
0.417
0.246
0.360
0.270
0.386
0.080
-0.047
0.200
0.044
0.774
-0.091
0.660
0.174
0.347
0.202
-0.041
0.692
0.268
0.339
-1.117
0.697
0.491
0.107
-0.282
-0.418
0.446
0.486
0.425
-0.242
0.025
-0.003
0.708
0.067
-0.181
0.542
0.227
0.221
0.110
0.526
0.121
0.191
0.424
-0.470
0.802
0.780
0.319
0.569
0.059
-0.260
0.076
0.053
0.483
0.576
-0.146
0.006
0.193
0.435
-0.015
-0.038
-0.291
0.173
0.233
0.294
-0.521
0.175
-0.170
-0.857
-0.047
-0.070
-0.282
0.637
0.576
0.486
0.115
-0.096
0.722
0.763
0.282
0.127
0.281
-0.096
0.066
-0.099
-0.051
-0.069
0.323
0.562
0.062
0.018
0.321
0.566
-0.085
-0.179
0.665
0.747
0.636
-0.123
0.676
0.277
0.487
0.161
-0.204
-0.117
0.512
0.709
0.651
0.357
-0.486
0.485
-0.069
-0.631
0.050
0.545
0.487
0.111
0.101
-0.090
0.058
0.174
0.189
-0.019
0.184
0.645
0.491
-0.140
-0.090
0.019
0.251
0.394
0.468
-0.026
0.255
-0.153
-0.551
-0.535
0.569
-0.825
0.630
0.399
-0.051
0.424
-0.522
0.470
0.303
0.007
0.024
0.214
0.582
0.133
0.228
0.372
0.361
0.180
-0.327
0.057
0.216
-0.106
0.520
-0.162
-0.468
0.295
-0.538
0.152
-0.323
-0.100
0.026
0.216
0.659
-0.326
-0.163
-0.023
0.038
0.331
-0.086
0.353
0.055
0.388
0.208
0.535
0.169
0.195
0.441
0.513
0.407
-0.046
0.048
0.201
0.013
0.648
0.370
0.319
-0.331
-0.649
0.157
0.241
0.157
0.523
-0.386
0.091
0.117
0.484
0.334
0.713
-0.049
-0.376
0.210
0.354
0.316
0.467
0.353
0.486
0.560
-0.539
-0.210
0.370
0.600
-0.088
0.316
0.038
-0.095
-0.247
0.511
0.259
0.095
0.155
0.131
0.100
-0.042
-0.458
-0.161
-0.343
0.253
0.244
0.560
-0.049
-0.125
-0.118
-0.390
-0.212
-0.483
-0.070
-0.802
-0.523
0.254
0.695
0.250
0.049
-0.543
-1.188
0.709
0.230
-1.097
0.444
0.133
0.514
0.095
0.622
-0.157
-0.896
0.248
0.447
-0.599
0.717
0.036
0.633
0.339
-0.047
0.003
0.083
-0.042
0.389
0.743
0.575
0.387
0.033
0.508
0.551
-0.754
0.250
0.485
0.594
0.400
-0.127
0.419
0.400
-0.595
0.556
0.489
-0.010
-0.478
0.574
0.530
0.090
0.514
0.513
0.159
0.164
0.206
-0.313
-0.179
-0.754
0.247
-0.688
0.138
0.566
0.643
0.040
-0.141
0.285
0.422
200.934
0.181
0.172
0.183
0.114
0.555
0.305
0.379
0.270
0.428
-0.718
-0.197
0.482
-0.209
-0.116
0.063
0.408
-0.053
0.331
-0.188
0.243
0.647
-0.093
-0.499
0.590
0.208
-0.037
0.080
0.489
0.437
0.850
0.565
0.251
-0.319
-0.171
-0.263
-0.034
0.497
0.216
-1.028
0.298
0.636
-0.349
-0.573
-0.391
0.246
0.566
0.313
0.549
-0.016
-0.300
-0.391
0.027
0.489
0.131
0.204
0.532
0.621
0.359
0.033
-0.296
-0.021
0.721
0.470
0.521
0.414
-0.209
0.746
0.299
0.480
0.207
0.207
-1.008
0.389
0.020
-0.241
0.379
0.541
0.298
0.634
0.292
0.334
-1.444
-1.170
-0.475
-0.742
0.184
0.394
0.434
0.454
0.345
0.400
0.645
-0.339
-0.634
0.527
0.569
-0.171
-0.280
0.126
0.445
0.242
0.309
0.654
0.300
-0.883
0.709
-0.434
0.153
-0.406
0.592
0.246
0.201
-0.111
0.415
0.726
0.556
-0.254
0.176
-0.169
0.137
0.580
0.760
0.666
0.626
0.423
-0.409
0.398
0.066
0.239
0.154
-0.227
0.078
0.507
0.290
0.422
-0.006
0.603
-0.057
0.496
0.068
0.461
0.709
-0.948
-0.123
0.689
0.382
0.295
-0.081
0.334
0.383
-0.078
-62.271
0.265
-0.292
-0.138
0.203
-0.251
0.381
0.165
0.743
0.187
0.095
-0.619
0.625
0.211
0.151
0.628
0.424
-0.051
-0.101
0.421
-0.432
0.624
0.196
0.303
-0.220
0.398
0.526
0.205
-0.988
0.513
0.275
0.723
-0.231
0.641
0.518
0.541
0.006
0.417
0.531
0.082
0.547
0.465
0.312
0.721
-0.606
-0.018
0.419
-0.143
0.608
-0.854
-0.087
0.392
-0.807
-1.224
0.046
0.479
-0.220
-0.563
-0.407
0.335
-0.041
-0.441
0.485
0.614
0.561
0.767
0.657
-0.701
-0.798
-0.763
-0.198
0.240
0.576
0.658
0.132
-0.072
0.437
-0.248
-0.031
-0.350
0.077
-0.368
-0.116
-0.198
0.339
-0.400
-0.412
0.673
-0.097
0.472
0.499
-0.292
0.131
-0.144
-0.065
-0.757
0.653
0.173
0.613
-1589.518
-0.170
0.216
-0.191
0.532
0.679
-0.207
0.137
0.585
0.617
0.184
0.239
0.219
0.307
0.824
-0.215
-0.423
0.674
0.044
0.577
0.449
0.407
-0.164
0.378
-0.041
0.395
-0.048
0.308
0.502
200.953
0.069
0.140
-334.574
0.459
0.285
-0.449
0.576
0.265
0.480
0.144
-0.351
0.193
0.334
-0.037
-404.915
-0.380
0.176
-0.124
-0.177
0.756
-4.732
-0.643
-0.095
-1374.729
-0.669
0.094
0.257
0.124
-0.468
0.487
0.659
0.372
-1509.352
0.693
-0.075
-0.556
-0.574
-0.158
0.266
0.546
0.486
-0.045
0.182
0.226
0.499
0.542
-0.293
0.248
0.592
0.396
0.527
-0.181
0.723
0.439
-1084.353
-0.041
0.345
0.382
0.521
-449.716
0.051
-54.749
0.433
0.598
-0.077
0.580
0.477
0.732
0.565
200.941
0.519
0.293
0.416
0.334
0.435
0.413
0.760
0.119
0.398
0.402
0.264
0.191
0.624
0.664
-189.495
-6099.805
-0.145
0.178
0.295
-0.040
0.275
0.031
0.703
0.241
-0.563
-0.168
0.381
0.567
0.005
-1469.874
0.456
-0.156
0.027
-0.200
0.170
0.265
-1025.520
0.543
0.108
0.382
0.122
0.210
0.592
-164.496
0.108
-599.176
-0.266
0.397
-0.179
0.281
0.462
0.382
0.724
0.367
0.300
0.478
0.640
-319.624
0.748
-65.053
-0.914
0.371
0.229
-55.227
0.471
0.635
0.428
0.618
-0.212
-1679.301
-554.613
0.499
0.400
0.416
0.622
0.387
0.079
0.305
0.260
-0.725
-0.275
0.416
-1430.115
-11735.342
0.267
0.006
0.200
0.678
0.690
0.179
-0.253
0.190
0.400
0.326
0.729
-119.684
0.605
0.313
-7319.840
0.370
-360.039
0.452
-1.091
0.288
0.448
-0.093
-0.045
-0.132
0.138
0.585
-454.481
0.092
-0.124
-0.249
0.124
-5784.436
-0.131
0.342
0.528
0.537
0.224
-0.159
0.420
-405.181
-0.376
-0.664
0.011
0.403
0.339
0.764
0.324
0.260
0.407
0.217
-0.265
-1.443
0.231
-5765.182
0.197
0.458
0.379
0.180
-2290.086
0.251
-0.224
-264.842
0.772
0.338
0.262
0.431
0.567
0.554
-5884.585
0.628
0.152
0.231
0.165
0.327
0.206
0.594
0.833
-0.090
-275.329
0.694
0.454
0.424
0.199
-0.022
-269.814
0.317
0.332
0.639
0.068
0.598
0.161
-565.079
0.534
0.402
-0.040
0.052
0.394
0.262
0.031
0.454
-0.294
-4609.281
-0.841
-0.518
-0.295
0.108
-1349.914
-1769.412
-0.946
0.143
0.144
0.667
-0.025
0.412
0.768
-1229.673
-1919.877
0.237
0.619
0.379
0.453
0.589
-0.005
0.062
0.713
0.418
-0.476
-0.194
0.008
0.596
0.341
-0.454
-0.847
0.023
-0.695
0.675
0.247
-184.799
0.226
0.512
-4150.099
0.124
0.634
0.529
-6445.357
-0.035
0.542
0.301
0.039
-0.852
0.730
0.346
-299.806
0.406
0.206
0.530
-0.171
-0.785
-0.044
0.361
0.392
0.389
0.462
0.402
0.006
0.470
0.605
0.519
0.443
0.464
0.469
0.610
0.450
0.282
-0.396
0.468
-0.044
0.466
0.741
0.433
0.082
-0.800
0.597
0.035
0.682
-0.074
0.045
0.399
0.540
0.179
0.142
-0.260
-1615.218
-0.009
0.005
0.516
0.532
0.593
0.483
0.811
0.682
0.269
0.439
0.042
0.621
0.487
0.651
0.591
-184.787
0.665
0.681
-0.684
0.573
0.515
0.098
0.687
0.108
0.178
0.297
-0.099
0.623
0.304
0.614
-299.596
-0.855
-0.275
-0.439
-0.240
-14.538
-2249.907
0.603
0.768
0.484
0.579
0.307
0.735
-0.314
0.537
-0.577
0.436
0.512
0.659
-0.727
-0.139
0.329
-0.826
0.450
-916.968
0.155
0.449
0.012
0.478
0.618
-1579.495
0.564
0.494
0.666
0.048
0.326
0.575
0.687
0.034
-0.324
-0.002
0.312
0.439
0.047
-420.030
0.327
0.588
0.282
-0.034
0.291
0.192
-10105.108
0.436
-0.178
0.428
0.466
0.539
0.111
0.121
0.300
-0.206
0.001
-0.217
0.497
-525.482
-0.020
0.699
-0.002
-0.082
0.653
0.389
0.470
0.651
0.136
0.445
0.165
-0.960
-164.760
0.388
0.406
0.628
-0.053
0.335
0.470
0.641
0.454
0.535
0.458
-7604.421
-0.280
0.622
0.255
-174.593
-0.034
0.035
0.406
-10391.702
0.183
0.314
0.379
0.391
0.246
-7514.690
0.132
-0.091
-1289.305
0.456
-709.781
0.260
-0.226
0.544
-0.297
-0.103
-1620.102
-0.023
0.686
-0.032
-0.390
0.601
0.051
0.449
0.366
-639.378
0.502
0.606
0.063
-549.364
-1785.017
0.072
-0.607
0.644
0.539
-284.394
-609.327
0.551
0.448
-0.207
0.449
-0.057
0.646
0.177
0.735
-419.442
-0.405
0.572
0.124
-4470.168
0.453
0.520
0.662
0.230
-0.783
0.323
0.655
0.288
0.230
0.670
-0.693
-0.132
0.508
-185.530
0.045
-1279.555
0.249
0.151
-0.304
0.556
0.095
-0.154
0.117
0.673
0.782
-0.735
0.066
0.619
-0.165
-0.388
-0.198
-0.127
-0.023
0.235
-24.838
0.594
0.149
-2330.774
0.281
-0.290
-0.113
-2069.663
0.045
0.459
0.097
-0.457
0.582
0.457
0.301
0.720
-0.311
0.103
-0.016
0.670
0.303
-4955.117
0.793
-719.975
0.310
0.039
0.561
-0.007
0.000
0.185
-0.150
-0.126
0.198
-1.033
0.477
0.504
0.458
0.449
0.625
0.230
-0.094
0.194
0.206
0.340
-19.409
-0.577
0.581
0.234
-0.152
0.697
0.309
-0.689
0.152
-0.088
0.365
-65.098
0.500
0.232
0.037
0.262
0.646
0.484
0.370
0.815
0.245
0.350
-0.704
-0.538
0.082
0.659
0.339
0.072
0.744
0.294
0.576
0.274
0.137
-0.214
0.787
0.659
0.621
0.110
0.276
0.306
0.625
0.276
-509.505
0.503
-0.053
-0.299
0.290
-845.241
0.224
0.349
-214.320
0.125
-964.884
0.449
0.164
0.547
0.255
0.539
0.112
0.040
0.497
0.765
-0.044
-824.839
0.679
0.412
0.608
-19.378
0.153
-49.780
0.666
0.776
0.583
0.450
-0.757
0.141
-0.102
0.458
0.462
-0.341
0.398
-0.034
-0.401
0.220
0.124
-0.034
0.652
0.397
-0.543
0.116
0.801
-0.089
0.190
0.325
0.152
-1.000
-930.759
-294.622
-0.043
-0.084
-0.139
-0.181
-0.331
0.270
-229.869
-0.167
-0.212
0.277
0.365
0.477
-0.306
0.349
-0.550
-0.241
0.600
0.182
-0.083
0.158
0.148
0.644
0.466
-109.690
-54.886
0.359
0.780
0.524
0.565
0.154
0.029
0.656
0.137
0.680
0.371
-19.410
0.742
0.448
0.176
-1.035
0.472
0.496
-7844.754
0.067
0.556
0.448
-539.369
0.322
0.134
0.419
0.230
0.716
0.569
0.490
0.635
-0.221
-1259.674
0.714
-255.180
0.133
-0.076
0.586
0.537
-6300.646
0.467
0.591
0.677
-7079.515
-1.004
0.294
-25.041
-0.589
-0.019
0.566
0.102
0.019
0.475
-1.121
0.567
0.091
0.708
0.509
0.592
0.698
0.089
0.486
0.172
0.306
-6429.625
0.354
0.539
0.616
-0.211
0.158
0.216
0.095
-0.529
0.225
0.638
0.453
-0.094
0.397
0.443
0.478
0.709
0.099
0.673
0.517
0.220
200.914
0.369
-0.236
-0.066
0.720
0.740
-0.273
0.425
-0.019
0.483
0.494
0.315
-1.618
-0.240
-0.117
0.393
0.797
0.252
-9415.014
0.501
0.554
0.004
0.297
0.299
0.421
0.318
0.406
-0.283
0.481
0.822
0.296
-0.447
0.140
0.240
0.639
0.739
-670.015
0.512
-0.002
0.333
-0.113
0.383
0.671
0.416
-0.496
0.246
0.212
0.729
0.527
0.289
-0.825
-8967.051
0.397
-2551.287
0.037
-1105.356
-394.925
0.511
0.273
0.153
0.397
-0.449
0.594
-0.193
-249.705
-0.324
-429.677
0.004
0.173
0.581
-80.093
0.518
0.298
0.113
0.334
0.198
0.369
0.061
-0.034
0.460
0.442
0.639
-0.227
0.481
0.617
0.601
0.563
0.221
0.764
0.673
0.593
0.146
-0.375
-0.324
-3.803
0.320
-0.202
0.872
0.359
0.577
0.004
-29.339
-0.151
-39.847
-1384.626
0.112
-214.773
0.590
-714.880
0.312
0.614
0.254
0.189
0.584
0.194
-439.485
0.519
-61.042
-0.007
-0.653
0.787
-0.056
0.556
-0.188
0.690
0.041
-2924.585
-0.313
-0.769
0.446
-0.579
-730.682
0.578
-0.452
-0.083
0.542
0.310
0.322
-31.400
0.120
0.579
0.063
0.775
0.699
-0.206
0.113
-129.477
0.091
0.040
-1.273
0.360
0.083
0.689
0.059
0.432
-0.747
0.342
-69.959
0.027
0.405
0.755
0.397
-0.831
0.071
-0.557
0.014
-3324.755
0.328
0.638
0.564
0.706
0.627
-0.427
0.530
-0.020
0.438
-0.742
0.469
0.057
0.321
-0.164
-0.317
0.479
-0.797
0.200
0.493
0.311
-0.983
-0.034
0.406
0.532
0.127
0.235
0.526
0.113
0.592
-0.047
-169.981
0.196
0.324
0.512
-0.296
0.306
-1894.450
0.538
0.376
0.540
-9.628
-0.009
0.524
0.201
0.437
0.373
0.377
0.720
0.265
-36.255
0.137
-5255.765
0.604
0.694
-129.588
0.259
-0.550
-0.657
0.455
0.790
0.314
0.597
0.474
-0.054
0.758
0.436
0.324
0.241
-0.192
0.283
0.661
0.098
0.011
0.765
-5124.378
0.217
0.138
-779.485
0.552
-449.655
-2185.408
0.269
0.409
0.208
0.392
0.358
0.527
0.357
-0.013
0.466
0.405
0.306
0.438
0.665
0.473
0.105
0.804
0.249
-6055.317
0.364
0.377
0.522
-0.055
-2190.625
0.499
-0.219
-0.019
0.512
0.642
0.483
0.313
0.590
0.434
0.213
0.214
0.182
-0.066
0.505
0.705
0.316
-0.384
0.038
0.422
0.197
0.577
0.408
-6829.867
-0.154
0.608
0.386
0.687
-909.700
-2069.531
0.305
0.287
0.100
0.131
0.737
0.525
0.145
0.480
0.429
0.482
0.039
0.085
200.941
0.540
0.381
0.541
-0.046
0.474
0.607
-0.282
0.512
0.763
0.434
0.338
0.453
-1364.356
-0.067
0.715
0.626
0.475
-1.485
0.571
0.450
-0.194
-139.374
0.140
0.243
0.579
0.095
0.572
0.394
0.215
-0.304
-170.465
0.138
-60.113
0.385
0.126
0.248
-0.669
-0.174
0.273
-6165.138
-0.505
0.266
0.562
0.542
0.554
0.034
0.420
0.564
-0.043
0.144
-0.237
0.638
-0.297
-6275.265
-0.722
-0.138
-359.526
-1089.496
0.548
0.096
-4659.576
0.295
0.531
0.790
0.590
0.401
-0.207
0.046
0.423
0.682
0.464
-0.097
0.364
0.639
0.015
0.114
0.226
-0.251
0.316
-0.315
-0.321
0.017
0.343
0.513
-504.807
0.560
-519.896
-3924.323
0.440
-0.294
-1.932
0.301
0.293
0.193
-0.323
0.900
0.255
0.576
0.008
0.154
0.222
-0.081
0.578
0.332
-1639.458
0.284
0.711
0.407
0.659
0.528
0.595
0.674
0.334
0.467
-0.080
0.191
0.252
0.830
0.155
-77.403
0.444
0.281
-0.033
0.250
0.304
0.114
-84.433
0.490
-0.141
0.148
-0.252
-0.210
-0.120
-2144.719
-4889.500
-0.049
0.625
-0.097
-0.207
0.720
0.720
-235.071
-29.393
0.593
0.582
-0.484
0.328
0.546
0.433
0.307
-84.621
0.725
0.149
0.229
0.641
0.497
0.328
0.397
0.580
0.216
0.592
0.090
-0.610
0.226
0.158
0.263
0.171
0.611
0.422
0.626
-29.561
0.207
0.290
0.674
0.644
-1320.240
0.687
0.432
-8189.857
0.301
0.017
0.501
-0.075
0.396
-0.068
0.621
0.472
-0.173
0.298
0.429
0.541
0.490
0.409
0.577
0.202
0.119
0.606
0.452
0.485
0.517
0.294
-444.450
-0.100
-0.024
0.535
0.619
0.514
0.665
0.703
0.806
-2215.500
0.647
0.496
0.359
0.555
0.102
0.244
0.755
0.569
0.052
0.066
-4220.763
-509.665
0.414
0.350
0.062
0.672
-0.101
-155.044
-0.431
-0.039
0.301
-0.161
-13450.004
0.778
0.523
0.467
0.289
0.468
0.193
-11149.537
0.247
0.507
0.448
-0.181
0.538
0.487
0.354
0.285
-0.851
-0.057
0.284
0.293
0.575
0.128
0.213
0.494
0.824
0.413
200.939
-0.643
0.535
0.205
0.445
-0.539
0.298
0.713
-0.127
0.355
-0.674
0.594
0.473
0.220
-669.720
0.102
0.329
0.493
0.623
0.331
0.207
0.366
-134.264
0.575
0.599
0.115
-425.351
0.001
0.225
0.567
0.493
0.464
-149.381
-0.093
0.422
0.423
0.694
0.361
0.524
0.510
0.475
0.360
0.841
0.235
0.422
200.942
0.119
0.399
0.385
0.586
0.462
0.146
0.458
-0.091
0.737
-9215.004
-2941.187
0.201
0.333
0.361
-0.170
0.359
0.165
0.217
0.694
0.683
-0.389
0.303
0.714
0.630
-0.663
-0.307
-129.535
-199.938
0.695
0.333
0.134
-7109.370
0.345
0.452
0.513
-6684.519
0.006
-1.186
0.269
0.524
-3564.638
0.041
0.183
0.663
0.128
-3950.010
-4489.843
0.591
-0.509
-0.163
-55.170
0.279
-7495.158
-954.835
0.630
0.588
0.350
0.416
0.101
-1385.107
0.462
0.630
0.576
-0.031
-0.087
-4244.667
0.310
0.395
0.204
0.327
0.561
0.395
0.743
0.787
0.782
-54.692
0.522
0.430
0.098
0.010
0.293
0.346
-0.497
0.425
-559.412
0.219
0.359
-2829.958
0.668
0.365
-0.031
-604.707
0.558
0.648
0.434
-0.543
-0.103
0.329
-0.259
0.595
0.531
0.509
-0.294
0.682
-0.282
0.469
-0.026
0.264
0.410
0.334
0.387
0.644
0.730
-0.193
0.444
0.537
0.650
-0.382
0.327
-294.559
0.274
0.084
-0.461
0.265
0.121
0.451
0.280
0.539
0.228
0.294
-0.525
0.624
0.133
0.115
-8259.987
0.200
0.167
0.609
0.267
-0.122
0.025
0.269
0.466
0.249
0.198
0.002
0.166
0.142
-1.900
-0.021
0.163
0.141
-3854.662
-0.001
0.111
0.620
0.476
0.609
0.385
0.392
0.215
-0.437
0.524
0.064
0.199
0.400
0.560
0.242
0.073
0.025
0.582
0.119
-0.747
0.672
0.547
0.264
0.306
-9.818
0.291
0.457
0.626
0.810
0.378
0.697
-0.222
0.227
-0.662
0.703
0.239
0.040
0.403
0.131
0.292
-1840.150
0.300
-0.402
0.134
0.267
0.247
0.391
0.114
-3654.740
0.178
0.433
0.373
0.689
-0.042
-0.335
0.506
-0.080
-0.381
0.657
0.528
0.234
0.563
-104.423
-0.270
0.865
0.561
0.553
0.377
0.482
0.464
0.703
-1.017
0.443
0.144
0.612
0.286
0.552
0.730
0.402
0.580
-229.688
-3269.662
0.361
0.539
-6759.169
-0.199
0.161
0.435
0.324
-0.196
0.162
0.600
0.139
0.166
0.692
-0.028
-0.011
-0.466
0.244
-259.237
0.246
-0.181
0.027
0.306
0.260
0.473
-3644.741
0.251
-0.804
0.210
0.490
0.025
0.008
-0.102
0.425
0.432
0.594
0.171
0.698
0.791
-0.400
0.376
0.091
-324.981
0.675
0.474
0.539
0.237
0.514
0.371
-0.491
-359.849
-0.516
0.003
-75.269
-0.808
0.433
0.430
0.573
-0.491
0.328
0.749
-1494.831
-155.038
0.201
0.086
-0.256
0.416
0.035
0.626
-11619.620
0.204
0.494
0.623
0.467
0.336
0.613
0.214
0.360
0.549
0.588
0.555
0.389
0.570
0.314
0.695
-0.201
0.066
0.456
0.137
0.302
0.729
-0.787
0.183
0.783
0.489
0.652
-0.092
-0.357
0.136
-0.148
0.338
0.699
0.026
0.003
0.692
0.669
0.737
0.602
-94.769
-0.158
0.246
0.792
0.764
0.488
0.363
0.104
0.410
0.777
-0.356
0.448
0.196
200.956
-6975.247
0.086
0.143
0.376
-74.077
0.285
0.493
0.397
0.549
0.141
0.511
0.259
0.466
0.417
0.643
0.305
0.147
-1289.775
-0.168
-0.110
0.214
0.164
0.402
0.548
0.439
0.419
0.713
-4034.497
0.365
-55.144
-229.960
-0.631
0.334
-0.073
0.563
0.418
0.340
0.164
-0.860
-0.090
0.464
0.174
-0.065
0.291
0.332
0.593
-0.522
0.614
-2434.613
0.518
0.550
0.606
-0.021
0.123
0.419
0.710
0.275
0.717
0.526
0.423
0.064
-0.176
0.534
-2184.796
0.521
0.269
0.329
0.214
-3509.796
0.493
-254.550
0.561
0.251
0.382
-29.293
-9.239
-0.127
0.406
0.359
0.133
0.427
0.343
0.348
-0.065
-0.569
0.478
0.175
0.681
0.547
0.602
0.272
0.172
0.093
-0.553
0.523
0.196
0.483
0.417
0.176
200.949
0.485
0.328
0.535
0.667
0.803
-0.020
0.321
0.676
0.493
0.322
0.318
0.285
0.262
0.396
0.374
0.340
0.116
-0.099
0.744
0.173
0.285
0.878
0.645
-0.919
-0.007
-0.552
0.079
0.086
0.748
0.603
0.282
-6579.358
0.778
0.731
0.622
0.689
0.220
0.224
-164.802
0.386
-0.086
0.305
-1979.906
0.445
0.693
0.202
0.520
0.651
0.473
0.532
-6249.769
0.342
-464.896
0.303
0.206
-0.297
0.294
0.548
0.381
-25.188
0.203
0.271
0.362
-594.408
0.547
0.330
0.059
0.460
0.168
0.461
0.541
0.348
0.722
0.428
0.291
0.317
-0.121
0.452
0.209
0.040
-4.707
0.519
0.648
0.283
0.414
-11679.604
0.731
-0.132
-0.140
0.711
0.298
0.651
0.012
-0.136
-0.254
0.273
0.365
0.040
0.086
0.470
0.469
0.407
0.074
-0.116
0.458
-2.102
0.057
0.384
-0.143
0.279
0.098
-0.331
0.114
0.598
0.541
0.545
0.374
0.330
0.349
0.313
0.602
0.755
0.192
-0.331
0.376
0.661
0.750
-345.598
-24.283
0.562
-0.016
0.466
0.405
0.354
-804.260
-4.762
0.633
0.347
0.553
-0.043
0.820
0.606
-0.104
-10640.326
0.818
-7189.320
0.471
0.252
-0.054
0.556
0.457
0.550
-7495.334
-2260.248
0.430
-0.038
-0.245
-0.213
0.424
0.378
0.849
0.360
0.276
0.018
0.074
0.675
-0.637
-0.073
-784.795
-0.288
0.334
0.629
0.426
0.729
0.135
-69.631
0.252
0.463
0.675
-0.355
0.177
0.234
0.333
-2665.343
0.014
0.294
-0.702
0.355
0.532
0.139
-11102.173
0.110
-0.049
0.275
0.240
-479.636
0.362
-349.596
0.821
-0.388
-2765.458
-1.263
0.168
0.412
0.609
0.689
-0.018
-0.346
0.448
0.238
0.276
-0.060
0.038
-560.207
0.165
0.425
0.658
-0.291
-0.276
-0.150
0.324
0.660
0.206
-5324.851
0.521
-19.934
0.116
-0.397
0.660
0.707
0.429
0.288
0.544
0.077
0.273
200.949
0.308
0.180
-0.421
-0.093
0.105
0.742
0.334
0.491
-0.127
0.378
0.098
-0.091
0.264
0.105
-0.608
0.494
0.551
0.412
0.751
-5499.759
0.482
0.489
0.425
0.288
0.725
0.273
0.394
0.088
0.508
0.132
-1259.543
0.418
0.513
-0.383
0.005
0.216
0.722
0.155
0.554
-0.203
0.652
0.222
0.258
0.301
0.081
0.120
0.319
0.839
0.377
0.284
0.107
-0.003
0.207
0.384
-369.453
0.563
0.146
0.017
0.332
0.685
-0.126
0.180
0.222
-0.107
0.551
0.467
0.265
0.461
-4014.696
-0.293
0.680
0.363
0.590
0.098
0.416
-0.492
0.589
200.914
0.603
0.177
0.059
0.512
0.456
0.509
0.370
0.033
0.908
0.226
-524.831
0.632
0.205
0.221
0.072
0.743
0.542
0.300
0.170
0.301
0.258
-0.636
0.543
0.074
0.162
-4300.287
0.700
0.345
0.044
0.150
-0.056
-314.571
0.505
0.163
0.049
0.417
0.351
0.132
0.496
0.615
0.277
0.447
0.063
0.241
0.296
0.091
0.389
0.008
0.452
-304.349
0.492
0.683
0.036
-0.112
0.659
0.405
0.027
0.039
0.570
-0.204
0.733
0.395
-0.123
0.649
0.487
0.018
0.166
-0.137
0.283
-5774.561
0.694
0.317
0.519
0.020
-0.070
200.950
-0.203
-0.011
0.297
-0.140
0.503
0.492
200.942
0.772
0.534
0.761
-0.512
0.600
0.438
175.954
0.422
0.244
0.606
0.546
-0.116
-0.007
0.702
-0.394
0.143
-0.004
-49.883
-274.834
-0.083
0.289
-8694.444
0.467
-169.578
-0.280
0.259
0.632
0.026
0.720
0.499
0.435
0.246
-2025.279
0.089
0.566
0.410
0.460
-4384.424
0.534
0.504
0.455
0.693
0.316
-6234.439
0.588
-0.907
0.500
0.621
0.540
-524.996
0.568
200.943
0.622
0.092
0.536
0.115
-0.318
-0.476
0.079
-2155.893
-0.608
-1.003
-12879.748
-0.019
0.101
-4479.648
0.248
0.132
0.245
-0.067
0.372
-259.711
0.151
-0.463
0.258
0.723
0.744
-0.105
-0.114
-34.958
-0.678
-2424.415
-0.102
0.349
0.365
0.738
-0.116
0.438
-1374.882
0.409
-469.575
0.690
0.730
-3255.342
0.435
0.648
0.652
0.186
0.211
0.640
0.467
0.308
0.504
0.443
0.374
0.028
0.220
-1924.406
-2264.785
0.199
0.755
0.366
-0.048
0.568
0.406
0.638
0.645
0.275
0.616
-369.821
-0.058
0.114
0.126
-0.282
0.347
0.437
-89.513
0.758
-0.609
0.323
-0.113
0.469
0.071
0.573
0.688
0.342
0.574
-0.211
0.244
-354.353
0.562
-239.974
0.023
0.207
-9334.920
0.683
0.147
-154.431
-0.191
-474.551
0.736
0.569
0.387
0.697
0.769
-304.362
-10149.647
0.573
0.260
0.307
-0.179
0.135
-0.659
0.818
0.386
0.021
0.351
0.111
0.668
0.222
0.304
0.484
0.174
-0.226
0.400
0.404
0.542
0.752
0.667
-1859.652
-0.031
0.465
-0.286
-0.250
-304.752
0.687
200.932
0.661
0.755
0.399
0.552
0.618
-7334.636
-9.785
-6449.878
-0.054
-0.178
0.778
0.250
0.387
-0.129
0.394
0.693
0.227
0.573
-2249.939
0.222
0.773
0.489
0.706
200.966
0.222
0.554
0.476
-4349.809
-0.565
0.591
0.253
0.690
0.735
0.498
-0.233
0.371
-0.279
-384.563
0.324
0.319
0.037
0.529
-0.141
0.500
0.059
0.576
0.137
-0.190
0.324
-0.112
-104.191
0.532
0.667
0.315
0.471
0.536
0.796
0.341
0.589
0.382
0.479
-354.570
0.625
0.123
0.116
0.681
0.564
0.449
-0.214
0.533
0.347
0.172
-3614.869
0.721
0.382
0.710
0.193
-2624.406
0.194
0.024
0.174
0.471
0.461
0.501
0.112
0.470
0.852
-1390.062
0.508
0.164
0.328
0.226
0.582
-0.250
-0.706
0.132
-0.457
0.167
-0.159
0.217
0.324
0.482
0.055
0.476
0.517
0.451
-7635.042
-0.214
0.745
0.433
0.661
0.141
0.681
-2819.421
0.281
0.385
0.763
0.531
-0.393
-104.460
-264.782
-0.400
0.733
-0.355
0.751
0.458
0.603
-0.088
0.222
-1654.864
0.585
0.385
0.442
0.608
-710.033
0.470
-0.417
-0.166
0.174
0.441
0.578
0.416
0.554
0.548
0.820
0.031
0.790
0.512
0.159
0.192
0.284
-1164.180
0.426
-164.883
0.236
-0.130
0.281
0.413
0.043
-389.186
0.634
0.559
0.513
0.307
-1664.703
-424.611
0.365
0.821
-0.040
-0.268
0.315
0.395
-0.430
0.073
0.335
0.701
0.641
0.045
0.488
0.171
-2879.519
0.373
-4029.704
0.594
-0.156
0.722
0.293
0.140
0.580
0.499
-19.985
0.271
0.667
-0.017
0.622
0.493
-0.115
0.230
0.225
0.088
0.269
0.426
0.758
0.467
0.245
-0.361
0.141
0.443
0.345
0.496
0.626
-0.164
0.656
0.672
0.793
-0.011
0.379
-0.233
0.365
0.630
0.058
-519.414
0.708
0.811
-0.057
-265.309
-2254.251
0.133
0.575
0.779
0.483
0.519
0.465
0.372
0.068
0.321
0.579
-0.786
0.253
-0.096
0.766
0.316
0.449
0.304
-0.495
0.137
-64.806
-554.405
-30.012
0.434
-0.050
0.530
0.357
0.298
-319.611
-0.460
-0.317
0.672
0.645
0.387
0.512
-0.558
0.551
-0.134
0.764
0.312
0.601
-456.246
-0.407
0.197
0.450
-1.140
0.562
0.536
-4779.828
-0.040
0.561
0.418
0.675
0.582
0.582
0.365
0.571
-154.395
-319.635
0.022
0.470
-0.738
0.527
-0.625
0.389
0.758
-2439.715
0.222
0.392
0.585
-0.384
-134.455
0.228
0.082
0.323
0.750
0.751
0.669
0.420
0.294
0.191
0.273
-194.411
0.726
0.174
-0.494
-0.136
0.304
0.372
-11634.582
0.486
0.527
-0.795
0.769
0.353
0.296
0.342
0.300
0.433
0.446
0.100
0.777
-0.548
-2944.854
0.622
0.561
0.365
-2599.200
0.420
0.577
0.350
-249.535
0.175
0.603
-0.358
0.622
0.364
-2469.177
200.951
0.321
-0.295
0.451
0.386
0.574
0.661
0.527
-1544.864
0.914
0.018
0.275
0.656
0.696
0.750
0.663
0.382
-0.116
0.458
0.358
0.312
-1.227
-1474.597
-409.480
-10280.539
-1104.278
0.651
-0.189
0.613
-0.668
-0.285
-924.364
0.581
-154.426
0.191
0.609
-5049.336
-124.525
0.088
0.716
-404.480
-1604.471
0.619
0.825
-204.430
0.386
0.805
0.368
-0.661
0.732
0.454
0.211
0.714
-7544.481
0.768
0.356
0.148
0.592
-3649.353
0.511
0.621
-0.126
0.295
0.292
0.482
-0.201
-1154.448
0.821
-0.130
0.764
-0.390
0.633
0.774
0.326
0.588
-4.927
0.084
0.597
0.466
-165.105
-9259.460
0.448
0.496
0.669
-0.138
0.477
0.210
0.372
0.016
0.143
0.266
0.647
0.558
0.434
0.606
0.273
0.465
0.445
-0.594
0.041
0.622
0.313
0.743
-0.107
-0.943
0.844
-1779.866
-0.287
-90.263
0.389
0.324
-469.514
0.741
0.240
-0.234
-0.015
0.491
0.516
0.447
0.201
0.505
-405.760
0.684
0.576
-20.077
0.443
0.577
-0.140
0.086
-1530.430
0.057
-0.298
0.313
0.157
0.175
0.381
0.511
-844.835
0.731
0.388
-8454.372
0.607
0.374
0.664
0.252
-1990.256
-0.338
0.832
0.683
0.686
0.549
0.302
0.203
0.373
0.704
-0.404
0.174
0.125
0.388
0.431
0.401
0.654
-519.297
0.370
0.517
0.694
0.218
-744.595
0.724
0.250
200.927
0.231
-0.062
0.088
0.723
0.577
-0.442
0.310
-2.032
0.278
0.434
0.169
-3184.941
0.303
0.693
0.623
0.549
0.083
0.262
0.821
-0.150
0.319
0.092
0.739
-0.108
0.022
-0.091
-1234.592
0.430
0.663
0.693
0.391
0.683
0.559
0.671
-149.830
0.550
0.038
-0.079
0.261
0.337
-4195.067
0.087
0.560
0.549
0.381
0.074
0.427
-374.819
0.670
0.813
-2649.364
0.561
0.420
-0.241
0.770
0.281
0.512
0.183
-0.506
-154.436
0.518
0.640
-4.864
-2204.905
0.396
-0.020
0.744
0.319
0.321
0.497
0.594
-0.043
0.387
0.479
0.622
0.497
-1524.899
-0.407
-5.443
-0.249
-4576.581
0.430
0.671
0.077
0.630
0.156
0.520
-0.156
0.736
-2334.062
0.578
0.728
200.936
0.216
0.435
0.017
0.502
0.249
0.711
0.528
0.757
0.572
0.499
0.694
0.429
0.137
0.248
0.535
0.081
0.410
-2179.839
-0.058
0.322
0.345
-3764.860
0.180
0.282
0.204
0.556
0.155
0.774
-5115.152
0.711
0.177
0.276
0.502
0.631
0.479
0.674
0.602
0.196
0.483
-74.928
-0.327
0.549
0.661
0.310
0.261
0.395
-0.199
0.033
0.776
-1054.758
-29.373
0.184
0.560
-0.182
0.374
-964.425
0.660
0.816
-8764.436
0.783
0.409
0.496
-379.493
0.325
0.060
0.709
0.305
0.367
0.072
0.770
0.431
0.377
-0.119
0.514
-494.689
0.017
0.685
0.732
0.707
0.154
0.447
-99.381
0.410
0.208
0.527
-4525.240
0.163
-114.573
0.448
0.001
0.745
0.198
200.937
0.259
0.094
-0.105
-0.334
0.699
0.493
-0.078
0.087
0.363
-0.924
0.133
0.384
0.084
0.308
-204.741
0.529
0.675
-0.600
0.673
0.400
-0.185
0.607
0.049
0.162
0.340
0.505
-0.196
-24.434
0.193
0.202
0.295
0.204
-0.101
0.172
-319.381
-34.667
-0.972
-0.312
-0.082
0.488
0.223
-1279.770
0.779
0.108
200.962
0.161
0.364
0.175
0.522
0.722
0.666
0.658
0.555
0.055
0.082
-0.033
0.481
0.109
0.499
0.531
0.621
0.578
0.242
-0.227
-635.380
0.018
-99.512
0.279
0.198
-1330.380
-2049.566
-829.645
-0.230
0.245
-3125.189
0.120
-0.362
-0.083
0.088
0.603
0.274
0.679
-0.689
0.304
0.005
0.390
0.761
-0.003
-0.650
0.283
0.515
0.091
0.395
0.775
0.446
0.588
-754.572
-1964.738
0.135
0.212
0.339
0.506
0.391
-24.849
0.366
0.408
-19.726
0.247
-2144.749
0.433
-2861.005
-0.379
0.672
0.570
0.517
0.624
200.873
-0.433
0.174
0.642
0.667
0.484
0.316
-24.735
0.789
-394.936
-0.896
0.566
0.376
0.755
-146.705
0.622
0.355
0.038
0.415
0.732
-0.105
0.668
-1.241
-1.610
0.271
-914.518
-0.348
0.476
0.165
0.469
0.181
0.263
0.648
0.109
0.132
0.266
0.316
0.193
0.860
0.394
0.532
0.843
0.574
0.669
0.799
-4089.480
-60.130
-0.156
0.494
-0.270
-0.392
-0.069
-0.780
0.060
0.186
0.256
-0.134
0.329
0.224
0.614
0.891
0.763
-444.950
0.431
-2386.509
-4389.973
0.591
0.271
0.600
0.292
0.512
-0.154
0.693
0.483
0.537
0.762
-1029.496
0.188
0.586
-54.305
0.023
-0.457
0.336
0.277
0.229
0.277
-0.033
0.241
-0.161
0.465
-0.253
0.399
-0.408
0.317
0.450
-0.105
0.646
0.559
0.476
0.885
-589.511
0.329
0.623
0.622
-4.952
0.255
0.264
0.309
0.640
0.310
-0.863
0.751
0.667
0.496
0.203
0.303
0.859
0.622
-2134.385
0.702
-0.285
0.239
-449.490
0.550
0.812
-0.291
-0.270
0.087
0.835
0.603
0.524
-0.062
-0.036
-0.441
-0.390
-0.859
-174.920
0.684
0.378
0.734
0.663
0.621
0.653
0.895
0.631
0.034
0.396
-0.270
0.860
0.125
0.300
0.658
0.044
0.084
0.048
0.651
0.566
-0.510
0.607
0.415
-19.766
0.295
-4.673
0.524
0.578
0.556
0.138
-3254.739
0.174
-0.231
-0.573
-0.036
0.700
0.187
0.181
-179.720
0.379
0.655
0.156
0.669
-0.165
0.137
0.304
0.676
-0.020
0.742
0.550
0.338
0.632
-0.030
0.159
-0.132
0.256
0.607
-0.177
-0.503
0.366
0.068
0.633
0.624
-2935.309
0.764
0.547
0.499
-1089.702
0.343
-135.165
0.259
0.595
-1900.374
-69.677
0.123
0.092
0.126
0.567
0.231
0.454
0.483
-0.037
0.556
0.771
-754.733
0.590
0.653
-6604.635
0.470
0.532
0.661
0.488
0.552
0.346
-1.799
0.361
0.497
0.288
0.515
0.271
0.681
-1894.564
-2394.897
0.071
0.153
-1784.792
0.527
-0.001
-0.361
0.625
0.529
0.481
0.797
0.137
0.089
0.491
0.595
0.347
0.172
0.548
0.499
0.586
0.460
0.328
-1264.477
0.763
0.326
0.006
-0.268
0.289
0.325
0.751
-0.009
-0.196
0.821
0.252
0.287
-0.000
0.149
-0.237
0.191
0.100
0.277
0.297
-4754.954
-1019.462
0.802
0.510
0.182
0.583
0.562
-0.880
0.212
-0.383
0.219
0.445
0.248
0.795
0.118
-0.023
-1256.017
-0.117
0.063
-0.359
-0.119
0.373
-144.180
0.592
0.512
-0.749
0.673
-224.222
-8189.688
0.321
-0.446
0.437
0.628
0.708
0.129
0.444
0.391
0.387
0.597
0.251
0.384
0.730
-0.256
0.736
200.954
0.250
0.211
0.607
-0.210
0.700
0.200
0.742
-0.163
0.530
0.468
0.635
0.237
-4264.160
0.345
0.511
0.733
0.171
-1.488
0.657
-0.511
-269.885
0.048
0.200
-670.032
0.016
0.779
-0.172
0.219
-1179.914
0.588
0.040
0.398
0.420
-2384.645
0.520
0.614
-34.497
0.488
0.536
-844.405
0.476
0.676
0.365
-0.259
0.656
0.116
0.622
-0.163
-0.135
0.779
0.066
0.706
0.514
-0.587
0.782
0.553
0.156
0.528
0.470
0.652
0.368
0.163
0.253
0.276
0.443
0.240
0.380
-4264.679
0.297
-1324.568
-1910.505
0.176
0.176
0.211
0.621
0.394
-4410.450
-0.267
0.114
0.318
-1139.442
0.505
0.183
0.307
0.751
-0.399
0.288
0.804
-750.499
-0.042
0.728
0.572
0.240
0.338
-4079.377
0.336
0.058
0.705
0.224
0.647
0.443
0.330
0.330
0.499
0.126
0.539
0.466
0.127
0.720
-0.001
-0.304
0.387
0.700
0.286
-7814.485
0.557
-0.382
0.600
0.683
0.299
0.719
0.752
0.418
-0.676
0.228
0.639
0.231
0.558
0.331
-5569.938
0.080
0.422
-5859.525
0.071
0.399
0.321
0.496
-214.369
0.019
-0.056
-10.525
-1595.139
0.382
0.538
0.127
0.519
0.681
0.319
-0.285
0.074
0.519
0.559
0.574
0.623
0.648
0.762
0.287
0.642
0.718
0.346
-0.660
0.498
0.473
0.667
-3044.613
0.264
-1225.106
0.347
0.573
0.591
-3855.421
0.269
-64.744
0.354
0.037
-734.744
0.674
-1216.256
0.429
-709.959
0.203
0.455
-4564.981
0.556
0.560
-0.284
-0.671
-0.644
0.068
0.083
-0.255
0.597
0.476
-810.127
-0.039
0.445
0.357
0.604
-3234.762
0.750
-1739.645
-1124.829
-1579.398
0.089
-0.144
0.139
0.438
0.635
0.551
0.513
0.630
-1539.791
0.786
-39.672
0.371
0.487
-1644.307
0.216
0.562
0.269
-0.556
0.721
0.165
-1479.556
0.353
0.787
0.493
0.716
0.524
0.698
0.756
0.739
-1804.852
-0.794
0.157
0.140
-0.424
0.172
0.443
0.544
0.049
0.449
-1099.308
-3884.647
0.312
-4619.817
0.322
0.335
0.632
0.200
0.207
0.714
0.589
0.249
-59.447
200.924
0.604
0.176
-559.543
0.784
0.774
0.335
-0.007
-90.552
0.482
0.146
-8255.204
0.206
-0.266
-8879.484
0.393
0.361
-210.296
-0.281
0.126
0.450
-0.382
0.057
-0.106
0.338
-0.373
0.271
0.406
0.384
0.717
-0.284
-0.165
-29.549
200.933
0.531
0.084
0.525
0.590
-24.464
0.556
0.647
-0.112
0.641
0.627
-2649.838
-0.183
0.372
0.657
0.462
0.104
0.648
0.513
0.497
0.248
0.353
0.490
-7655.212
-0.019
0.328
-49.955
0.105
-0.088
-1004.817
0.038
0.678
-1009.865
0.804
-0.553
0.594
-0.140
-0.143
0.535
-39.907
-0.460
0.612
0.257
0.464
0.447
-0.881
0.397
0.571
0.286
0.679
0.833
0.143
-0.907
0.497
-994.370
0.431
-260.526
0.379
0.746
-1914.676
-1.251
-0.127
0.654
0.576
-0.113
-119.824
-0.319
0.857
0.560
0.133
0.451
0.074
0.335
0.731
-89.607
-0.109
0.461
0.432
0.623
0.453
0.581
0.220
0.209
200.948
-389.861
-370.392
-2596.011
0.580
-0.031
-0.610
-0.429
0.728
0.553
-135.112
-709.710
-0.102
0.421
0.062
0.346
0.061
0.168
0.253
0.755
-3885.185
-0.019
-9.914
0.269
0.419
-339.287
-4454.685
-1644.231
0.668
0.131
0.588
0.594
0.031
0.756
-0.675
-0.869
0.489
0.730
0.470
0.350
0.579
-0.625
0.365
0.593
0.463
0.745
0.633
-0.371
0.278
0.619
0.247
-0.083
0.160
-2329.319
0.491
0.370
0.354
0.550
-24.620
0.040
0.448
0.299
0.638
0.744
0.720
0.430
-4159.790
-19.556
0.550
0.706
0.560
0.788
0.508
0.556
0.759
-804.746
0.105
0.652
0.342
0.349
0.786
0.541
0.670
0.767
0.468
-2.016
0.307
0.306
-289.608
-274.339
0.538
0.589
0.325
-744.788
0.495
0.767
-2709.546
0.114
0.164
0.443
0.323
-1.385
0.245
0.784
0.604
0.547
-6530.206
-34.495
-2604.737
0.253
0.753
0.073
0.760
0.543
-904.552
0.370
-0.259
0.447
0.737
-2689.626
0.257
0.521
0.373
-2539.611
0.538
0.157
0.339
0.465
0.246
-499.452
0.329
0.820
0.700
-569.403
0.574
-259.980
0.632
-5065.167
0.462
-954.395
0.586
-0.003
-0.278
0.740
-0.402
0.403
0.607
0.627
-0.592
-19.924
0.443
0.437
0.388
-3955.600
-5.931
-0.282
-0.913
0.656
-0.044
0.647
0.829
0.626
0.616
0.374
0.729
-1594.431
0.445
-1094.569
0.516
0.235
-0.086
0.677
-490.774
0.208
0.233
0.443
0.522
0.213
-74.455
0.314
0.250
0.690
0.033
0.327
0.097
0.729
0.477
-39.505
0.470
0.192
0.471
-15.596
0.309
0.544
0.397
0.152
0.418
0.236
-1170.375
0.285
0.771
0.590
-4029.935
0.233
0.477
0.385
0.614
0.580
0.014
0.468
-104.846
0.686
0.043
0.718
0.401
0.587
0.465
-34.394
0.024
0.412
0.528
0.553
0.572
0.581
0.443
0.349
0.643
0.444
0.621
-280.138
0.234
0.491
0.399
-0.703
0.233
0.105
-0.089
0.288
0.672
0.151
0.705
-1644.724
0.387
0.655
0.683
0.294
0.113
-0.386
0.278
0.258
0.564
0.566
0.432
0.129
-2229.243
0.785
0.258
-0.430
0.010
0.555
0.793
0.379
0.758
-760.414
0.769
0.612
0.268
-29.470
0.184
0.151
-0.090
0.204
0.565
0.660
0.715
-0.177
0.764
-0.799
0.044
-10.258
0.285
0.164
0.189
0.191
-3559.834
0.217
0.657
0.048
0.590
0.714
-14.435
0.159
-0.240
-3429.704
0.558
0.541
0.106
-0.121
0.722
0.111
-0.214
0.684
0.482
0.419
0.870
0.563
-0.033
-0.343
-0.457
0.327
0.861
0.696
-359.219
-0.049
-515.454
-6224.215
0.490
0.468
-0.169
-5534.373
0.182
0.655
0.188
0.488
-35.727
0.648
-5049.747
0.118
0.296
0.435
0.810
-154.360
-0.214
-0.113
-1034.331
0.099
0.542
0.401
0.762
0.228
0.399
0.034
0.663
-0.398
-0.383
0.458
0.585
0.137
0.076
-450.039
0.852
0.568
-0.050
0.137
0.656
0.626
0.535
0.558
0.124
0.152
-0.432
0.353
-1244.585
0.799
0.580
0.608
-4.442
0.696
0.617
0.716
0.536
0.559
-539.565
-24.398
0.211
0.527
-0.547
0.449
-610.644
-0.247
0.828
0.400
0.552
0.323
-0.054
-0.403
-1324.508
0.605
0.737
0.419
-6184.488
0.312
-5355.178
0.821
0.264
0.214
-30.067
0.186
0.715
-0.292
0.693
0.350
0.867
0.518
0.608
-2314.480
0.412
-394.861
0.684
-2530.015
0.445
-0.015
-1885.210
0.570
0.404
-0.030
0.279
-19.898
0.279
200.950
0.250
-4329.800
0.434
0.314
0.639
0.265
0.351
0.733
-1105.040
0.585
0.412
0.496
0.678
0.633
0.297
0.489
0.625
0.537
0.821
0.629
0.802
0.272
0.642
0.713
0.333
0.676
0.260
0.452
0.478
0.481
0.754
-1149.518
0.657
-65.575
0.138
0.218
-0.015
-0.071
0.008
0.625
0.020
0.567
0.474
0.440
0.454
0.166
0.565
0.037
-19.700
0.228
0.431
0.802
0.351
0.604
-0.434
0.687
0.389
0.458
0.087
-470.646
0.032
0.754
0.659
0.419
0.677
-0.475
0.274
-0.169
0.123
0.159
0.715
0.356
0.473
0.171
0.508
0.793
-59.527
0.179
0.186
0.582
0.490
-2485.070
0.607
0.706
-7605.149
-1564.296
0.559
0.304
0.687
0.415
0.175
-0.292
0.838
0.693
-0.211
0.542
0.585
0.651
0.453
0.726
-705.654
-65.173
0.434
0.315
-0.384
0.204
0.182
0.436
0.631
0.312
-0.225
0.485
0.309
0.301
-935.354
0.633
0.649
0.160
0.237
-1029.955
0.028
0.356
0.406
0.591
-1944.050
0.430
0.495
0.213
0.161
0.397
0.318
0.574
0.214
0.495
0.249
-1106.614
-0.004
-4120.512
-1115.513
0.112
0.469
0.561
0.392
0.140
-609.813
-899.810
0.418
0.562
0.682
0.540
0.202
-3890.314
0.032
-0.357
0.631
200.954
-0.263
0.647
0.805
-0.024
-0.108
-0.469
0.091
0.577
-0.036
0.240
0.769
-609.310
-0.291
-0.211
0.710
-3719.795
0.529
0.546
0.497
0.208
-1390.496
-0.693
-16.968
0.561
0.616
0.223
0.750
0.520
0.599
0.339
0.256
0.648
0.360
0.130
0.689
0.583
0.477
0.425
-15.055
-4289.527
0.607
0.159
0.426
0.702
0.384
0.445
0.508
0.368
0.535
0.380
0.052
0.388
-0.517
-7855.092
0.701
-1289.952
-0.762
-0.339
0.109
0.046
-2899.446
0.536
0.459
-0.126
-0.250
-1.981
0.735
-0.296
0.516
0.744
0.631
0.741
0.534
-0.694
0.821
0.673
-110.144
0.245
-0.621
0.753
0.075
-4.643
0.408
-710.419
0.558
0.022
-909.445
0.529
0.533
0.422
-29.983
0.581
0.420
-1234.321
0.580
0.724
0.120
-1.160
0.546
0.298
0.419
0.584
0.859
0.011
0.229
-0.196
0.866
200.939
0.138
-1900.519
0.750
-4435.100
-0.015
0.537
0.338
-4.345
0.609
0.519
0.628
0.396
-0.200
0.406
0.477
0.603
-0.203
0.291
0.538
0.476
0.707
-29.459
0.664
0.247
0.827
-5799.778
-0.264
0.494
-0.980
0.620
-14.815
-0.828
0.095
-44.421
0.491
-4149.609
0.684
0.357
0.686
0.698
-0.634
-0.104
0.557
0.346
0.423
-0.063
0.748
0.045
-164.323
0.121
0.357
0.731
0.416
0.561
-0.091
-0.142
0.237
-3624.347
0.553
0.731
0.457
-4564.416
0.378
-84.644
0.466
-134.449
0.689
0.438
-0.110
-0.062
0.371
0.451
0.734
-1214.361
0.721
0.338
-340.295
-0.358
0.682
0.420
0.815
-2014.565
0.645
0.418
-199.760
0.182
0.678
0.404
-0.312
0.057
0.789
0.503
0.598
0.577
0.576
0.737
0.725
0.308
0.801
-29.289
0.180
0.340
0.003
0.244
-0.245
0.379
0.409
0.642
0.818
-0.003
0.558
0.740
0.341
0.432
-0.060
0.102
0.338
-10.071
0.356
-245.110
0.694
0.582
-1154.846
-0.251
0.457
0.482
0.372
0.475
-2424.790
0.481
0.468
0.323
-2634.258
0.803
0.671
-1564.380
-1.026
0.062
0.706
0.583
0.403
0.212
0.386
0.596
-69.661
0.400
-3129.346
0.442
0.554
0.313
0.372
0.766
0.702
0.272
0.257
-0.151
0.455
0.349
0.660
0.202
0.551
0.552
0.154
0.855
0.409
-0.578
-4449.663
-0.167
0.686
0.190
0.659
0.270
0.470
0.532
0.313
0.579
0.259
0.797
0.634
0.629
0.006
-2624.659
0.781
0.190
0.734
0.506
0.331
-2784.067
0.567
0.497
0.632
0.689
0.586
0.130
-1654.149
0.019
0.628
0.591
0.381
0.702
0.546
0.813
0.548
0.763
0.622
0.542
0.740
0.700
0.320
0.650
0.471
0.582
0.536
-0.021
-0.302
0.364
0.587
0.792
0.561
0.540
0.313
-4204.789
0.217
0.114
0.553
-1249.211
0.543
0.457
-1.277
0.493
0.767
0.128
0.620
-0.128
0.417
0.558
0.660
0.377
0.511
0.335
-1030.131
0.775
0.563
0.697
-3814.472
0.615
0.657
0.801
0.513
0.484
0.337
-0.512
0.855
0.411
0.015
0.619
0.086
0.677
-0.319
-4.871
0.593
0.372
0.113
0.600
0.114
0.532
-430.387
0.350
0.381
-320.756
0.368
0.660
0.840
0.752
0.707
0.261
0.830
0.753
-1.261
0.281
-7580.071
0.663
0.191
0.191
0.746
0.691
0.771
0.695
0.797
-0.361
0.350
-0.336
0.778
0.695
0.504
0.681
0.169
0.564
0.633
0.474
0.419
-30.258
-789.133
200.951
0.449
0.718
0.789
-34.977
0.180
0.529
0.613
0.245
0.802
0.385
0.372
-0.670
0.188
-6659.543
0.539
0.444
0.065
0.376
-730.396
0.340
0.467
-1444.984
-0.255
0.575
-5489.264
0.543
-4180.141
0.749
0.779
0.425
0.099
-3044.830
0.200
0.594
-0.406
-0.001
0.448
0.191
0.675
0.145
-30.044
-0.227
0.747
0.703
0.244
0.631
-0.124
0.222
0.222
0.646
0.200
0.586
-1.060
-0.492
0.556
0.393
0.410
0.655
0.267
0.390
0.288
0.319
0.416
0.311
0.655
-0.060
0.642
-0.109
-5790.688
0.566
0.276
-0.142
0.502
0.685
0.572
0.344
0.476
0.374
0.350
-1734.252
0.599
0.082
0.484
-75.186
0.730
-5049.816
0.687
0.071
0.574
0.582
0.245
-0.250
0.801
0.381
0.646
0.640
0.649
-0.031
0.667
0.821
0.583
0.583
0.498
0.452
0.071
0.702
0.658
0.670
0.161
0.457
-1245.393
0.171
0.272
-0.009
0.455
-1739.500
-0.165
0.492
-1794.280
-0.338
-434.403
-0.191
135.933
0.262
0.472
-0.299
0.720
0.183
0.563
0.421
0.383
0.180
0.743
0.506
-4.677
0.540
0.786
-1914.386
0.375
0.299
0.522
0.772
0.713
0.688
0.489
0.302
0.673
0.595
-3984.819
-669.643
0.581
0.453
0.754
-0.468
0.397
0.396
-0.244
0.480
0.519
0.052
0.504
0.562
0.651
0.374
-0.102
0.711
0.633
0.592
0.779
-74.878
-2194.540
0.804
0.609
0.388
0.604
0.018
0.774
-1769.719
0.703
0.432
0.343
0.318
0.460
0.611
-1024.446
0.650
0.793
0.460
0.220
0.099
0.006
0.181
0.659
0.705
0.773
0.407
0.748
0.765
0.687
-99.769
0.813
-2094.980
0.387
0.459
0.462
0.147
0.313
0.746
-139.535
-3359.515
-0.054
0.276
-1904.758
0.467
0.193
0.658
-9424.492
0.520
0.225
0.283
-3680.257
0.329
0.029
0.642
0.801
0.590
-0.896
-5324.479
0.013
0.060
0.566
-339.313
0.598
0.517
0.407
0.040
0.475
0.069
-0.137
-69.620
0.292
0.201
0.748
-0.025
0.819
-0.385
0.361
0.706
0.537
0.580
0.345
-34.919
0.204
0.005
0.697
0.616
0.741
0.402
0.716
-0.028
0.504
-205.215
0.218
0.429
-294.395
-0.852
0.450
-164.897
0.542
0.178
0.648
0.492
0.770
0.639
0.327
0.163
-2084.528
0.089
0.715
0.577
-1334.242
0.446
-0.121
0.661
0.363
0.542
0.587
-529.473
0.603
0.693
-871.042
0.469
200.928
0.393
0.223
-2139.495
0.566
0.284
0.670
0.609
0.079
-0.490
0.491
0.462
0.159
0.490
-0.266
0.241
-0.024
0.626
0.076
0.485
0.655
-0.036
0.216
0.398
0.682
-3404.319
0.821
0.232
0.871
0.238
0.603
0.691
-0.238
0.426
0.035
0.563
-0.569
-0.334
-0.627
0.641
0.152
0.288
0.753
-3954.761
-3184.921
0.726
0.664
0.694
0.279
0.262
0.690
0.616
0.279
0.452
0.290
0.566
0.331
0.501
0.621
0.765
-59.453
0.655
-2184.058
0.804
0.744
0.703
0.170
-5849.249
0.684
0.468
-0.293
0.409
-0.203
0.325
-6039.229
-0.046
-1949.615
0.402
0.725
0.642
0.603
0.698
0.095
-0.479
-0.035
-0.036
0.641
0.187
-0.639
0.147
0.574
-89.658
0.373
0.644
0.663
0.398
-0.189
0.143
0.560
0.080
-0.663
0.521
0.795
0.725
0.216
0.755
-79.212
0.513
0.825
0.572
0.751
0.584
0.466
0.071
-0.635
0.620
0.385
0.501
-1664.565
0.694
-29.303
0.703
0.704
200.942
0.369
-0.198
0.351
0.161
-0.105
0.590
0.637
0.308
0.705
0.604
-0.158
0.570
0.914
0.598
0.661
0.499
-0.093
0.698
0.633
0.513
0.582
0.824
0.506
0.476
0.508
0.598
0.292
0.251
0.329
0.721
0.699
0.423
-529.592
0.608
0.273
0.784
0.548
0.782
-60.075
0.146
-3379.732
0.246
-5764.381
-6215.286
0.428
0.777
0.503
0.431
0.745
0.629
0.558
0.148
-0.157
0.239
0.588
-1264.289
0.094
0.213
0.478
200.916
0.704
0.686
-309.434
0.523
0.126
0.619
0.768
200.968
0.709
0.388
0.660
0.755
0.489
0.129
-324.612
-0.318
0.510
200.943
0.367
0.753
0.163
0.376
-3534.702
0.834
0.626
0.591
0.740
0.736
0.554
0.249
0.673
-8854.403
0.438
0.795
0.327
0.268
0.640
-209.559
0.272
0.539
0.085
0.825
0.459
-4.376
-1659.418
0.576
0.457
-0.082
0.835
0.682
0.606
-0.928
-0.312
0.813
0.595
0.509
0.731
0.557
0.608
0.550
0.545
0.717
0.385
0.279
0.555
-249.464
0.472
0.610
-169.042
0.265
0.383
-1369.581
0.560
0.089
0.144
0.077
0.599
0.465
-14.599
0.655
0.766
-0.095
0.662
0.809
0.540
0.228
0.057
0.387
-3764.328
0.620
0.359
0.791
-839.080
0.573
-189.291
-1174.212
-7324.739
-0.369
0.450
0.782
0.264
0.514
0.299
0.161
0.703
0.824
0.548
-3399.201
0.218
0.428
0.740
0.545
0.488
-9.529
0.897
0.174
0.586
0.399
-500.201
0.300
-0.013
0.599
0.558
0.681
0.365
0.790
0.573
0.549
-5619.603
0.569
0.672
0.606
0.421
-0.742
0.687
0.801
0.587
0.273
-34.274
0.221
-784.237
0.740
-24.551
-3044.204
0.527
-0.240
-0.171
0.409
0.593
-2560.220
0.525
0.844
0.686
0.604
0.460
0.485
0.334
0.630
0.580
0.722
0.740
0.582
0.445
0.626
-5200.282
0.716
0.359
0.492
0.566
0.500
0.781
0.118
0.413
0.019
-3804.738
-169.649
0.693
0.722
-0.195
-0.098
0.556
0.717
0.552
0.048
0.684
0.598
0.770
0.623
0.252
0.396
0.677
0.517
0.545
0.549
0.663
0.629
0.557
0.692
0.178
-4.421
-99.520
-29.543
0.745
0.554
0.304
0.737
0.347
-5879.462
0.339
0.491
0.666
-1309.707
0.612
0.588
0.648
0.444
0.227
-14.966
-2319.477
0.072
0.333
0.371
0.477
0.690
0.614
0.563
0.564
-10.078
-7274.141
0.263
0.389
0.832
0.555
0.619
-64.406
0.597
0.649
0.745
0.916
0.565
0.450
0.818
-0.328
0.424
0.582
0.604
0.670
-2744.410
0.540
0.658
0.693
0.516
0.787
0.659
0.795
0.372
0.835
0.774
-0.009
0.547
0.643
0.109
0.707
0.454
0.661
0.769
0.559
0.430
0.295
0.676
0.744
0.290
0.726
0.440
0.631
0.471
0.778
-0.076
0.262
0.511
0.563
0.060
0.756
200.948
-19.707
0.265
0.288
-9.207
0.824
0.740
0.439
0.602
-4089.475
0.640
0.641
0.679
0.512
0.611
0.793
0.838
0.075
-104.642
0.456
-144.221
0.680
-1634.559
-2799.905
-105.058
0.459
-0.913
0.372
0.552
0.572
200.926
0.665
0.510
0.669
0.757
0.081
-4.816
-4954.358
0.464
-4524.332
0.595
-0.045
0.653
0.545
0.811
-4.289
0.247
0.808
0.691
200.949
0.316
0.621
0.361
0.400
0.469
0.396
0.335
0.483
0.643
0.349
0.601
0.685
0.267
0.610
0.756
0.573
0.656
0.016
0.427
0.662
-664.485
0.006
0.763
0.606
0.774
0.430
0.542
0.480
0.656
0.483
0.765
200.916
0.676
0.613
0.157
-0.353
0.654
-104.975
0.749
0.694
0.133
-7164.462
0.469
-0.239
0.214
0.625
0.650
0.607
0.399
0.559
200.941
0.087
0.562
0.626
0.477
0.711
0.560
0.272
0.707
0.761
0.494
0.374
0.591
0.569
0.398
0.362
0.370
0.440
0.257
0.567
0.418
0.502
0.281
0.422
0.559
0.080
0.392
0.509
0.817
200.952
0.720
0.441
0.731
0.210
0.771
0.669
0.649
0.206
0.504
-364.595
0.660
0.865
0.707
-50.181
-0.218
0.078
0.622
0.678
0.579
0.529
0.505
0.164
0.493
0.607
0.622
0.660
0.342
-1724.696
0.437
0.748
0.668
-244.268
-3229.683
-369.540
0.627
0.541
0.090
0.377
0.607
0.602
0.627
0.019
0.697
0.685
0.815
200.941
0.659
0.717
0.676
200.937
200.952
0.626
0.275
0.598
-0.114
0.307
-0.488
0.122
-0.021
-2049.423
0.703
-4604.348
0.520
0.138
-0.331
0.351
0.552
-0.086
-0.169
0.138
0.470
0.753
0.704
0.710
0.524
0.301
0.554
0.293
0.479
0.760
-94.372
0.612
0.733
0.596
0.458
0.315
0.226
0.391
0.348
-174.347
0.370
0.488
0.621
-1584.639
0.563
0.688
0.628
0.113
0.583
-294.381
0.374
0.648
0.809
0.687
0.528
0.563
0.733
0.813
0.858
0.359
0.655
0.576
0.585
0.248
0.432
0.621
0.646
0.555
0.654
0.622
0.751
0.451
0.496
0.216
0.649
0.748
0.068
0.701
0.642
0.386
0.280
0.578
0.601
-55.094
0.181
0.676
0.273
0.491
0.511
-199.763
0.011
-5225.016
0.076
0.030
0.600
0.878
-434.543
-0.127
-4574.694
0.547
0.301
0.467
-1354.897
0.145
0.614
-0.701
0.407
0.522
-0.109
0.589
0.443
0.661
0.525
0.536
-6844.526
0.505
-8589.463
0.838
200.926
0.453
0.673
0.724
-1759.372
-49.708
0.105
0.663
0.272
0.775
0.534
0.449
0.607
-4230.129
0.625
0.679
0.700
0.466
0.766
0.686
0.099
0.426
0.614
0.550
0.676
-0.029
0.711
0.525
0.739
0.647
0.780
0.808
0.644
0.676
0.670
0.347
0.715
0.045
200.942
0.598
0.542
0.177
0.685
0.530
0.348
0.102
0.588
0.110
0.684
0.534
-964.482
0.682
0.728
0.335
200.931
0.809
0.724
-0.081
0.893
0.611
-54.373
0.476
0.249
0.521
0.615
-699.528
0.708
0.564
0.723
0.556
0.508
0.697
0.374
-0.672
0.732
0.417
-34.344
0.476
0.565
0.142
0.578
0.607
200.934
0.806
0.585
0.236
-1509.415
0.432
-3500.644
0.815
-3404.848
0.549
0.422
0.578
0.629
0.783
0.716
0.660
0.710
-0.092
0.882
0.562
0.792
0.105
0.696
0.467
0.877
0.192
0.570
0.550
-134.903
0.667
0.470
-4029.935
0.039
-0.072
0.401
0.000
0.373
0.942
-2979.958
-7434.220
-2319.710
0.611
0.485
0.558
0.572
0.631
0.762
0.615
0.049
0.452
0.741
0.578
0.593
0.688
0.612
0.634
0.367
-1529.291
0.744
0.756
0.832
0.709
0.542
0.221
-1499.599
0.636
-0.165
200.928
0.477
0.567
0.815
0.036
0.545
0.693
0.391
0.418
0.635
0.764
0.465
0.818
0.730
-0.154
0.265
-269.391
0.280
0.678
-0.345
-154.300
0.515
0.689
-1889.295
0.289
0.562
-79.404
0.644
0.756
0.635
0.490
0.796
200.960
0.673
0.651
-229.283
0.829
0.481
-0.005
0.757
0.087
0.722
0.681
0.537
0.702
0.166
0.174
0.132
0.647
-154.464
0.612
-0.415
0.424
0.741
0.592
0.395
0.522
0.390
0.573
0.580
0.534
0.668
0.223
-4039.601
-4.215
0.476
0.033
0.488
0.198
0.616
0.675
0.483
0.604
0.548
0.643
-4489.485
0.762
0.506
0.827
0.392
0.716
0.818
0.759
0.677
0.676
0.288
0.514
0.332
0.621
0.194
0.076
0.655
0.661
0.644
0.375
-2694.451
0.813
0.350
-469.517
0.307
-204.480
-4504.459
200.957
0.698
0.773
0.369
0.579
0.578
0.702
0.111
0.409
-2274.370
0.599
-3079.459
200.940
0.538
200.933
0.649
-1774.213
0.554
0.727
0.735
0.557
0.773
0.402
200.933
0.737
0.077
0.593
0.599
-4934.394
0.737
0.455
0.704
0.403
-0.179
0.496
200.943
0.534
200.958
0.567
-3954.665
0.661
0.773
0.731
0.439
0.472
0.395
0.655
0.779
0.473
0.639
0.781
0.669
0.590
0.668
0.433
200.957
0.656
0.789
0.667
0.638
-0.255
0.425
0.222
0.907
0.614
0.447
0.680
-2004.537
0.781
0.373
0.678
0.680
0.639
0.767
0.686
0.438
-24.624
0.661
0.395
-0.144
0.454
0.598
0.512
0.463
-4849.979
-3619.587
0.708
-0.652
0.510
0.705
-0.163
0.460
200.950
0.760
0.627
0.173
0.527
0.623
0.521
0.468
0.470
0.568
0.684
0.345
0.371
0.426
-1749.229
-494.745
0.476
0.651
0.057
0.470
0.544
0.708
0.614
0.008
-174.935
0.301
0.781
0.706
0.653
-2379.463
0.485
0.610
0.782
0.816
0.324
0.745
0.517
0.260
0.556
200.950
-180.169
0.749
0.825
-254.245
0.550
0.251
-4909.540
0.607
0.402
200.931
-1834.343
0.771
0.640
0.727
-3149.419
0.703
-4.410
0.803
0.513
0.572
200.925
0.748
0.466
0.554
0.773
-404.666
0.711
-814.312
0.510
0.776
0.710
0.821
0.844
0.213
0.658
0.808
0.858
0.587
0.712
-3394.570
0.780
0.586
0.098
0.600
0.605
0.595
0.757
-190.130
0.522
0.777
0.431
0.828
0.688
0.595
0.777
0.174
0.573
0.558
0.706
0.736
0.491
0.399
-79.451
0.629
200.934
-0.454
0.679
-6424.514
0.530
-0.507
0.125
0.718
0.579
0.821
200.954
0.628
0.453
0.730
0.724
0.507
0.331
0.849
0.533
0.656
0.608
0.770
0.813
0.303
0.577
0.862
0.461
-754.424
-39.834
0.790
0.384
0.475
0.670
0.514
0.601
0.486
0.790
-1589.384
-0.027
0.469
0.723
0.279
0.510
0.520
-34.522
0.280
-249.619
0.572
0.436
0.631
0.638
0.699
0.559
0.563
0.673
0.708
0.472
0.752
0.732
0.488
0.620
-114.267
0.661
0.588
200.885
0.837
0.573
0.656
-5624.426
0.384
0.685
0.345
0.802
-4204.775
0.547
0.746
-5879.532
-4475.366
0.248
0.389
0.545
0.536
0.511
0.829
0.395
0.388
0.209
0.559
0.642
0.621
200.934
0.674
0.621
0.031
0.298
0.484
0.633
0.677
200.919
0.629
-7434.170
0.385
0.528
0.035
-5744.952
0.565
-5.609
0.366
0.357
0.831
-1744.177
0.355
0.766
-54.193
0.197
-44.565
0.801
0.613
0.601
0.727
-0.024
0.784
0.817
-124.250
-2764.053
0.779
0.691
0.412
0.492
0.423
0.732
-2429.548
0.210
0.576
-64.337
0.665
-159.293
0.837
-499.312
-309.264
0.835
0.301
0.607
0.439
0.772
-34.873
0.711
0.541
0.542
0.791
0.432
0.300
0.432
-239.660
0.647
0.617
200.935
0.475
0.682
0.811
-9.364
0.553
0.752
0.790
0.730
0.343
0.267
0.378
0.672
0.190
0.164
0.794
0.724
0.776
0.786
0.400
-239.608
-0.493
0.736
0.589
0.490
0.636
0.450
0.437
0.823
0.693
-24.308
0.608
0.802
0.619
0.755
0.742
0.539
0.617
-729.302
-349.040
0.816
0.792
-79.269
0.544
0.612
-2159.378
-3464.726
0.766
-2684.438
0.143
0.688
-3109.243
0.730
0.655
0.567
0.598
0.479
0.405
0.826
0.669
0.798
0.547
0.005
0.868
0.805
-2779.474
-0.999
0.628
0.519
0.834
-604.401
0.750
0.594
0.714
0.837
0.823
0.740
0.601
-134.446
0.602
0.633
0.532
0.307
0.798
0.646
0.776
0.577
0.355
-149.260
0.689
-709.386
0.760
0.522
0.361
0.574
200.946
200.937
0.678
0.663
0.335
0.697
0.576
0.701
0.598
0.537
0.668
0.192
-0.096
0.356
-34.982
-5819.363
-0.055
0.747
0.749
0.645
0.579
0.703
0.439
0.223
0.612
0.584
0.761
0.790
-3774.490
0.465
0.661
0.579
0.527
0.631
0.818
0.829
0.263
0.777
0.796
0.873
-604.273
0.687
-4509.714
0.497
-2144.828
0.700
0.607
0.538
0.572
0.715
-8389.437
0.656
0.580
0.707
0.804
0.613
0.085
-894.301
-0.094
0.254
0.716
0.809
0.720
0.690
0.153
0.734
0.816
0.672
0.727
-1374.499
0.790
0.789
0.636
0.665
0.719
0.554
0.696
0.635
-159.764
200.953
0.282
0.483
0.561
200.964
0.767
-5609.392
0.233
0.327
0.349
0.493
0.510
0.757
0.770
0.333
0.409
0.528
0.862
0.740
0.476
0.354
0.205
0.795
0.556
0.631
200.964
0.743
0.740
0.538
0.788
0.497
0.449
200.921
0.409
0.811
0.758
0.900
0.562
0.612
0.432
200.954
0.340
0.749
0.847
0.589
-119.213
0.521
0.813
0.419
0.761
0.648
0.313
0.240
0.657
0.078
0.392
0.663
0.635
0.010
0.562
0.739
0.737
0.496
0.653
0.361
-129.615
0.218
-0.466
0.681
0.401
0.728
0.760
0.645
0.697
0.778
0.604
-7939.242
-5499.694
-1.097
0.468
0.173
0.278
0.408
0.170
0.579
0.544
-1344.269
0.821
0.670
0.784
-3244.453
0.593
0.746
-0.012
0.741
-964.132
0.595
0.441
0.596
0.766
200.944
-0.532
0.876
0.641
0.558
0.110
0.100
0.729
0.635
0.517
0.606
-139.231
-34.757
0.273
0.451
0.389
0.758
0.810
0.840
-384.453
0.423
0.688
0.808
0.721
0.643
0.723
0.616
0.686
0.704
0.687
0.298
0.587
0.717
0.825
0.566
0.705
0.597
0.734
0.558
0.554
0.421
0.620
0.663
-3164.366
200.946
0.352
0.439
-269.685
0.387
0.746
0.546
0.727
0.600
200.906
0.823
0.596
0.802
0.475
0.592
0.817
0.744
0.765
0.418
0.478
0.599
0.810
0.367
0.859
0.731
0.750
0.775
0.560
0.769
0.817
0.767
-5154.277
0.425
-364.291
0.132
-830.983
-1079.232
0.298
0.688
0.380
0.616
0.782
0.798
0.679
0.780
0.844
0.465
105.945
0.641
0.639
200.940
0.700
0.461
0.450
0.694
-2999.515
200.926
0.503
0.683
0.648
-44.234
0.641
0.412
0.651
0.838
0.515
0.740
0.652
0.663
0.635
0.845
0.238
0.467
0.723
0.673
0.613
0.723
0.678
0.799
-99.223
0.564
-664.692
0.458
0.628
0.788
0.730
0.672
0.750
-1769.499
0.734
0.390
0.670
0.767
0.517
0.609
0.736
0.512
0.718
0.386
0.196
0.290
0.790
0.649
200.961
0.639
0.720
0.879
0.796
0.310
0.778
0.540
0.513
-0.551
0.663
0.511
0.601
0.680
0.768
0.349
0.425
0.544
0.832
0.158
0.730
0.693
0.228
0.746
-134.049
-39.317
0.639
0.517
0.652
-3939.232
0.433
0.538
0.623
-784.557
0.515
0.649
0.659
0.467
0.784
0.771
200.948
0.780
0.604
0.625
0.605
0.445
0.607
0.507
-24.446
0.310
-189.852
0.369
0.603
-19.160
-4159.259
0.711
0.609
0.295
-279.679
0.658
-174.405
0.743
0.872
0.750
0.407
-5814.223
0.086
-74.529
0.661
0.792
0.750
0.691
0.776
0.842
0.529
0.841
-64.682
0.565
0.682
0.663
0.830
0.697
0.641
0.513
0.823
0.750
0.468
0.699
0.686
0.610
0.705
0.752
-794.230
0.621
0.522
-34.271
0.827
0.169
0.268
0.572
0.763
0.323
0.514
0.707
0.559
0.798
0.714
200.955
0.720
0.634
0.486
0.794
0.739
0.542
0.628
0.548
0.746
200.938
0.645
-3674.222
0.780
0.044
0.566
-0.094
0.519
0.274
0.392
0.826
0.774
-1219.823
0.615
0.536
0.790
0.781
0.765
0.824
0.637
0.884
0.785
0.714
0.663
0.549
0.719
0.693
0.775
0.053
0.781
0.733
0.780
0.778
0.673
0.777
0.495
0.718
-6644.236
0.776
0.645
0.620
-84.461
0.773
0.662
0.776
0.717
0.676
0.739
0.631
0.425
-4274.519
-4009.445
0.729
0.617
0.625
0.614
0.597
0.523
0.827
200.946
-1699.548
0.332
0.365
0.652
0.739
0.759
0.501
0.499
0.342
0.700
0.725
0.796
0.697
0.799
0.604
0.734
0.618
0.599
0.549
0.270
200.928
0.470
0.678
0.792
0.431
0.778
0.803
0.280
0.688
0.525
-724.459
0.201
0.568
0.651
0.559
0.605
0.704
-1.481
0.775
0.758
0.756
0.742
0.710
0.721
-24.320
0.769
-339.423
-0.039
0.673
0.459
0.652
0.729
-3044.245
0.664
-4819.599
0.537
0.340
0.561
0.701
0.874
-8704.275
0.868
0.883
0.581
0.397
0.802
0.710
0.557
-24.327
0.748
0.733
0.536
200.949
0.443
0.698
-199.333
0.656
200.910
0.734
0.520
-59.399
0.604
0.659
0.719
200.905
0.875
-4159.929
0.782
0.578
0.120
0.476
0.664
0.721
0.890
0.653
0.534
-29.167
0.623
0.809
0.564
0.581
0.494
200.942
-4395.458
-1919.317
0.546
0.441
0.722
0.524
0.635
0.865
0.516
0.472
0.762
0.688
0.717
0.828
-14.191
0.849
-539.460
0.598
0.806
0.730
0.292
0.710
0.756
-5774.514
-139.338
0.528
0.713
-59.246
0.455
0.489
200.936
0.689
0.327
0.621
0.768
0.803
-499.188
0.836
0.583
0.704
0.698
0.672
0.257
0.369
0.495
-774.208
0.734
0.495
0.431
0.849
0.673
0.198
0.722
0.585
-49.619
0.739
0.577
0.524
0.680
0.655
0.436
0.595
0.682
0.751
0.889
0.313
0.637
0.438
0.547
0.667
-3329.157
0.667
0.650
0.652
0.545
-4344.541
-549.478
0.516
0.565
0.810
0.313
0.481
0.855
0.850
0.546
0.770
0.734
0.718
0.435
-164.558
0.801
0.687
0.547
0.532
0.849
0.494
0.349
0.777
-249.152
-1079.388
0.581
0.259
0.792
0.594
0.452
0.722
0.563
0.763
0.304
-634.334
-444.387
0.650
0.777
0.810
-29.429
200.946
0.452
0.635
0.693
0.183
0.778
0.440
0.271
0.756
0.560
0.732
0.466
0.815
0.512
0.713
0.740
0.575
0.779
0.680
-0.032
0.820
0.608
0.638
0.088
200.943
0.574
0.720
200.928
0.688
0.835
-209.184
0.820
0.622
0.867
0.581
0.535
0.500
-4.454
0.766
0.627
0.714
0.683
0.619
0.780
0.749
0.376
0.658
0.750
0.513
-1094.196
0.731
0.551
0.455
0.765
0.624
0.799
200.939
0.723
0.701
0.478
0.627
0.794
0.698
200.955
0.554
0.914
0.715
0.763
0.594
0.629
0.871
-1659.368
-324.354
0.448
0.599
-59.174
-69.388
-0.096
0.629
0.805
0.734
0.798
0.656
0.711
0.756
0.680
200.926
0.783
-1104.703
-1179.911
0.606
0.442
0.640
0.474
0.582
-2929.317
0.284
0.683
0.325
0.492
0.547
0.651
0.751
0.543
0.446
0.740
0.911
-504.643
0.810
0.755
0.682
0.725
0.547
-714.672
0.746
0.560
0.058
0.444
-3524.201
0.575
0.771
0.568
0.662
0.774
0.756
0.840
0.775
0.764
0.864
0.576
0.879
0.815
0.555
-4779.362
0.475
-1199.282
0.758
0.330
0.744
0.869
-294.857
0.724
200.951
0.390
0.789
-1119.532
-3159.194
0.818
0.582
0.779
-0.029
-539.362
0.636
-519.270
-0.001
0.154
-4269.314
0.558
0.451
0.540
0.832
0.725
0.473
-5579.605
200.941
0.580
0.433
-1400.001
0.370
-1509.225
0.502
0.717
200.948
200.937
0.727
0.726
0.708
0.530
0.877
0.648
0.804
0.770
200.970
0.702
0.694
0.803
0.806
0.813
0.644
0.615
0.626
0.793
0.831
-39.627
0.667
0.518
0.516
0.766
0.881
0.764
0.715
200.951
0.741
200.887
0.492
0.796
0.742
200.947
0.443
0.654
0.498
0.742
0.691
-74.067
0.813
0.654
0.824
-2149.479
0.781
0.563
0.731
0.503
0.783
0.865
200.940
0.182
0.661
0.642
0.843
0.558
-114.351
0.804
0.794
-120.178
0.463
0.801
0.702
0.517
0.843
0.800
0.721
0.690
0.602
-6229.918
-6104.512
0.643
0.766
-2210.016
0.740
0.583
0.547
0.711
0.726
0.558
-2314.423
0.750
0.376
0.387
0.527
-0.140
0.465
-3219.201
0.794
0.677
0.467
0.697
0.875
0.690
200.945
0.657
0.725
0.630
200.934
0.707
0.481
0.566
0.617
0.483
0.679
0.652
0.682
0.778
200.932
-2179.199
-5404.528
0.710
200.957
0.677
0.827
0.479
0.870
0.424
0.783
0.850
0.529
-799.729
-5169.395
0.724
0.778
0.870
0.616
0.738
0.808
0.621
0.852
0.331
0.845
0.637
0.874
200.963
-3454.204
0.717
0.624
-8309.601
0.327
0.715
0.654
0.787
0.729
0.356
0.783
0.720
-1184.921
0.311
0.720
200.956
0.113
-0.263
0.563
0.719
0.778
0.745
0.595
-649.195
200.955
0.535
200.938
-3199.483
200.908
-64.806
0.496
0.563
0.641
0.503
0.665
0.638
0.713
0.580
0.754
-34.294
0.610
0.360
0.341
0.728
0.434
0.717
0.701
-19.216
0.676
0.515
0.679
0.127
0.754
0.702
0.665
0.750
0.131
0.818
0.224
0.802
-6109.438
0.645
0.708
0.678
0.552
0.779
0.794
0.847
0.630
0.829
0.730
0.636
0.563
0.522
-0.235
0.840
-7014.537
0.194
0.584
0.662
0.737
0.739
0.799
0.722
0.574
0.675
0.827
0.424
0.821
0.511
-84.294
0.023
0.700
0.393
0.707
0.584
-39.189
0.695
0.724
0.526
0.437
0.716
0.067
-124.166
0.515
0.387
0.743
200.954
0.724
-6029.178
0.819
0.642
0.671
-124.362
0.576
0.604
0.759
0.729
0.859
0.653
200.943
0.794
0.553
0.743
0.643
0.769
0.767
200.949
0.759
0.704
200.951
0.537
0.696
0.608
-1789.349
0.800
200.951
0.834
0.184
-299.578
0.573
0.832
-579.399
0.832
0.756
0.624
0.360
0.567
0.295
0.547
0.359
0.263
0.864
0.800
0.838
0.771
0.758
0.594
0.739
0.863
0.530
0.611
0.569
-44.467
0.755
0.840
-2454.209
0.420
0.440
0.697
0.601
0.528
0.556
-264.122
0.683
0.737
0.496
200.960
0.755
0.831
-1779.607
0.745
0.647
0.747
0.773
0.823
0.808
0.811
0.847
0.651
0.225
0.197
0.834
0.697
0.650
0.662
0.669
0.552
0.696
200.945
0.772
0.854
0.627
0.586
0.790
-119.257
0.881
0.054
0.821
0.733
0.860
0.776
0.816
0.669
-404.873
0.493
0.506
0.755
0.365
0.276
-3774.319
0.675
0.797
0.800
0.739
-94.283
0.777
0.856
0.799
0.773
0.454
-259.422
0.412
0.688
200.928
0.607
0.540
0.478
-3319.465
0.182
-2089.413
0.741
0.850
0.683
0.806
0.524
0.776
-974.338
0.073
0.687
0.889
-34.263
0.703
-4129.395
200.937
-2574.215
0.746
0.794
0.811
0.740
0.088
0.744
0.586
0.721
0.396
0.825
0.666
200.944
0.763
0.277
0.332
0.603
0.749
-4.228
0.492
0.527
200.956
0.463
0.579
0.379
0.728
0.778
0.763
0.601
0.571
0.576
0.724
0.749
0.402
-29.489
0.659
0.712
0.464
0.401
0.525
0.820
0.622
0.777
-4419.342
0.746
0.662
0.691
0.626
200.945
0.816
-44.654
0.670
0.662
0.761
-8104.418
0.578
0.816
0.563
0.596
-0.201
0.689
0.807
0.469
0.433
0.603
-779.116
0.570
0.588
0.640
0.677
0.804
-2689.569
0.833
0.807
0.732
0.828
-7604.484
0.613
0.616
0.630
0.569
0.336
-1299.062
-934.343
0.833
0.734
0.722
0.506
0.791
0.335
0.721
0.795
0.674
200.962
0.782
0.560
0.593
-2924.373
0.760
0.775
0.474
0.713
0.095
0.624
0.684
0.776
0.623
0.682
0.609
0.743
0.657
0.501
0.595
0.640
0.400
0.753
200.931
0.798
0.642
0.639
0.766
0.210
0.509
0.597
0.696
0.811
0.855
0.756
-0.086
0.751
-2029.284
200.941
0.725
0.833
200.937
0.862
0.523
0.711
-0.230
0.835
0.423
0.596
0.757
0.790
-3474.184
0.558
0.696
-74.352
0.436
200.949
0.803
0.684
0.616
200.942
0.649
0.201
0.770
0.846
0.836
0.615
0.698
200.948
0.811
200.930
0.801
0.471
0.607
0.886
0.653
0.694
-569.298
0.600
0.678
0.579
0.541
-314.469
0.782
0.825
0.724
0.872
-704.328
0.448
-734.497
0.365
0.437
0.754
0.818
0.744
0.825
0.501
0.568
0.697
0.797
0.880
0.631
200.907
-5674.568
0.332
-99.458
0.552
0.568
0.692
0.558
0.412
0.711
0.800
200.950
0.612
-4494.472
0.651
0.652
0.533
0.358
0.639
0.705
-954.242
0.590
0.561
-1039.203
0.562
0.730
-334.277
0.741
0.842
0.599
0.676
0.701
0.810
-44.385
0.818
0.742
0.222
0.691
0.748
0.645
-9.209
0.570
0.546
200.945
0.821
200.935
0.655
0.421
0.767
0.556
0.792
0.854
0.576
0.724
0.746
0.422
0.503
-0.002
0.726
0.494
0.717
0.542
-819.360
0.750
0.442
0.642
0.662
0.605
0.722
-3809.367
0.781
0.767
0.617
0.791
0.649
0.676
0.441
0.589
0.842
0.738
0.546
0.838
0.710
0.432
0.729
0.759
0.855
0.712
-29.675
0.686
0.693
0.863
0.726
0.830
0.697
0.835
0.507
0.740
200.950
-4.160
0.622
0.359
0.699
0.814
0.626
-1139.316
0.735
0.783
0.783
0.656
0.727
0.646
0.745
0.708
0.733
0.781
0.812
0.419
0.795
0.656
200.937
0.655
0.899
0.467
0.846
-904.414
0.722
-49.319
0.816
0.619
0.707
200.954
0.516
0.754
0.618
0.704
0.641
0.303
0.602
0.391
0.472
0.528
200.934
0.616
0.714
0.805
0.787
-534.297
0.760
0.830
0.753
0.690
0.742
-19.395
0.311
0.415
0.528
0.695
0.335
0.562
0.717
0.814
0.628
0.744
0.711
0.788
0.443
0.697
0.798
0.776
0.689
0.413
0.415
0.580
0.716
0.095
0.810
0.802
0.633
0.593
0.448
0.816
-24.443
0.718
200.951
-39.211
0.564
0.564
200.923
0.691
0.623
200.922
0.767
0.768
-74.211
-6514.247
0.693
0.476
0.772
0.730
0.846
-964.364
0.717
-4.347
-8839.463
0.734
0.774
0.910
0.622
0.794
0.288
-14.720
0.832
-2639.599
0.444
0.713
-569.236
-2379.194
0.571
0.835
-589.296
-1804.353
0.854
0.702
0.785
0.765
0.720
0.758
0.633
0.705
0.816
0.574
0.865
0.721
0.735
0.697
0.581
0.696
0.606
0.677
0.446
0.580
0.669
0.728
0.826
0.823
0.728
200.954
0.516
0.605
0.627
0.637
200.928
0.545
0.855
0.752
0.808
-29.655
0.747
0.546
0.753
0.823
0.611
0.626
0.809
0.578
0.812
0.753
0.496
0.564
0.824
200.940
0.647
-304.627
0.496
0.496
0.697
-1964.317
0.690
-149.163
200.943
0.740
0.732
0.813
0.640
0.653
0.854
0.664
0.722
0.464
0.809
0.741
0.831
-4019.260
-9999.328
0.545
-10344.418
-980.284
-29.300
0.818
0.736
-6029.538
0.773
0.523
-11499.383
200.945
0.462
0.755
-124.249
-4.439
0.670
0.665
0.886
0.723
0.768
0.472
0.691
0.504
0.773
0.857
0.698
0.643
0.558
0.826
0.712
-79.094
0.801
0.833
0.587
0.874
0.410
-1074.286
0.798
0.635
0.434
0.760
0.791
0.386
0.644
200.942
0.424
200.941
0.506
0.849
-3819.381
0.423
-44.178
-154.741
0.879
0.727
0.687
-4809.192
-249.434
0.813
0.554
0.798
0.844
200.956
0.741
0.683
0.319
0.494
-4.226
0.652
-4.439
0.656
0.772
0.368
0.796
0.612
-34.278
0.634
0.845
0.807
200.949
0.769
0.511
0.478
-5459.225
0.764
0.602
0.500
0.641
0.481
0.730
0.711
200.953
0.586
0.497
0.668
0.668
0.703
0.342
0.550
0.702
200.939
0.838
0.772
0.873
0.611
0.812
-1299.823
0.752
0.453
0.380
0.580
0.343
0.257
0.712
0.755
0.687
0.786
0.748
0.786
-9594.274
200.933
200.941
0.402
0.763
0.770
0.687
0.465
0.834
0.790
0.851
0.529
0.879
0.550
0.697
0.751
0.377
0.787
0.687
0.740
0.640
200.947
0.352
-1274.268
0.749
0.678
-79.052
0.336
0.817
0.686
0.732
-204.264
0.652
0.399
0.718
0.624
0.892
0.730
0.650
0.681
200.965
0.471
-7374.372
0.875
0.791
0.771
0.818
-8934.266
0.632
-84.389
-299.743
0.106
0.570
-8409.554
-1104.317
0.818
0.752
-4.447
0.601
0.647
0.833
0.531
0.902
200.941
0.715
0.590
-9764.179
0.752
0.648
-199.239
0.601
0.799
0.609
0.648
0.518
0.774
0.750
0.606
0.609
0.648
0.656
0.812
0.791
0.733
0.766
0.745
0.785
0.782
0.848
0.773
0.748
0.845
0.865
0.893
-4279.575
200.936
-0.027
0.854
0.749
-149.371
0.761
0.760
200.943
0.621
0.845
0.606
0.589
0.838
0.719
0.569
-8759.557
0.402
0.595
0.335
0.467
-1474.246
0.769
0.620
0.697
-139.353
0.812
0.783
0.718
0.773
0.635
0.732
0.710
0.588
200.886
0.579
0.655
0.788
0.738
0.450
0.832
0.790
0.871
0.814
0.641
-1634.337
0.807
-2474.357
0.813
0.815
0.712
0.694
0.711
0.557
0.812
0.716
0.659
0.640
0.763
200.926
0.835
0.156
0.560
0.759
0.836
0.777
0.475
-154.595
0.661
0.712
200.951
0.798
0.691
0.668
0.907
0.831
-6234.222
0.387
0.690
0.802
0.681
0.640
0.567
0.909
0.637
200.936
0.650
0.723
0.732
-94.510
0.802
0.614
0.795
0.876
0.784
0.779
0.680
-3214.174
0.627
0.727
0.538
0.777
0.723
0.640
-184.356
0.603
0.820
0.861
0.623
-279.255
0.797
0.835
0.827
0.790
0.876
0.778
0.844
-409.535
0.381
0.642
0.708
0.780
200.932
0.903
0.684
-2779.050
0.511
0.779
-74.552
0.454
0.745
0.662
-2084.338
0.748
200.927
0.659
0.570
200.926
-104.212
0.681
-24.294
0.350
0.840
-139.483
0.738
0.737
0.600
0.488
0.596
0.478
0.565
0.512
0.740
200.943
0.311
0.731
0.706
200.937
0.811
0.563
200.959
0.678
0.827
0.615
0.875
0.827
0.807
0.613
0.614
0.792
0.836
0.601
0.774
0.807
0.648
-104.060
200.950
0.695
200.934
0.641
0.626
0.774
-1294.074
0.619
0.513
0.547
0.791
200.947
0.738
0.761
0.748
0.717
0.684
0.725
0.148
0.748
0.586
0.554
0.631
0.690
0.822
0.655
0.768
0.821
200.933
0.570
0.679
-879.762
0.672
0.278
0.777
0.796
0.619
0.758
0.632
0.793
0.745
0.408
0.616
0.633
0.491
0.788
0.718
0.843
-1344.549
0.692
0.668
0.559
-2374.476
0.768
0.664
-3754.465
0.579
0.832
0.324
0.790
-44.251
0.859
-4.676
0.718
0.579
0.366
0.544
0.858
0.615
0.699
0.531
0.730
-6709.553
0.533
0.742
0.526
0.690
0.556
-944.484
0.806
0.750
0.623
0.570
0.697
0.665
-4034.249
0.095
0.520
0.769
0.726
-1194.319
0.807
0.665
0.687
0.554
0.617
0.761
0.399
0.747
0.459
-29.482
0.797
0.856
0.851
-169.201
0.796
0.499
0.751
0.702
0.611
0.559
0.737
0.761
0.563
0.276
0.773
0.585
-84.197
0.724
0.288
0.709
-6144.432
0.473
0.681
0.580
0.811
0.862
-1144.464
0.601
0.464
0.767
0.684
-54.369
0.785
0.676
200.944
0.578
0.704
-19.548
0.723
0.777
200.940
0.705
0.594
0.695
0.480
0.849
0.779
-104.271
0.789
0.778
0.831
0.813
0.482
200.946
0.856
0.688
0.328
0.623
0.836
0.666
200.931
0.673
0.800
0.487
0.778
0.841
200.951
0.847
0.703
0.589
-159.059
0.602
0.777
200.942
0.798
0.592
0.716
0.793
0.806
-3949.336
200.945
0.496
200.961
0.886
0.837
0.660
0.864
-599.316
0.783
0.634
0.671
0.721
200.824
0.737
0.807
0.811
200.936
0.600
200.944
0.819
-6314.197
0.757
0.864
-259.161
0.525
-119.427
0.635
0.522
0.820
-3344.349
0.412
0.506
0.723
-54.277
0.732
0.663
-6894.349
0.903
0.817
0.683
0.652
-2374.480
0.725
0.578
0.422
0.736
0.726
0.837
0.512
0.675
0.820
0.770
0.774
0.545
-354.056
0.850
0.231
0.556
0.639
0.759
0.870
0.700
-4.335
0.838
0.536
0.714
0.785
0.596
0.633
200.884
0.616
0.880
0.790
200.907
0.659
0.807
200.947
0.670
0.605
0.696
0.794
-9.295
-74.333
0.763
-4894.377
0.706
0.879
0.857
0.834
0.744
0.570
0.863
0.837
200.936
0.756
0.786
0.713
0.869
0.486
0.825
0.875
0.776
0.439
-1924.397
200.927
0.669
0.510
0.551
0.734
0.791
-39.242
-9039.154
-1549.133
0.851
-619.391
0.845
0.768
0.671
0.638
200.942
0.764
0.754
0.705
0.805
0.719
0.612
0.444
0.762
0.681
0.658
0.675
0.393
0.782
0.039
0.798
-29.338
0.505
0.795
0.784
0.260
0.796
0.623
0.502
0.819
0.766
0.740
0.699
0.705
0.777
-1354.371
0.734
0.735
0.825
0.586
0.794
0.852
0.763
0.674
0.743
0.668
0.777
0.435
0.720
0.754
0.689
-5404.685
0.727
0.808
0.866
0.860
200.930
200.964
0.833
0.853
0.597
0.790
0.822
0.840
0.674
0.753
-794.380
0.763
0.718
0.747
0.584
-334.298
0.607
0.163
0.316
0.575
0.813
0.696
0.750
200.942
200.931
200.950
0.713
0.752
0.777
0.833
0.774
-2009.427
0.789
0.808
-244.066
0.627
0.851
0.651
200.950
0.555
0.507
0.711
0.608
0.283
0.685
0.750
0.760
-34.631
0.798
0.802
0.378
0.746
0.511
0.815
0.552
0.851
200.955
0.729
0.795
0.811
-1214.456
0.803
-0.014
0.816
0.863
0.570
0.759
200.921
0.866
0.828
0.562
0.770
0.715
0.683
0.719
0.384
-914.308
0.706
0.101
0.616
0.800
200.949
0.827
0.839
0.643
0.880
0.858
0.687
0.865
0.719
0.802
0.703
0.443
0.811
0.871
0.705
-3954.265
0.267
-80.762
-24.370
0.655
0.842
0.295
0.589
0.597
0.786
0.757
0.741
0.827
0.585
0.729
-2859.251
200.940
0.742
0.482
0.746
0.598
0.666
0.774
0.800
0.608
0.777
0.820
-7064.444
0.832
0.650
-3844.306
-1249.973
200.890
0.744
0.423
0.602
0.715
0.642
0.785
0.716
0.847
0.735
-39.222
0.664
190.896
200.927
0.837
0.814
0.730
0.834
0.868
0.765
0.470
0.590
200.942
0.629
0.698
0.857
0.096
0.849
0.750
0.828
200.946
0.713
0.788
200.946
0.655
-49.292
0.754
0.805
0.746
-159.299
200.901
-14.238
0.832
0.834
200.934
0.770
0.634
0.798
0.555
0.836
200.958
0.636
0.739
0.588
-344.493
0.771
0.677
200.929
0.675
0.585
0.431
0.676
0.692
0.766
0.741
-9.359
0.614
0.833
0.732
0.583
0.675
0.745
180.938
0.705
0.893
-4539.389
200.930
0.425
-59.259
0.642
0.530
0.847
-774.356
200.946
0.748
0.785
0.856
0.555
200.933
0.619
0.812
-7604.255
0.182
0.838
0.683
0.664
0.748
0.578
0.532
0.572
0.860
0.717
0.721
-104.470
0.752
0.560
0.821
-6164.213
0.761
0.796
0.842
0.554
0.751
-329.253
0.901
0.816
0.583
0.765
0.574
0.853
-19.291
0.568
-164.345
0.318
0.484
200.948
0.498
200.941
0.782
-99.475
0.701
-1964.091
0.716
200.945
0.824
0.696
200.945
200.944
0.822
0.719
-4079.376
0.837
0.307
0.771
0.724
-4224.885
0.704
0.729
0.344
0.793
0.732
0.697
0.786
0.667
0.793
0.568
0.830
0.660
0.738
0.753
0.765
-79.346
0.759
0.546
0.660
0.606
0.636
0.580
0.746
-924.212
0.544
0.783
-4.237
0.866
-24.514
-39.433
0.865
0.895
0.696
0.725
0.669
-3159.201
0.390
0.804
0.645
0.684
0.705
0.704
0.635
-6684.384
0.610
0.800
0.468
0.524
0.522
0.789
0.704
0.682
200.921
0.840
0.905
0.765
-14.307
0.687
-19.528
-784.186
0.563
-5254.255
0.771
0.867
-129.446
0.806
0.808
-19.305
0.705
-29.310
0.877
0.696
-14.291
0.683
0.726
0.816
0.848
0.779
0.877
0.804
-3134.279
0.660
0.819
0.796
0.799
-164.355
0.547
0.833
0.654
0.514
-1034.238
0.480
0.481
0.573
-644.272
0.734
0.757
-1244.269
0.242
0.656
0.860
-1074.266
0.838
0.581
-5724.308
200.930
0.584
0.860
0.806
0.740
0.478
200.900
0.776
-14.161
0.721
0.715
-94.486
0.697
-5529.402
0.517
0.738
0.497
0.748
0.756
0.622
0.673
0.852
0.857
0.517
0.780
0.800
-29.398
0.644
0.699
0.793
0.693
0.800
0.726
0.744
200.954
0.827
0.841
0.738
0.867
0.646
-5119.182
0.698
-349.259
0.702
0.700
0.595
0.818
0.790
0.724
200.951
0.678
0.805
0.851
0.743
0.738
0.549
0.733
0.647
0.731
-6569.681
0.775
0.577
0.777
0.660
-1224.053
0.742
0.660
0.664
0.650
0.613
0.693
-814.333
0.689
0.680
200.945
0.595
0.732
0.750
-5729.362
0.840
0.674
200.931
0.784
0.715
0.738
0.805
0.844
0.673
0.522
0.641
0.794
0.737
0.653
200.939
0.686
0.843
-3064.332
0.635
0.797
0.778
0.888
0.836
0.701
0.762
0.608
0.792
-0.162
0.807
0.564
0.700
0.773
0.621
0.867
0.454
0.765
0.587
0.808
200.932
0.616
0.692
0.709
0.609
0.561
-149.430
0.632
0.803
-514.903
0.664
200.948
0.751
0.716
0.294
0.778
0.812
0.829
0.801
-499.218
0.713
0.702
0.565
0.834
0.822
0.472
0.864
0.782
200.915
0.825
0.486
0.776
0.670
-349.141
-954.501
0.446
0.721
200.956
0.606
0.682
200.933
0.780
0.610
-1279.629
0.863
200.953
0.461
0.517
0.840
0.812
0.736
0.581
0.604
-1139.056
0.805
45.942
-5394.399
200.940
0.863
0.765
0.714
0.725
0.723
-1054.365
0.441
0.802
0.759
0.632
0.768
200.937
0.754
0.721
0.635
0.802
0.777
0.557
0.544
-259.376
0.745
0.557
0.741
200.953
0.786
0.824
0.744
0.802
0.795
0.470
0.313
0.732
0.589
200.929
0.800
0.827
0.840
0.828
-1719.671
0.620
0.655
-494.366
-194.290
-39.162
0.827
200.946
0.704
0.848
0.804
0.830
0.717
0.806
0.770
0.578
-6049.188
0.388
0.761
-109.377
0.732
0.893
0.726
0.763
0.766
0.609
0.770
200.956
0.672
0.758
0.704
0.571
0.640
200.950
0.514
0.038
0.842
0.588
200.935
0.661
0.758
0.575
0.790
0.438
200.940
200.955
0.728
-4.305
0.763
0.749
0.564
0.797
0.853
0.826
0.655
0.740
0.740
0.887
0.728
200.943
0.650
-4614.160
0.690
0.829
0.826
0.780
-9.444
0.771
0.500
0.895
0.755
0.625
0.431
0.838
0.640
200.935
0.828
0.862
0.789
0.618
-3369.185
0.879
0.882
0.537
0.741
0.740
0.791
0.885
0.843
0.804
0.801
200.933
0.788
0.748
0.797
0.590
-1454.246
0.158
0.606
0.558
0.765
-1384.325
0.875
0.741
0.073
-1099.280
0.632
0.425
-4129.274
200.927
0.754
0.743
0.819
0.766
0.783
0.780
0.688
0.661
0.714
0.741
0.715
0.854
200.933
0.746
0.023
0.463
0.781
0.837
0.853
0.752
0.523
0.365
-1249.395
0.790
200.949
0.899
0.861
-29.579
0.871
0.787
0.859
0.704
0.881
0.604
0.739
-149.413
0.628
0.871
0.832
0.847
0.739
0.675
0.707
0.791
-14.307
0.913
0.588
200.940
0.788
0.745
0.458
0.782
0.754
0.471
0.615
0.795
0.752
0.738
0.590
0.730
0.756
0.640
-6374.337
200.946
0.773
0.659
0.630
0.885
0.865
-139.351
0.665
0.904
0.478
0.727
0.675
200.938
-2209.206
0.824
200.954
0.790
-5664.136
0.762
0.534
0.765
-199.408
200.937
0.535
0.799
0.641
0.705
200.956
0.676
0.546
0.698
0.618
0.745
0.791
0.619
0.822
0.849
0.710
0.882
0.548
0.790
0.807
200.946
0.682
0.613
0.839
0.829
0.762
0.871
0.669
0.822
200.962
0.726
0.543
-5304.228
0.818
0.662
0.763
0.648
0.680
200.942
0.497
0.791
0.853
0.843
0.411
-8614.278
0.780
200.942
-2324.349
0.607
0.473
0.537
0.593
0.632
0.852
-144.255
0.550
0.874
0.883
0.731
0.746
0.611
0.563
0.755
0.689
200.948
0.667
0.657
0.756
0.824
-6764.534
0.712
0.857
0.617
0.758
0.826
0.736
0.606
0.766
-5129.161
0.451
0.616
0.834
0.681
0.576
0.732
0.658
0.700
0.865
0.783
200.913
-589.239
0.687
0.841
0.588
0.781
0.854
-4864.309
0.853
0.805
0.765
0.753
0.849
0.685
0.353
0.793
0.653
0.843
0.796
200.925
0.689
0.817
0.770
0.508
0.819
0.727
0.750
-14.175
0.706
0.770
-2479.269
0.657
0.800
0.809
0.807
0.593
-1489.196
0.757
0.577
-5089.512
0.686
0.830
0.881
0.419
0.694
0.651
0.851
0.655
200.949
0.070
0.855
0.440
200.920
0.419
0.662
0.626
0.451
0.537
0.788
0.772
0.600
200.910
0.863
0.552
0.771
0.084
0.735
0.832
0.779
0.700
0.738
0.843
0.825
0.741
0.441
-894.139
0.716
0.491
-584.246
0.651
0.676
0.752
0.845
0.855
0.765
0.719
-34.202
0.650
0.848
0.811
0.631
0.848
0.785
-5839.430
0.893
0.634
200.939
200.965
0.733
0.782
0.739
0.861
-24.250
0.763
-1414.237
0.597
-3689.062
0.749
0.918
150.956
200.943
200.915
0.843
0.715
0.848
0.765
0.824
0.680
0.688
0.805
0.848
0.707
0.831
0.871
0.742
0.803
0.783
0.623
0.848
0.389
200.918
0.781
0.551
0.856
0.745
0.787
-14.285
0.687
0.898
0.688
0.764
0.830
0.634
0.676
0.518
0.805
0.734
0.774
-919.166
-964.168
0.675
0.482
0.780
-314.221
0.806
-759.185
0.879
0.802
0.660
0.763
0.693
0.838
0.691
0.839
0.850
0.877
0.714
-3124.297
0.669
0.744
0.740
0.704
0.705
0.794
0.578
0.862
0.442
0.637
200.945
0.727
0.775
0.767
0.803
200.930
0.675
200.951
0.808
-4784.542
0.812
0.714
0.810
0.803
0.729
-424.701
170.929
0.810
0.815
-0.099
0.687
0.641
0.759
0.465
0.792
0.713
0.687
0.498
0.732
0.766
0.892
200.950
0.687
0.723
0.773
0.666
0.590
200.930
0.446
0.781
0.794
0.745
200.911
0.749
0.588
0.824
-4314.177
200.948
0.749
0.851
0.795
0.787
0.789
0.714
-2944.302
-29.643
0.804
0.699
0.824
0.493
0.813
0.323
0.665
0.803
0.681
-3629.345
200.955
0.794
0.661
0.652
-4944.215
0.808
0.769
200.922
0.839
0.918
0.761
0.834
0.745
0.700
0.626
200.951
0.834
0.748
0.819
0.750
0.707
0.698
0.805
0.257
0.846
200.950
0.701
0.886
-284.643
0.566
200.943
0.543
0.800
0.805
0.635
0.573
0.734
-454.510
0.724
-7529.333
0.472
200.938
0.578
0.442
0.344
0.664
200.962
0.767
0.643
0.870
0.782
200.945
200.910
-989.549
0.687
0.727
0.753
0.742
0.869
0.545
0.813
0.696
0.673
-139.346
0.541
0.649
200.943
200.944
0.842
0.635
0.646
0.846
0.716
0.683
0.444
0.601
0.783
0.729
200.939
-1119.566
0.546
-484.265
0.767
-3859.638
-764.284
0.742
0.792
0.786
0.750
0.753
0.738
0.576
-4389.526
0.840
-299.499
0.587
0.862
200.943
0.798
0.816
0.826
75.945
0.832
0.758
0.848
-1999.795
-0.409
0.792
-9.132
0.754
-2869.075
0.575
0.747
0.438
200.937
0.845
0.847
0.134
0.807
0.873
0.663
0.714
0.839
0.733
-1434.243
0.735
0.444
0.789
0.701
0.730
0.819
-719.547
-2974.149
0.781
0.876
0.721
0.861
-8899.272
0.795
200.934
-99.361
0.768
0.860
-1839.664
0.570
200.937
0.729
0.789
0.787
0.863
0.868
0.835
0.593
0.766
0.596
-4699.241
-149.415
0.542
0.797
0.761
0.831
0.627
0.686
0.752
200.951
0.853
0.862
0.712
0.701
0.729
0.327
0.619
0.754
0.828
0.726
0.701
-4579.331
0.611
0.789
0.810
-1534.317
0.824
0.803
0.736
0.869
200.952
-1949.270
0.647
0.820
0.559
200.950
-824.037
0.731
0.871
-4794.216
200.945
0.715
0.881
0.742
0.848
0.665
0.746
0.575
0.783
-1174.306
0.623
0.704
0.728
0.759
0.768
-3559.176
0.715
-7839.227
0.640
0.832
0.619
0.752
0.506
0.760
0.727
0.392
0.589
0.734
0.899
0.849
0.748
200.931
-29.136
0.790
0.789
0.749
200.946
0.752
0.695
0.758
-74.283
0.830
0.825
0.668
200.952
0.542
0.518
0.709
0.824
0.828
200.874
0.733
0.876
-39.389
0.722
0.650
0.858
200.944
0.270
0.725
200.934
0.565
0.708
-4.253
0.704
0.359
0.762
0.141
0.819
0.819
0.702
0.899
0.631
0.767
-74.413
0.827
0.716
200.932
0.512
0.686
0.842
0.723
0.750
0.820
0.690
0.848
0.865
0.740
-4354.206
-3949.303
0.602
0.767
0.821
0.808
0.543
0.772
0.710
0.782
0.626
0.709
0.788
0.795
0.826
0.784
0.718
-5679.290
0.836
0.805
0.791
0.836
0.766
0.575
0.684
0.777
0.667
0.876
0.786
0.669
0.754
0.748
0.766
0.725
0.772
0.683
0.788
200.957
0.732
0.861
0.726
0.787
0.601
0.598
0.658
0.715
0.851
0.723
0.828
-459.168
0.660
0.749
0.720
-4529.237
0.766
0.447
0.610
-7149.400
0.787
0.789
0.838
0.866
0.913
0.457
-2569.191
0.802
0.687
200.924
0.811
200.907
0.835
-6234.222
0.199
0.561
0.815
-2389.318
0.682
0.822
0.611
200.954
200.944
0.730
0.700
200.945
0.627
0.696
0.783
200.955
0.742
-1029.133
0.775
0.663
0.755
0.806
0.888
0.600
0.636
200.958
0.759
-844.246
0.581
0.712
0.847
0.826
0.832
0.819
0.753
0.594
200.957
0.848
0.659
-1589.696
0.853
0.625
0.659
0.463
0.824
0.798
0.790
0.717
0.853
0.617
0.600
0.745
0.571
0.692
0.531
0.622
0.916
200.933
0.753
0.812
0.747
0.852
0.788
200.932
0.830
0.762
200.945
0.752
0.750
0.586
0.847
0.739
-2434.172
0.062
0.720
0.828
0.817
0.819
0.772
0.801
0.732
0.756
0.616
0.853
0.813
0.774
0.764
200.895
0.801
0.667
-4659.344
0.721
0.808
200.921
0.701
0.659
0.653
0.754
200.935
200.928
0.787
200.951
0.743
0.800
0.784
0.752
0.811
0.805
0.797
0.829
0.635
0.681
-39.212
0.825
0.437
0.588
0.657
0.654
0.768
0.843
-3319.246
0.738
0.796
-6434.263
200.951
-4.249
0.523
0.571
0.687
0.218
0.732
0.627
0.842
0.872
0.684
0.865
0.305
0.771
0.524
0.857
200.940
0.865
0.866
0.466
0.706
200.953
0.727
-24.380
-1064.134
0.852
0.822
0.890
0.489
0.731
0.812
0.851
0.801
0.576
-6799.192
0.644
0.637
0.777
-5624.282
-29.346
0.719
0.753
0.699
0.706
200.933
0.817
0.647
0.723
-609.378
0.600
0.780
0.806
-19.299
0.843
-384.255
0.657
200.943
200.951
200.945
0.786
0.827
0.866
0.761
0.674
0.534
0.882
0.737
0.773
0.623
0.822
0.602
0.839
200.945
0.783
200.921
-4474.414
0.731
0.339
0.496
0.775
0.698
-14.224
0.837
0.825
0.656
0.783
0.725
0.717
0.786
0.790
200.960
0.514
200.959
0.761
0.752
0.630
0.844
0.756
0.731
-6344.288
0.705
0.728
0.829
0.844
140.951
0.559
0.583
-7334.210
200.930
0.689
0.821
0.879
0.750
0.863
0.817
0.785
200.912
0.744
0.788
-19.274
0.897
0.732
-4934.327
0.766
0.709
0.826
200.935
0.577
0.758
0.764
0.890
0.641
200.918
0.816
200.952
0.678
0.886
0.851
-4.386
0.838
0.708
200.932
0.816
0.827
0.829
0.756
0.764
0.530
0.734
0.849
0.390
-6019.331
0.804
-199.290
0.799
0.692
200.934
0.814
200.936
0.801
0.546
0.519
0.532
0.807
0.757
200.965
0.635
200.957
0.744
0.707
0.817
-4.261
0.485
0.743
0.583
0.720
0.758
0.793
200.945
0.856
0.728
-94.388
0.700
0.710
0.820
0.786
0.837
-64.279
0.705
0.689
-4.454
0.812
0.684
0.812
0.794
-7024.326
0.755
-939.122
0.514
0.724
200.937
0.807
0.854
0.817
0.855
0.766
0.635
0.780
0.768
-3039.349
-2514.606
-5099.562
0.629
0.749
-64.630
0.727
0.838
0.839
0.826
0.791
0.449
0.789
0.596
0.819
0.693
200.903
200.922
-6019.369
-1474.230
0.676
0.845
-8194.663
0.855
0.775
0.759
0.891
0.868
0.810
0.621
0.624
0.843
0.707
0.693
0.627
0.567
-444.353
200.935
0.536
200.939
0.584
0.742
0.636
0.745
-9.164
-14.163
0.845
0.735
0.727
0.815
200.948
0.870
0.754
0.850
0.477
200.946
0.793
0.763
0.779
0.689
0.784
0.820
0.843
0.796
0.836
-5584.134
0.785
0.690
0.857
0.853
0.907
200.944
0.904
0.782
0.670
200.944
0.809
200.944
0.790
0.823
-34.312
0.826
200.944
0.781
0.798
0.776
0.762
0.452
0.744
0.777
0.684
105.936
200.955
0.852
0.734
0.738
0.616
200.959
0.764
0.666
0.862
200.941
0.739
0.866
0.784
-249.277
0.644
0.525
0.723
0.687
0.852
200.934
0.535
0.729
0.828
0.867
200.964
0.790
0.736
0.732
200.931
0.613
200.948
0.805
-24.217
0.706
0.789
0.876
0.827
0.813
0.792
-14.428
0.862
0.565
0.827
-3904.159
0.804
0.836
0.882
0.787
0.740
-8739.223
0.773
0.773
0.788
0.778
-2269.433
0.771
0.756
0.858
0.637
0.834
0.820
0.716
-4244.286
-4.704
0.620
0.663
0.602
0.861
0.841
0.861
0.570
0.795
0.850
0.763
0.844
0.435
0.515
0.812
-14.276
0.613
0.727
-5649.219
0.714
0.828
-7199.244
0.732
0.689
0.738
0.784
-1189.201
-9.298
0.816
0.835
-5119.403
0.775
0.800
0.814
0.511
-79.174
0.775
-39.250
0.560
0.646
200.916
0.649
-1899.404
0.610
0.761
0.823
0.855
180.902
0.829
0.694
0.794
0.571
0.820
0.829
0.754
0.784
200.952
0.714
0.723
0.769
0.732
0.820
0.722
-104.349
0.850
0.696
0.859
0.911
0.775
0.838
0.530
-3889.401
0.826
0.776
0.692
0.723
0.687
0.603
0.760
0.750
0.773
0.763
0.620
0.815
0.781
200.958
0.780
0.668
0.680
0.643
0.849
0.663
0.725
0.583
0.741
0.729
0.894
0.855
200.962
0.608
0.622
0.835
0.743
0.821
0.814
0.779
0.745
0.879
0.640
0.711
0.682
0.609
0.606
0.793
200.885
0.664
0.705
0.766
0.773
0.385
0.632
0.203
0.812
0.659
0.832
0.856
0.745
0.759
0.811
200.966
-2199.349
0.375
0.784
0.715
0.811
0.795
0.718
0.784
0.670
0.817
0.820
200.937
0.767
0.902
200.922
200.951
-324.368
0.789
0.443
0.724
0.745
0.677
0.843
0.538
-844.362
0.811
0.843
0.585
0.640
0.779
0.842
0.561
0.816
0.674
0.629
0.795
0.815
0.817
0.814
200.947
0.731
-1784.336
-19.274
0.812
0.769
0.812
0.842
-2079.230
0.842
0.622
-5554.174
200.949
0.756
0.687
0.668
0.414
0.650
0.804
0.878
0.653
0.738
0.709
0.599
0.879
-5464.333
200.903
-6389.130
0.797
200.916
0.767
0.838
0.705
0.631
0.518
0.887
0.673
0.480
200.944
0.862
0.768
0.685
0.645
0.822
0.702
0.727
0.697
0.719
0.726
0.819
0.814
0.821
0.809
-3479.395
-819.383
200.952
0.604
0.730
0.866
0.858
0.836
0.834
0.545
0.564
0.699
-734.177
0.801
0.864
0.687
0.714
0.644
0.769
0.661
0.790
200.929
0.837
0.726
0.756
0.624
0.776
-14.269
0.744
0.817
0.801
200.922
0.734
0.891
0.683
0.715
-2509.691
0.663
-109.656
0.704
0.792
0.398
0.863
200.944
0.789
-19.267
-2294.233
0.859
0.776
200.934
0.776
0.869
0.579
-7864.262
15.949
0.794
0.834
-44.150
0.663
0.780
0.832
0.731
0.593
0.881
0.626
0.813
0.659
0.314
0.806
200.897
0.762
0.835
0.716
0.723
0.830
-2944.197
0.708
-2619.189
0.729
0.744
-7089.297
0.760
-9.338
-24.249
0.690
200.940
0.847
0.586
0.760
0.582
0.718
0.834
0.817
0.820
0.786
0.708
0.767
0.791
-29.248
0.784
0.869
-769.328
200.912
0.859
0.835
0.742
0.796
0.842
0.693
0.766
0.189
0.752
0.729
0.803
0.741
0.720
0.847
-1574.335
0.843
0.729
0.859
0.777
0.690
0.726
0.909
0.675
0.754
0.785
0.543
0.785
0.849
0.884
-5634.208
0.696
0.599
0.823
0.688
0.835
-2534.145
0.870
0.808
0.673
0.735
200.918
0.573
0.712
0.721
0.870
0.671
0.805
0.870
0.868
200.939
-3044.300
0.759
0.848
0.809
-4.196
0.768
200.930
-19.155
0.842
0.802
0.770
0.834
0.566
0.772
0.827
0.742
0.757
0.675
0.740
0.693
0.648
0.823
0.725
0.393
0.474
0.847
0.610
0.305
0.760
0.781
0.625
0.783
0.798
-3999.406
0.698
0.656
0.847
0.845
0.716
0.779
0.593
200.948
0.612
0.795
0.638
0.704
-9.351
0.153
0.809
200.953
200.937
0.111
0.661
0.842
0.707
200.959
0.795
0.335
0.709
0.544
0.725
0.768
200.950
0.893
-9.344
0.715
0.866
0.823
0.896
-4.268
0.749
0.631
0.801
-5004.411
0.827
-5564.173
0.451
-1344.586
0.736
0.677
200.934
0.810
0.702
-4.301
0.826
0.615
0.842
0.750
0.530
0.743
0.456
0.757
0.768
-2639.241
-9769.226
0.599
0.847
0.638
-924.269
0.888
0.668
0.684
0.644
0.762
0.802
-424.291
200.955
0.794
-684.056
0.755
0.926
-5209.133
0.836
0.882
0.855
0.472
0.774
0.627
0.665
0.742
0.743
0.794
0.588
0.603
0.819
0.840
0.700
0.849
0.785
-5034.291
0.735
0.785
-2039.200
0.654
0.833
0.730
0.591
0.682
0.917
0.710
0.794
0.810
0.826
0.712
0.704
0.724
0.848
0.616
0.517
0.831
0.818
0.878
-4.210
0.783
0.616
0.836
0.747
0.759
0.768
0.830
0.829
0.882
0.835
0.702
0.836
0.881
0.867
200.955
0.579
0.704
200.922
-6319.167
0.828
0.855
0.779
0.823
0.751
0.821
0.734
0.715
-1714.225
0.675
0.854
200.961
0.566
-7589.331
200.964
0.664
0.718
0.747
0.740
0.848
200.950
0.791
0.796
-6794.357
0.572
0.738
200.958
0.779
0.784
0.777
0.786
0.827
0.617
0.731
-1089.559
0.684
200.921
0.706
-279.286
0.604
0.771
0.782
0.830
0.598
0.719
0.741
0.738
-19.293
-794.346
200.935
-319.263
0.634
-29.370
0.845
200.933
-154.380
-1534.280
0.623
0.739
0.836
-49.189
0.867
0.830
0.792
0.799
0.727
0.827
0.727
-409.258
0.731
0.814
0.756
0.807
0.708
0.829
0.886
0.811
0.871
0.822
0.778
0.820
0.754
0.903
0.756
0.677
0.381
0.907
0.796
0.801
0.718
0.735
0.788
0.861
0.847
0.795
0.769
0.699
0.807
0.788
0.852
0.820
200.942
-74.314
0.695
0.677
0.865
-1119.064
0.654
200.938
0.526
0.785
-4.355
0.737
0.837
0.800
0.709
0.730
0.834
0.665
0.825
0.625
0.848
0.623
0.745
0.749
0.627
0.815
0.683
200.954
0.749
0.866
0.822
-9.266
0.769
0.841
-2184.148
0.779
0.847
0.886
200.947
0.737
0.848
0.865
0.678
0.796
-74.589
-629.280
0.440
0.751
200.935
0.751
0.769
0.874
0.833
0.849
0.870
-429.291
0.771
0.812
0.789
0.712
-949.129
0.798
0.721
0.800
-19.157
0.567
0.787
0.814
-809.382
0.710
0.864
0.722
-2239.284
0.785
0.617
0.594
0.733
0.702
0.786
0.814
-29.303
0.885
0.804
-4.407
0.819
0.453
200.971
-4134.324
0.829
0.741
0.816
0.674
0.849
0.757
0.649
0.418
0.836
0.780
0.749
0.767
-29.301
0.820
0.697
0.504
0.740
-1979.207
0.838
0.837
0.725
0.710
200.946
0.808
0.804
200.944
0.854
0.791
0.727
0.780
-8104.282
0.858
0.700
200.929
-1319.255
0.741
0.689
0.772
0.858
0.842
0.662
0.842
0.593
200.936
0.670
0.812
0.191
200.952
-94.225
0.742
0.674
0.724
200.935
0.846
0.748
-3069.311
200.901
0.836
0.736
0.878
0.642
0.778
0.723
0.834
0.736
0.716
0.730
0.720
0.846
0.872
0.735
0.869
0.882
0.804
0.802
0.566
0.824
0.447
0.834
0.762
-6259.349
0.854
0.797
0.382
0.852
0.778
0.709
0.857
0.828
0.820
0.809
0.883
0.778
0.520
0.600
0.729
-969.268
0.893
0.759
0.664
0.755
0.869
0.732
200.942
0.830
0.860
0.541
0.729
0.709
0.768
0.798
0.820
0.699
0.810
200.946
0.877
0.656
0.763
0.822
0.672
0.702
0.688
0.840
0.230
0.799
0.859
-24.348
0.816
0.813
200.922
0.795
0.635
-1875.397
0.851
0.802
200.950
0.849
-2009.614
0.640
0.834
0.568
0.863
0.833
0.842
0.584
-19.452
0.841
0.844
0.714
0.793
0.822
0.812
0.621
0.730
0.840
0.638
-4134.370
-3814.182
0.528
0.726
0.569
0.844
0.758
-6984.708
0.802
0.755
0.878
0.825
0.859
0.807
-4784.186
0.862
200.951
0.746
0.747
0.875
0.765
0.792
-1034.284
0.639
0.802
0.647
-294.137
0.694
-1394.230
200.960
0.638
0.809
0.733
0.774
-179.186
0.787
0.818
-9.191
0.474
0.727
0.774
-19.203
-494.163
0.900
0.754
0.780
0.334
0.741
0.790
0.816
0.632
0.725
0.678
0.749
0.723
0.609
0.879
0.693
0.836
0.862
0.887
0.790
-0.186
-7819.172
0.778
0.770
0.792
200.926
200.949
0.814
-14.331
0.756
0.756
-44.496
0.496
0.266
0.692
0.725
-319.313
0.841
0.875
0.842
0.893
0.780
0.829
0.866
-29.132
0.724
0.861
0.747
0.718
0.837
0.805
-19.416
0.804
0.482
0.776
200.945
0.800
0.835
0.832
200.950
-554.171
0.695
0.726
0.654
-4894.250
0.739
0.855
0.762
0.709
-699.496
0.868
0.745
0.658
-209.434
0.833
0.808
0.702
0.772
0.844
0.748
0.672
0.833
0.923
0.673
0.545
200.967
0.682
200.950
0.726
0.676
0.779
0.453
0.632
0.751
0.794
200.932
200.938
0.761
0.814
0.803
0.839
0.816
0.849
0.876
0.805
0.836
0.634
0.819
0.660
-1979.173
0.782
0.803
0.851
0.848
0.833
0.780
0.837
0.856
0.792
0.700
0.699
200.937
0.858
0.659
0.858
0.758
0.617
0.825
0.766
0.913
0.724
0.872
200.947
0.731
-4.282
-3589.176
0.428
0.828
0.775
0.816
0.685
0.807
0.708
0.588
0.766
0.582
0.792
0.794
0.829
0.827
-1694.171
0.590
0.749
0.257
0.866
0.698
-959.356
0.605
200.915
0.663
200.960
0.793
0.832
0.737
-589.219
0.881
0.684
0.871
0.682
0.621
0.765
0.715
0.794
0.548
0.838
0.716
200.948
0.703
0.848
0.733
0.756
-229.424
-19.378
0.870
0.815
0.495
0.759
0.625
0.484
0.800
0.401
0.817
0.782
0.556
0.658
0.840
0.837
0.459
0.893
0.485
0.639
-254.222
-4554.503
0.498
0.575
0.659
0.531
0.863
200.940
0.827
0.687
0.802
200.946
0.757
200.930
0.836
0.818
0.761
0.811
0.709
0.839
0.749
0.722
0.574
0.909
-1549.131
0.680
0.576
-1674.269
0.650
0.429
0.679
0.478
0.626
0.781
0.718
200.948
0.639
0.688
0.807
0.817
0.743
200.949
0.771
0.873
0.687
0.814
0.798
0.665
0.734
0.489
0.788
-4989.191
0.778
0.643
200.951
0.859
0.734
0.879
0.814
200.929
0.755
0.546
0.669
0.748
0.873
0.820
0.803
0.782
0.673
-7099.196
0.438
0.848
-5714.569
0.642
0.486
-1464.197
0.191
0.900
0.692
0.663
0.725
0.855
0.640
0.735
0.803
200.950
0.818
0.750
0.775
-29.437
0.800
0.738
0.785
0.719
0.859
0.726
0.720
0.730
0.857
0.746
200.952
0.816
0.724
0.832
0.879
0.761
0.835
0.795
0.803
0.592
-5894.214
0.784
-1519.223
0.861
0.705
0.698
0.801
200.948
0.622
0.852
0.616
0.720
-8114.276
0.866
0.513
200.945
-4749.144
0.781
0.849
0.915
0.878
0.881
0.800
0.776
-4.367
0.864
0.505
0.823
200.939
0.731
0.788
0.681
0.879
-9.213
0.740
0.840
200.938
0.835
0.860
0.842
0.818
0.837
200.913
0.825
0.678
0.805
0.755
0.697
0.798
0.807
0.817
0.647
0.718
0.858
-1834.208
0.882
0.814
0.547
0.816
0.851
0.770
0.806
0.644
0.873
0.597
200.943
0.561
0.882
0.702
0.731
0.592
0.693
0.763
0.740
0.658
0.438
0.590
0.871
0.844
0.791
0.867
0.817
0.750
0.776
0.816
0.767
0.825
0.742
0.561
0.741
0.785
0.849
0.751
0.841
200.949
0.658
0.643
0.525
-294.295
0.869
0.864
0.807
-74.198
0.788
0.824
0.763
0.791
-4.253
0.734
0.874
200.942
0.783
0.815
200.938
0.828
-2064.155
0.808
0.834
0.789
0.840
0.723
0.845
0.888
0.714
0.749
0.773
0.719
0.617
200.964
0.779
-8244.233
0.698
0.641
-54.269
0.661
0.743
0.803
0.777
0.632
0.807
0.725
0.887
0.765
0.905
0.702
200.935
200.943
200.952
0.835
0.617
0.830
0.661
0.824
0.805
0.870
0.714
0.778
0.710
200.952
0.822
0.810
0.609
0.829
0.727
0.744
0.753
0.827
200.938
200.959
0.900
0.687
-4079.326
0.627
0.796
0.388
0.591
0.775
0.850
0.670
0.691
0.791
0.184
0.841
0.792
0.882
0.773
0.853
200.957
0.735
0.802
0.836
-1849.049
0.867
0.718
0.839
0.788
0.359
0.828
-19.317
0.552
0.673
0.861
0.710
-9.435
-139.299
0.709
0.769
0.869
0.774
-39.281
0.759
0.833
0.559
0.668
0.800
-3829.219
0.680
0.782
0.832
-3554.261
0.845
0.783
0.765
0.737
0.761
0.656
0.826
0.880
200.937
0.712
0.751
0.903
0.813
0.721
0.640
0.651
0.932
0.757
0.835
0.573
200.942
0.542
0.466
0.701
0.796
0.619
0.723
0.500
0.733
0.797
0.802
0.635
0.681
0.544
-114.402
0.666
0.631
0.678
0.816
0.744
0.642
0.844
-5264.219
0.754
0.855
0.771
200.924
0.879
0.748
0.644
0.742
0.514
0.768
0.707
0.768
0.528
0.615
0.763
0.756
0.656
0.693
0.200
200.941
-1479.361
-6104.065
0.798
0.698
0.632
0.662
-5769.370
0.873
-3824.220
0.851
0.651
0.612
0.722
-1749.325
0.658
0.766
0.739
0.469
0.893
0.805
0.484
0.252
0.705
0.572
0.854
0.829
0.744
0.753
0.802
0.836
0.806
0.678
-9.301
0.475
0.695
0.858
0.651
0.734
0.623
0.893
200.876
0.647
0.526
0.647
0.841
0.855
0.769
-0.032
0.721
0.823
0.738
0.812
0.680
0.627
0.392
0.865
0.729
0.583
0.657
0.898
0.833
0.646
200.864
0.701
0.638
0.732
-2289.230
0.883
0.729
0.658
0.771
0.578
0.728
0.790
0.741
-3624.551
0.790
200.955
0.773
0.563
0.742
0.714
0.779
0.686
0.563
0.720
0.873
0.847
0.716
0.854
0.658
0.692
-9.178
0.547
0.752
0.675
0.768
0.695
0.751
0.511
0.708
0.634
0.814
0.672
0.844
0.294
0.663
0.572
0.569
0.680
0.681
-1274.062
0.764
0.661
0.792
0.756
0.683
-7834.411
-8104.567
0.889
0.571
-404.765
0.793
0.804
0.652
0.813
0.704
0.810
0.683
0.800
0.578
200.957
0.700
0.633
0.586
0.866
0.557
0.716
0.545
0.424
-6539.454
0.732
0.725
0.776
0.798
0.613
0.835
0.757
0.624
0.821
-4.189
0.667
0.742
0.880
0.701
0.610
0.796
-2069.270
0.716
-54.185
0.494
0.668
0.744
0.821
200.940
0.606
0.853
-7779.125
0.673
0.733
0.615
-2074.291
0.708
0.745
0.686
0.845
0.663
0.718
0.800
0.747
0.498
0.785
0.858
0.882
0.771
0.728
0.778
-3104.278
0.384
0.726
0.641
0.639
0.802
-6094.310
0.598
0.858
0.804
0.589
0.843
0.876
0.793
-9.464
0.648
0.626
0.758
0.799
0.822
0.745
0.758
0.760
-4004.254
0.780
0.486
0.585
-79.434
0.768
0.780
0.668
0.769
0.732
0.673
0.792
0.673
0.788
0.724
0.245
-6214.338
0.695
0.585
0.566
0.833
0.771
0.450
0.692
0.413
0.728
0.815
0.723
0.541
-3309.739
0.786
0.851
0.893
-9.505
0.720
0.715
-289.388
0.556
0.755
0.632
0.844
0.805
0.639
-4689.345
0.711
0.553
0.560
0.689
0.796
0.631
0.702
0.722
-34.104
0.726
-4319.373
0.470
0.688
0.855
0.483
0.840
0.812
0.834
0.583
200.933
0.843
-69.242
0.599
0.812
0.795
0.845
0.698
0.752
0.796
0.654
0.820
0.799
-1144.277
0.528
0.750
0.806
0.771
0.627
-4414.444
0.635
0.748
0.736
0.678
0.779
0.692
0.653
0.732
0.731
200.962
0.826
0.822
0.827
0.496
0.776
0.720
0.866
200.935
0.569
0.567
-7649.350
0.481
0.772
0.376
0.800
0.581
0.749
0.630
200.956
-6749.617
0.816
0.530
0.570
0.784
0.592
0.532
0.710
0.557
0.804
-3094.394
0.711
0.862
0.868
0.716
-29.425
0.615
0.616
0.713
0.696
0.799
0.704
0.874
0.828
0.685
0.645
0.849
0.808
200.941
0.543
0.720
0.864
0.579
0.847
0.801
0.622
0.739
0.821
0.575
0.801
0.734
0.728
0.823
200.934
0.397
-1669.233
0.665
0.669
0.878
0.662
0.782
0.726
200.948
0.629
0.654
0.861
0.696
0.544
0.685
0.724
-364.179
0.607
0.829
0.890
0.858
0.871
0.813
0.289
0.840
0.736
0.570
0.857
-2144.065
0.765
0.753
0.837
200.916
0.775
0.919
0.825
0.780
-9.449
0.582
-254.349
0.699
0.804
0.853
0.673
0.723
0.786
0.838
0.666
0.643
0.857
0.737
0.893
-5504.146
-5404.337
-7779.584
-1799.533
-8184.271
0.697
0.804
0.860
0.705
0.707
0.824
0.750
0.665
200.938
0.602
0.827
0.556
0.883
0.729
0.814
0.660
-914.252
0.730
-6709.253
200.926
0.510
0.834
200.958
0.721
0.673
0.320
0.238
0.755
-4.208
0.682
0.851
0.716
0.884
-4034.305
0.708
200.934
0.698
0.635
0.590
0.706
0.830
0.435
0.692
0.905
0.774
0.297
0.719
0.812
0.818
0.666
0.507
0.764
0.757
0.862
0.739
0.845
0.848
0.761
0.751
0.867
0.744
0.832
0.617
-9.335
0.794
0.679
0.681
-3444.183
0.866
0.618
0.745
0.824
0.774
0.711
0.633
0.632
0.803
0.809
0.542
0.744
0.254
0.711
0.710
0.657
0.696
0.841
0.736
0.466
200.950
0.861
0.650
0.661
-7904.238
0.894
0.788
0.581
200.952
0.738
0.753
0.778
0.736
0.783
0.690
-504.212
0.825
0.563
0.865
0.615
0.859
0.737
-8129.826
0.761
0.535
0.174
0.827
-19.210
0.624
0.708
0.827
-5124.300
0.697
0.618
0.801
0.812
0.819
0.788
0.876
0.747
0.837
0.763
0.745
0.865
0.876
-664.201
0.662
-1619.969
0.652
0.662
200.965
0.674
0.410
0.781
0.684
0.680
0.705
0.090
0.578
0.802
0.512
0.781
0.878
0.453
0.721
-1624.249
0.707
0.444
0.782
0.307
0.240
0.729
0.735
0.837
200.946
-4.387
0.695
0.828
0.798
0.852
-7299.152
0.821
0.751
0.788
0.530
0.699
0.715
0.793
0.658
0.821
0.665
0.833
0.752
0.663
0.798
0.723
0.797
0.785
0.825
0.814
0.546
0.784
-5789.316
0.833
0.564
0.756
-1634.635
0.557
-6699.208
-369.370
200.953
0.730
0.880
0.868
0.767
0.742
0.553
0.884
0.835
0.851
0.868
0.715
0.560
0.826
0.599
0.774
0.659
0.711
0.924
200.947
0.712
0.890
0.838
0.582
0.282
0.842
0.821
-139.210
0.738
0.817
0.668
0.761
0.779
0.682
0.740
0.650
0.717
0.715
0.646
0.788
0.828
0.841
0.660
0.596
0.695
0.839
0.765
-6799.499
0.709
0.562
0.494
-9.244
0.780
0.887
0.401
0.756
200.922
0.506
0.796
0.830
-4.730
0.771
200.927
0.853
0.748
-184.341
0.523
0.788
0.381
0.751
0.687
0.811
0.768
0.731
0.727
0.756
0.499
0.855
0.696
200.940
0.265
0.726
0.745
0.784
0.688
0.636
0.809
-7534.443
0.716
0.738
0.782
0.728
-8664.315
0.886
0.717
-9.281
0.836
0.644
0.797
0.777
0.392
0.695
-1214.217
0.654
0.883
-79.408
0.811
0.673
0.642
0.705
0.097
0.758
0.771
0.553
0.810
0.821
-1574.521
0.635
0.621
0.792
0.820
0.524
0.850
0.807
0.738
0.679
0.654
200.944
0.657
0.592
0.768
0.706
0.732
0.560
0.857
0.806
0.289
0.752
-24.666
0.683
0.678
0.690
0.662
0.459
0.771
0.865
0.711
0.776
200.943
0.777
-6199.227
0.661
0.898
0.719
-4699.126
0.864
0.079
-2779.133
0.709
0.739
0.606
0.536
0.591
0.594
-19.365
-7404.208
-2054.343
0.768
0.555
0.698
0.559
0.844
0.791
200.953
-959.154
0.761
0.798
0.623
0.686
-324.711
0.689
0.806
0.554
200.941
0.720
0.782
0.633
0.834
0.826
-0.087
0.752
0.752
0.639
0.803
0.719
0.592
0.410
0.764
0.882
-344.249
0.865
0.644
0.735
0.693
0.708
0.863
0.654
0.730
0.653
0.784
0.805
0.742
0.635
0.822
0.654
0.779
0.757
0.707
0.819
0.796
0.748
0.814
0.727
0.381
0.813
0.839
0.810
0.375
0.746
0.594
0.853
0.677
0.766
-634.205
0.628
0.832
0.382
0.778
0.650
0.721
-109.150
0.893
-3224.336
0.681
0.167
0.786
0.797
0.748
0.600
0.726
0.683
0.513
0.767
-2809.480
0.857
0.787
0.762
0.767
0.771
0.491
0.849
0.491
200.904
0.646
-3669.229
0.655
0.809
0.691
0.718
0.572
0.773
0.685
0.810
0.475
0.722
0.721
0.812
0.772
0.864
0.678
0.655
0.642
0.787
0.711
0.813
0.819
-539.127
0.692
0.674
0.572
0.740
0.690
0.715
-1449.507
0.534
0.700
0.482
0.592
0.612
0.689
0.848
0.673
0.708
0.779
0.432
0.650
0.414
0.708
0.686
0.825
0.760
0.598
0.659
0.686
0.740
0.605
0.486
0.531
0.749
0.771
-5274.418
0.742
0.571
0.750
0.824
0.346
0.647
0.415
0.651
0.705
0.821
0.659
0.739
0.741
0.401
0.546
-8224.928
0.825
0.721
0.610
0.584
0.344
0.633
0.742
0.836
0.750
0.743
0.737
0.630
0.553
0.711
0.739
-19.320
-124.566
0.889
0.873
0.602
0.814
0.820
0.593
0.443
0.780
0.378
0.796
0.698
0.584
0.666
0.683
0.645
0.802
0.770
0.663
0.777
0.567
0.800
0.861
0.699
0.516
0.651
0.733
0.773
0.573
0.783
0.705
0.408
0.737
0.797
0.751
0.860
0.653
0.823
0.482
0.685
0.552
0.381
0.786
0.613
0.740
0.893
-334.219
0.412
0.519
0.738
0.691
-8054.441
-209.418
0.699
0.633
0.622
-19.386
0.707
0.766
0.516
0.579
0.837
0.432
0.619
0.438
0.624
0.786
0.889
0.803
0.867
0.708
0.775
0.880
0.842
0.692
0.179
0.759
0.732
0.756
0.824
0.495
0.632
-2184.397
0.511
0.529
0.755
0.298
0.701
0.381
0.614
0.779
0.584
0.730
-4029.147
200.948
-34.169
0.667
0.697
0.781
0.812
0.768
-49.198
0.848
0.556
-99.565
0.898
0.867
0.342
0.783
0.579
0.891
0.829
0.576
-1404.843
0.674
0.629
0.558
0.837
0.695
0.689
0.732
0.653
0.526
0.891
0.873
0.869
0.755
0.638
0.735
0.913
0.868
0.517
0.672
0.617
0.793
0.699
0.813
0.765
0.751
0.624
0.672
0.787
0.870
0.463
0.822
0.696
0.759
0.587
0.639
0.785
0.871
0.707
0.870
0.501
0.797
-5739.296
-3339.430
0.599
0.738
0.384
0.545
0.745
0.768
0.650
0.643
0.634
0.657
0.893
0.694
0.696
200.933
-8394.482
0.684
0.751
0.438
0.831
0.808
0.627
0.857
0.567
0.612
0.860
0.672
0.760
0.260
0.749
0.839
0.666
200.940
0.655
0.657
0.600
0.635
0.624
0.605
0.694
0.904
0.786
0.543
0.196
0.580
0.653
0.498
0.840
0.657
-4159.524
0.822
0.750
0.655
0.754
0.672
0.654
0.589
0.511
0.699
0.739
0.678
0.848
0.339
0.749
0.725
0.844
0.458
0.505
0.736
0.600
-2964.386
0.614
0.650
0.763
0.759
0.449
0.585
0.735
0.583
0.809
0.729
0.527
-8979.484
0.183
0.730
0.634
0.699
0.799
0.589
-7219.220
0.653
0.767
0.679
0.676
0.673
0.615
0.717
0.311
-6619.815
0.799
0.358
0.529
0.751
0.666
0.679
0.800
0.464
0.216
0.764
0.419
0.879
-4644.188
0.458
0.839
0.832
0.633
200.945
0.619
0.528
0.498
-7004.526
0.285
0.877
0.495
0.585
-7034.904
0.749
0.515
0.752
0.694
0.874
0.855
0.353
0.462
0.818
0.704
0.688
0.658
0.705
0.538
0.693
0.791
0.588
200.924
0.798
0.835
0.775
0.699
0.761
0.411
0.862
0.562
0.694
0.583
0.564
0.792
0.663
-4.801
0.297
0.651
0.522
0.523
0.335
0.814
0.476
0.757
0.860
0.534
0.422
0.545
0.603
0.487
0.641
-9.278
-874.145
0.549
0.699
0.866
0.543
0.786
0.043
0.807
0.509
0.353
-7509.342
0.653
200.958
0.870
0.712
0.361
0.815
-4.817
-4.285
-159.390
0.658
0.151
0.768
0.596
0.639
0.762
0.526
0.538
0.680
0.469
0.713
0.507
0.665
0.819
0.681
0.576
0.737
0.799
0.571
-4519.518
0.593
0.630
0.530
0.540
0.760
0.527
0.786
0.543
0.739
0.476
0.815
0.723
0.851
0.181
0.556
0.704
0.524
0.596
-0.112
0.733
0.712
0.541
0.806
0.491
0.767
0.840
0.779
0.652
0.793
0.026
0.481
0.675
0.735
-674.266
0.644
0.630
0.575
0.559
0.715
0.572
0.906
0.723
0.726
0.858
0.443
0.780
0.676
0.394
0.802
0.438
0.714
0.793
0.301
0.397
0.720
0.823
0.468
0.561
0.832
0.793
0.669
0.634
0.375
0.570
0.658
0.300
0.731
-9.383
0.780
0.557
-19.416
0.519
0.633
0.703
0.765
0.428
-6649.447
0.618
0.034
0.673
0.510
0.648
0.698
-8689.490
0.650
0.537
0.612
0.555
0.589
0.580
0.653
0.674
0.302
200.952
0.768
0.593
-79.420
0.709
0.729
0.787
0.794
0.247
0.685
0.601
0.637
0.570
0.625
0.360
0.321
0.456
0.557
0.634
0.790
0.126
0.701
0.637
0.728
0.849
0.855
0.816
0.772
0.620
0.733
0.644
0.763
0.377
0.641
0.726
0.620
0.716
0.435
0.697
0.492
0.805
0.568
0.179
0.721
-5419.362
0.719
-204.553
-24.256
0.824
-309.507
-3724.285
0.468
0.769
-9.354
0.649
0.694
0.662
0.637
0.712
-8979.366
0.746
0.858
0.692
0.823
0.691
0.592
0.687
0.752
0.654
0.779
0.788
0.483
0.475
0.446
0.579
0.684
0.426
0.661
0.698
0.615
200.899
0.702
0.565
0.173
0.677
0.485
0.694
0.615
0.530
0.680
0.601
0.546
0.777
0.756
0.738
0.627
0.713
0.444
0.721
0.532
0.210
0.854
200.935
0.568
0.505
0.713
0.436
0.629
0.876
-8189.647
0.503
0.899
0.762
0.683
0.782
0.706
-8394.670
0.271
0.469
0.674
0.577
0.368
-3359.571
0.571
-1459.423
0.771
0.490
0.775
0.667
0.745
0.715
0.519
0.873
0.452
-7380.060
0.551
0.488
0.738
-5914.632
0.711
0.679
0.848
0.758
0.734
0.750
0.015
0.767
0.815
0.469
0.717
0.501
200.948
0.718
0.572
0.763
0.521
0.564
0.619
0.708
0.796
0.685
0.907
0.816
0.372
0.831
0.701
0.429
0.605
0.745
0.557
0.845
0.819
0.652
0.665
0.473
-19.629
0.528
0.773
0.646
0.795
0.451
0.663
0.695
0.526
0.759
0.690
0.175
0.584
0.331
0.508
0.521
0.805
0.522
0.502
-5694.373
0.522
0.518
0.347
0.555
0.791
0.464
0.319
0.538
-19.579
0.758
0.837
0.406
0.682
0.529
0.167
0.578
0.601
0.662
0.877
0.534
-3364.391
0.696
0.602
0.541
0.542
0.322
0.520
0.805
200.935
200.947
0.297
0.748
0.546
0.463
0.584
0.421
0.587
0.781
0.724
0.786
0.804
0.731
0.697
-14.346
0.675
0.077
0.583
0.605
0.460
0.560
0.749
-0.234
0.800
0.375
0.551
-5959.330
-19.130
0.780
0.335
0.507
0.896
-4159.489
-4104.708
0.537
0.465
-9204.529
0.399
0.468
0.820
0.549
-1304.773
0.662
0.725
0.814
0.717
0.680
0.255
-6605.324
0.561
0.592
0.595
0.706
0.769
0.795
0.352
0.253
0.146
0.444
0.575
0.557
0.652
0.762
0.187
0.568
0.561
0.696
0.629
0.758
0.534
0.754
0.536
0.769
0.689
0.653
0.640
-5734.578
0.617
0.742
0.296
0.419
0.039
-39.413
0.751
0.301
0.729
0.419
0.655
0.606
200.926
0.404
-7654.052
0.745
0.537
0.545
0.662
0.755
0.646
0.444
-0.032
0.043
-4769.365
0.552
0.685
0.494
0.442
0.539
0.664
-4.497
-8539.567
0.274
0.810
0.680
0.825
0.797
0.524
0.756
0.594
-7969.239
0.515
0.779
-29.874
0.825
-84.721
0.596
0.756
0.763
0.547
0.726
0.723
0.796
0.698
0.420
-5565.062
0.717
0.379
-954.739
0.540
0.572
-7424.540
0.733
0.348
0.157
-7704.332
0.361
0.327
0.789
0.719
0.621
0.618
0.270
-9279.449
0.668
0.399
0.139
0.451
0.580
0.532
0.640
0.563
0.598
0.512
0.408
0.549
0.648
-0.155
0.708
0.630
0.563
-179.531
0.600
0.554
0.823
0.787
0.039
0.454
0.870
0.299
0.404
0.635
-9.640
0.354
0.393
0.518
0.663
0.577
0.087
0.053
0.550
0.797
0.455
0.737
0.505
0.820
0.614
0.692
0.631
-7129.475
0.524
0.498
0.660
0.816
0.711
0.823
0.363
-0.152
0.788
0.804
0.568
0.676
0.552
0.598
0.689
0.727
0.731
0.355
0.349
0.534
0.392
0.645
0.619
0.269
0.708
0.696
0.663
0.866
0.761
0.704
0.547
0.750
0.535
-8029.524
0.576
0.662
0.813
0.704
0.684
0.033
0.652
0.547
0.644
0.741
0.483
0.755
0.753
0.503
0.779
0.646
0.834
0.395
-0.066
0.645
0.785
0.656
0.786
0.800
0.355
-0.045
0.491
0.691
-479.538
-7189.405
0.768
0.279
0.739
0.788
0.682
0.609
0.626
0.861
0.540
0.661
0.392
0.630
0.218
-129.611
0.637
0.559
0.225
0.735
0.559
0.522
0.735
0.624
0.723
0.457
0.392
0.312
0.825
0.615
0.631
0.776
0.429
0.416
0.666
0.572
0.647
0.030
-0.160
0.745
0.407
0.436
-29.740
0.533
0.320
0.512
0.284
0.467
0.342
0.580
0.788
0.338
0.771
0.816
0.538
0.509
0.897
0.604
0.627
0.441
0.563
0.135
0.407
0.695
0.533
0.873
-0.512
0.327
0.392
0.731
0.584
0.512
0.416
0.386
0.412
0.204
0.602
0.567
0.642
0.790
0.567
0.644
0.464
0.460
0.696
0.740
-14.546
0.404
0.673
0.442
0.079
0.289
0.532
0.608
0.768
0.440
0.841
0.631
0.651
0.795
0.524
0.778
0.611
0.657
0.168
0.595
0.214
0.549
0.377
0.793
0.825
0.647
0.025
0.293
0.546
0.641
0.590
0.670
0.549
0.637
0.637
0.084
0.654
0.556
-6639.340
0.528
0.102
0.487
0.501
0.725
0.802
0.803
0.380
-0.018
0.585
0.549
0.601
0.679
0.627
0.246
0.650
0.735
0.681
0.335
0.430
0.664
0.311
0.611
0.495
0.358
-9.745
0.692
0.613
0.211
0.597
0.393
-0.003
0.678
0.516
0.531
0.700
0.605
0.616
0.085
0.633
0.628
0.501
0.624
0.427
0.590
0.761
0.670
0.683
0.785
0.736
0.793
0.562
0.668
0.802
0.399
0.428
0.753
0.806
0.404
0.509
0.076
0.268
0.719
0.552
0.520
0.589
0.537
0.543
0.743
0.334
0.311
0.532
0.658
0.324
0.614
0.518
0.910
0.661
0.625
0.745
0.526
0.267
0.395
0.308
0.045
-49.842
0.661
0.583
-0.163
0.448
0.554
0.393
0.322
0.424
0.101
0.255
0.686
-179.795
0.547
0.827
-74.516
0.599
0.683
0.280
0.347
0.738
0.776
0.597
0.719
0.292
0.277
0.668
0.429
0.670
0.623
0.500
0.575
0.407
0.432
0.559
0.672
0.826
0.510
0.698
0.637
0.634
0.756
0.803
0.475
0.694
0.511
0.369
0.649
0.828
0.730
0.450
0.415
0.597
0.574
0.687
0.444
0.821
-7545.050
0.367
0.378
0.641
0.490
0.381
0.569
0.756
-1704.438
0.227
0.361
0.381
0.680
0.582
0.232
-7309.585
0.338
0.796
0.806
0.702
-0.087
0.042
0.531
0.223
0.177
0.779
0.636
-519.360
0.625
0.590
0.257
0.356
-0.230
0.604
0.697
0.726
0.395
0.373
0.556
0.511
0.646
0.700
0.639
0.771
-559.161
0.728
0.834
0.573
0.522
0.054
0.512
0.717
0.271
0.366
0.013
0.692
0.696
0.436
-4324.343
0.626
-124.742
0.480
0.662
0.757
0.334
0.859
0.817
0.673
0.551
0.420
0.696
0.671
0.658
0.674
0.733
0.691
0.417
0.658
-4069.901
0.597
0.587
0.518
0.386
0.663
0.468
0.609
0.401
0.798
0.473
0.654
0.500
0.479
0.025
0.727
0.689
0.519
0.488
0.546
0.547
0.568
0.664
0.508
0.710
0.451
0.527
0.741
0.765
0.578
0.703
0.679
0.474
0.647
0.661
0.680
0.688
0.240
0.816
0.610
-3974.428
0.634
0.184
0.672
0.080
0.522
0.466
0.436
0.490
-3874.222
0.703
0.602
0.870
0.645
0.715
0.700
0.189
0.217
0.607
0.115
0.485
0.807
0.161
0.709
0.542
0.425
0.405
-4.537
0.483
-0.046
0.345
0.235
0.673
0.548
0.714
0.430
0.723
0.565
0.867
0.299
0.786
0.732
0.770
0.549
0.522
0.234
0.180
0.334
0.495
0.751
0.768
0.667
0.491
0.519
0.554
0.831
0.341
0.687
0.312
0.476
0.654
0.589
0.455
0.731
0.540
0.747
0.104
0.503
-10299.203
0.442
0.248
0.058
0.480
0.063
0.687
0.684
0.182
0.630
0.667
0.521
0.365
0.495
0.450
0.666
0.329
0.459
0.659
0.578
0.435
0.855
0.420
0.509
0.435
0.327
0.490
0.560
0.519
0.064
0.345
0.461
0.624
0.118
0.838
0.394
0.652
0.805
0.511
0.310
0.356
0.741
0.307
0.260
0.572
0.456
0.653
0.272
0.041
-0.294
0.818
0.535
0.718
0.370
0.590
0.195
-159.472
0.541
0.429
0.584
0.418
0.655
0.430
0.397
0.289
0.502
0.324
0.690
0.482
0.454
0.435
0.327
0.562
0.603
0.504
-8564.609
0.703
0.335
0.585
0.330
0.658
-39.401
-2879.342
-0.305
0.612
0.375
0.596
0.466
0.404
0.665
0.244
0.528
0.694
0.642
0.548
0.429
0.374
0.573
0.760
0.558
0.639
0.185
0.863
0.541
0.708
0.109
0.499
0.440
0.845
0.212
0.078
0.438
0.699
-5029.605
0.596
0.434
-24.282
0.729
0.500
0.235
0.237
0.613
0.741
-0.580
-884.557
0.281
0.314
0.532
0.482
0.677
0.327
0.290
0.372
0.638
0.263
0.252
-0.704
0.512
0.726
0.277
0.223
0.743
0.284
0.529
0.642
0.516
0.011
-0.507
0.310
0.456
0.038
0.602
0.586
0.811
0.092
0.604
0.548
0.611
0.537
0.634
0.605
0.316
0.035
0.339
0.770
0.786
0.518
-0.140
0.723
0.633
0.753
0.737
0.559
0.534
0.090
0.686
0.693
0.732
0.310
0.655
0.489
0.471
0.511
-7624.787
0.618
0.544
-1.830
0.627
0.462
0.629
0.101
0.573
0.625
0.829
0.268
0.479
0.577
0.561
-11564.414
0.804
0.502
0.198
0.012
0.740
-0.089
0.739
0.250
0.412
0.469
0.464
0.653
0.371
0.039
0.472
0.290
0.168
0.566
0.590
0.542
0.349
0.322
0.423
0.218
0.513
0.882
0.055
0.324
0.651
-0.095
0.438
0.444
0.425
0.649
0.275
0.312
0.553
0.707
0.622
0.120
0.647
-9254.602
0.468
0.406
0.188
0.400
0.708
0.486
0.436
-9664.820
-5614.880
0.450
0.519
0.370
0.495
0.216
0.336
0.743
0.338
-0.042
0.458
-8814.746
0.457
0.467
0.464
0.245
0.288
0.240
0.362
0.397
0.348
-134.335
0.521
0.535
0.421
0.517
0.611
0.488
0.364
0.893
0.200
0.792
0.799
0.416
0.547
0.550
0.356
0.630
0.455
0.329
0.531
-0.206
0.474
0.641
0.344
0.156
0.755
0.135
-3874.719
0.708
0.381
200.957
0.455
-24.674
0.569
0.177
0.154
0.428
0.847
0.227
-44.836
0.387
0.830
0.169
0.332
0.622
0.518
0.740
0.342
0.166
-1294.122
0.436
0.722
0.803
0.412
0.470
0.238
0.502
0.653
-9305.272
-1659.479
0.453
0.750
0.619
0.275
0.593
0.197
0.743
0.444
0.155
0.233
-0.154
0.461
0.366
0.491
0.302
0.745
0.452
-0.144
0.690
-0.063
0.590
0.346
-0.100
0.488
0.324
0.398
0.422
-64.996
0.676
0.273
0.431
0.340
0.866
0.527
0.532
0.398
0.659
0.366
0.543
0.699
0.423
0.188
0.555
0.539
0.125
0.206
0.236
0.027
-0.559
0.503
0.666
0.363
0.345
0.307
-0.069
0.347
0.363
0.330
0.554
0.202
0.411
0.652
0.684
0.459
0.145
0.459
0.187
0.496
0.348
0.321
-4143.970
0.343
0.348
0.472
0.718
0.511
0.409
0.411
0.601
0.488
0.388
0.086
0.403
0.420
0.323
-5689.720
0.499
-0.433
0.582
0.469
0.235
0.613
-0.600
0.271
0.108
0.259
0.569
0.456
0.604
0.527
0.621
0.559
0.473
0.333
0.514
0.329
0.591
0.675
0.693
-0.023
0.697
0.667
0.314
-199.839
0.291
0.660
0.427
0.658
0.493
0.459
0.215
-0.150
-0.052
0.501
0.277
0.380
0.266
0.463
0.519
0.195
0.665
0.085
-0.315
0.085
0.161
-0.192
0.656
0.839
0.643
-11434.869
0.539
0.366
-349.465
0.191
0.560
0.708
0.081
0.751
0.748
0.420
-0.138
0.575
0.455
0.199
0.766
0.160
0.507
0.763
0.038
0.294
0.219
0.372
0.641
-0.094
0.788
0.556
-2969.828
0.366
0.391
0.595
0.364
0.643
0.620
-0.224
-24.905
0.731
0.121
0.396
0.815
0.311
0.383
0.614
0.422
0.477
-524.901
0.331
0.548
0.262
0.782
0.302
0.264
0.660
0.376
0.514
-20.394
0.620
0.557
-0.135
0.139
-0.504
0.456
0.427
0.260
-0.000
0.157
0.358
0.338
0.482
0.228
-0.021
0.100
0.487
0.090
-0.027
-0.303
-0.038
-0.438
0.641
0.568
-0.007
0.252
0.477
0.114
0.508
0.207
0.348
0.217
-0.253
0.407
0.600
0.631
0.607
0.439
0.229
0.573
0.389
0.260
0.370
0.569
0.289
0.466
-0.280
0.014
0.602
0.460
0.209
0.672
0.441
-3327.067
-0.328
-0.282
0.706
-0.022
-4.945
0.130
0.400
0.551
0.056
0.250
0.378
-0.086
0.215
0.547
0.525
0.166
0.542
0.430
0.708
0.451
-0.290
-0.175
0.321
0.507
0.229
0.667
0.600
-0.527
-244.726
0.348
0.369
0.449
-3339.777
0.459
0.315
0.033
0.422
-0.052
0.650
0.311
-0.019
-0.434
0.358
0.654
0.557
0.312
0.304
0.215
0.218
-0.252
0.846
0.453
0.405
0.611
0.110
0.038
0.599
0.064
0.190
-9.760
0.796
0.422
0.038
0.045
0.316
0.291
0.487
0.472
-0.113
0.496
-0.217
0.295
-0.140
0.743
0.580
0.617
0.603
0.431
-0.011
0.344
0.320
0.298
0.580
0.330
-0.117
0.279
0.010
-6115.122
-0.087
0.676
0.100
0.259
-0.308
0.650
-0.881
0.253
0.380
0.102
0.227
-0.025
0.552
0.423
0.391
0.118
-0.154
-0.530
0.090
0.132
0.152
0.148
0.453
0.243
0.556
0.655
0.348
0.630
0.681
0.552
0.185
0.262
-0.782
0.418
-0.917
0.640
0.138
0.263
-0.121
-6715.089
0.144
-0.606
0.822
0.575
-0.371
0.714
0.376
0.639
0.378
-0.375
-0.187
0.799
-0.029
0.847
0.401
-0.098
0.208
-0.099
-0.230
-0.537
0.280
0.619
0.611
-0.299
-0.069
-0.038
0.153
0.080
-0.139
0.274
0.430
0.663
0.037
0.363
0.198
0.126
0.024
0.777
-0.632
0.428
-0.109
0.266
0.596
0.457
0.138
-719.724
0.404
0.366
0.451
0.472
0.462
0.254
-19.863
0.571
-0.075
0.284
-0.060
-0.017
0.215
0.235
0.524
-0.092
0.054
0.298
0.548
-0.035
0.721
-0.372
0.293
0.521
0.093
0.276
-0.012
0.244
0.206
-24.859
0.424
0.254
0.316
0.634
-0.652
0.139
-0.010
0.577
-0.116
-0.492
0.450
0.583
-0.008
0.055
-0.150
0.373
-0.085
0.357
-0.138
0.286
0.274
0.310
0.430
0.700
-0.108
0.653
0.185
-0.360
0.068
0.104
0.201
0.152
0.168
0.455
0.041
0.426
0.203
0.153
0.268
0.408
0.623
0.124
-0.043
-0.018
0.046
0.542
0.091
0.617
-0.091
0.472
0.116
0.443
0.233
-0.173
0.482
0.123
0.477
-0.631
0.294
0.790
-0.852
0.191
-0.193
0.015
-0.021
-0.039
-4235.151
0.431
0.453
-0.141
-0.280
-0.020
0.427
0.519
0.396
0.609
-0.024
0.667
-0.118
-4205.260
-0.012
-0.312
0.598
0.027
-0.023
0.495
-0.317
0.621
0.258
-0.061
0.463
0.678
-0.550
-0.566
-1.759
0.904
0.615
0.001
0.589
0.636
-0.484
-0.486
0.604
0.020
0.469
0.533
0.431
-1.414
0.501
-0.468
-16.647
0.261
0.116
-0.119
0.395
-0.068
-0.068
0.432
0.302
0.322
-0.651
-90.173
0.385
0.175
-0.639
-0.036
-0.083
0.606
0.575
0.168
0.528
0.050
-0.006
0.028
0.340
0.426
0.085
0.487
0.162
0.170
-0.125
-0.263
-0.012
0.222
-0.770
0.504
0.437
-0.295
0.528
-0.037
0.309
0.422
-0.075
-0.004
-0.175
0.277
0.444
-0.111
-0.495
0.432
-24.634
0.108
-0.033
0.024
-0.101
-0.288
0.396
-0.044
-0.210
0.579
-0.292
0.443
0.324
0.311
0.288
0.085
0.218
0.706
-10.082
0.205
0.614
0.112
0.504
0.005
0.328
0.393
-0.052
-0.029
-0.345
-0.368
-0.314
0.321
0.393
-12091.917
0.145
0.014
-0.125
0.275
0.174
-0.493
0.395
-0.285
0.259
-0.884
0.267
0.319
0.454
-0.061
0.223
-0.750
0.548
0.375
0.537
-0.120
0.369
0.148
0.829
-0.732
-0.343
-54.403
0.275
0.204
0.601
0.133
-524.873
-0.399
0.009
-0.115
-4510.079
0.114
0.105
0.229
0.056
0.274
-0.279
-0.185
-0.006
-0.894
0.499
0.345
-7295.334
0.138
0.595
-9.881
0.033
0.260
-8309.939
-0.321
-0.033
-0.578
-0.241
-239.934
0.626
-0.705
0.296
0.516
-0.317
0.289
0.730
0.643
-0.013
0.562
0.792
-0.278
0.424
-0.056
0.081
0.219
0.456
0.497
0.081
-0.456
-0.307
-0.238
0.446
0.259
-0.022
-1.367
0.652
0.202
0.415
0.065
0.348
-0.208
-144.818
-0.547
-0.259
0.608
0.449
0.783
0.254
0.463
0.515
-0.022
-0.243
-1.223
-189.967
0.170
0.174
0.065
0.112
-0.896
0.374
0.286
0.376
0.299
0.211
0.360
0.467
-0.940
-0.488
0.303
0.280
-0.348
-740.075
0.329
-0.080
0.159
-0.258
0.004
-0.303
0.688
0.457
0.172
0.859
0.018
-0.821
0.190
0.142
0.603
0.371
0.322
-1659.841
0.205
0.330
-0.333
-0.119
-0.225
-0.500
-0.139
0.280
0.257
0.128
0.225
0.309
0.716
-1659.418
-0.581
-0.205
-0.353
0.393
0.324
-0.467
0.232
-0.185
-0.223
0.460
0.594
-0.676
0.118
0.150
-0.259
0.570
0.677
0.339
0.258
0.175
-0.744
-0.184
-0.020
-0.163
0.265
0.073
-0.037
-1690.306
-0.655
-850.604
0.609
0.151
0.392
-0.352
-0.079
-6574.840
0.577
-0.173
0.228
0.094
0.547
-1973.308
-1.318
-0.404
-0.047
-10369.972
-0.225
-1.378
0.033
-0.321
0.616
-0.484
0.078
-0.466
0.134
0.417
0.293
-0.683
-0.436
0.313
0.303
0.096
0.122
0.341
0.426
0.119
0.277
-0.588
0.502
0.577
-709.464
-0.995
-0.861
-0.624
0.063
-0.683
0.037
-6629.859
-0.006
-0.240
-0.509
-0.113
-0.043
0.315
0.298
-0.221
-660.307
-0.099
-0.166
-0.095
-9120.672
-0.177
-0.425
-0.118
-0.251
-7280.602
-1.273
0.259
-9999.861
0.508
-0.067
0.259
-0.037
0.549
0.309
-0.167
0.409
-194.913
0.399
-0.183
0.218
0.524
0.057
0.241
0.264
0.779
-0.923
-0.327
-0.691
0.490
0.364
-0.556
0.168
-0.090
0.297
0.019
-0.474
0.374
0.404
-0.404
0.229
0.401
0.412
0.258
0.502
-0.625
0.429
0.076
0.140
0.384
0.016
-0.301
-1.426
-0.835
-0.549
-12390.671
0.314
-1.029
0.391
-0.169
-0.678
-0.702
-0.881
-0.352
0.000
-1.052
-0.418
-0.817
-59.954
0.186
0.182
-4025.614
0.024
0.392
0.183
-0.517
-0.430
-0.405
-0.058
-0.136
-0.385
0.189
0.804
-0.177
0.415
-0.008
0.241
-0.442
-11864.860
-1.443
-0.054
0.048
0.381
-0.763
0.247
0.233
-0.199
0.805
-0.262
-0.009
0.375
0.537
-0.164
0.228
0.429
0.326
0.375
-0.401
0.038
0.156
0.222
-0.181
0.494
0.438
-8115.928
0.018
0.122
-0.435
0.295
0.032
-1211.561
-0.466
0.326
-1.221
0.237
-0.064
-0.596
-0.021
-935.526
-1.464
0.001
0.353
-0.489
0.262
0.227
-0.167
-0.317
-0.910
-0.050
-0.212
0.301
-1.127
-0.874
-0.096
-0.281
-0.251
-0.059
-5.412
-0.359
-0.101
0.384
-0.192
-0.252
-0.413
-0.524
-0.437
-0.221
0.593
0.198
0.201
0.300
0.429
-0.652
-0.102
0.554
-0.255
-1.024
0.275
-0.755
-181.017
0.491
-0.374
-0.920
0.089
-0.014
-0.441
-0.046
-0.468
0.068
-0.993
0.233
0.118
0.608
-1.376
-0.472
-0.622
0.277
0.324
-0.198
-0.176
-0.560
0.140
-0.284
0.681
0.294
-0.118
-0.074
-6305.036
-0.621
0.443
-0.794
0.160
-0.426
0.031
-0.938
-1.925
-0.416
0.155
-0.304
0.223
-0.843
-0.384
-1.665
0.233
0.136
0.218
0.015
-0.401
0.472
-1.538
-70.369
-15030.283
0.165
0.179
0.234
-0.421
0.177
-0.298
0.233
0.268
-0.263
-0.482
-0.172
-0.448
-0.049
0.321
0.520
-0.074
0.199
0.139
-0.010
-0.114
-18724.719
-0.066
-0.806
0.096
-0.264
-0.289
-49.763
0.630
0.088
-65.960
0.368
-0.341
-631.926
0.401
0.367
0.104
0.213
-0.393
-1.067
0.377
0.449
-0.269
-0.439
-0.127
-0.072
0.484
0.023
-1.902
0.189
-0.642
-0.488
-0.476
-0.563
0.198
0.272
0.286
-0.264
0.204
-0.356
-1.240
0.269
0.048
0.505
0.334
-30.184
0.230
0.041
0.057
0.672
0.292
0.042
-0.068
0.205
0.399
-0.999
-0.119
0.372
0.138
-16705.612
-0.432
0.520
0.102
-12482.554
-0.355
-0.327
0.014
0.304
0.150
-1.316
-29.629
-0.711
-0.496
-0.007
0.212
-0.684
-99.680
0.298
-1204.815
-0.041
-0.215
0.324
-0.275
0.322
-0.077
0.540
-2.192
0.498
-1937.094
-2.017
0.091
-0.467
-0.376
0.209
-0.473
0.396
-0.557
-0.172
0.205
-0.497
0.311
-1.333
0.105
-0.863
-0.078
-0.085
0.610
-0.724
0.181
0.002
-1.102
0.451
-1.284
-0.660
-22058.805
0.640
-0.453
-0.467
-0.058
-169.829
-0.104
0.637
-0.019
-0.972
-0.575
-0.412
-13015.948
0.421
-0.484
0.177
-0.009
-1380.736
-0.279
0.423
0.284
-0.031
0.513
0.196
-0.479
0.228
0.233
-0.633
-0.439
0.047
0.303
-0.185
0.575
-0.627
-15636.279
0.478
-2.465
-0.306
0.243
0.233
-1.378
-1.604
0.129
-0.386
0.019
0.515
0.395
-0.130
-0.176
0.471
0.488
-0.531
-40.542
-0.382
-0.104
0.072
0.346
-49.637
0.116
-0.210
0.394
0.087
-0.323
-0.409
0.078
0.367
-1.113
0.565
-0.675
0.345
0.183
0.273
-0.045
0.155
0.134
-0.573
-0.428
0.287
0.406
0.629
0.323
0.288
0.526
-0.188
0.568
0.525
-0.064
0.050
-0.622
0.550
-0.027
0.337
-21920.978
0.170
0.087
-0.072
-0.551
-0.582
-0.565
0.232
-0.192
-0.481
0.464
-19269.376
0.682
0.319
0.077
-0.764
-0.708
0.208
-0.084
0.341
-0.098
-231.744
-0.046
-0.626
0.107
0.235
0.151
0.341
0.400
0.725
0.257
0.469
0.272
0.013
0.104
-11419.313
0.083
-0.552
0.362
0.581
-0.272
0.412
0.873
-0.376
-0.515
-1760.380
-0.170
-24008.722
0.803
-0.345
0.711
-0.254
0.262
0.328
-0.019
-0.455
0.437
-0.552
-1.406
-0.124
-0.291
0.762
0.205
-21909.123
-0.550
0.204
0.642
-18917.446
0.606
0.695
-0.603
-0.500
0.094
0.353
0.301
0.311
0.370
-0.979
-0.664
-0.141
-0.292
0.491
-0.285
-0.072
0.135
0.483
0.150
-0.187
-0.721
-0.202
0.420
0.213
0.072
-0.605
0.430
-0.369
0.605
0.655
-1.925
0.191
0.485
-0.938
-1.064
-0.606
0.426
0.561
-6946.603
-0.146
-0.945
0.228
0.364
0.169
-0.340
0.198
-0.191
-1260.070
0.424
-13154.082
-0.071
-1.130
-0.391
-15637.555
0.321
-0.005
0.538
-1.081
0.174
0.315
0.588
-0.489
-0.026
0.222
-0.941
0.215
-3.491
0.609
0.267
0.156
-0.102
0.782
-0.035
0.653
-0.479
-1.412
-0.564
-0.211
0.576
-0.723
0.081
0.098
0.254
-1.121
0.710
0.293
0.085
0.167
0.513
-0.305
-0.767
0.327
0.156
-0.123
0.510
-0.243
0.580
-21039.227
0.129
-0.987
-0.339
-13161.013
0.343
0.802
-0.922
-19949.046
0.401
-0.092
0.204
-23804.954
-0.467
-0.446
0.510
0.450
-0.346
-0.199
-71.134
-25524.979
0.449
0.214
0.081
-1.009
-0.181
-1.285
-0.470
0.087
0.104
-0.403
0.747
0.288
0.431
0.644
-1.261
-0.400
-0.107
-6309.507
-0.038
-0.894
0.591
0.067
-0.318
-0.030
-37548.654
0.698
-0.186
-1.317
0.221
-0.454
0.373
-0.923
-15667.945
0.086
-0.892
-0.455
-0.763
0.449
-0.085
0.602
-23763.168
0.570
-1875.789
-15.666
0.453
-0.393
0.459
-21133.282
-5084.723
-3626.659
-22443.470
-0.024
0.029
0.354
0.626
0.495
0.497
0.291
-22642.842
0.269
-0.569
-0.091
0.048
-25.707
-0.391
0.678
-22722.049
-0.361
-1.465
-0.225
-1.667
-14974.956
-0.557
-21825.896
0.568
-0.033
-1.097
-25991.761
-23775.965
-0.304
0.588
-24954.361
-33504.349
0.375
-17518.227
0.493
0.407
0.223
-41524.798
0.513
0.260
-0.103
0.620
0.375
0.158
-0.044
0.113
0.360
-28763.079
0.371
-40520.430
-24708.884
0.176
0.478
0.096
-0.181
0.020
-28870.427
200.931
-0.591
0.765
0.414
-1.064
0.349
-0.009
-23950.770
-30283.102
0.431
-23672.340
-0.607
0.367
0.624
0.230
0.659
-1.195
-16497.512
-0.086
-0.234
-24019.995
-0.783
0.006
-0.758
-0.210
0.385
-26767.137
0.547
-21315.480
-14546.031
-30424.896
0.775
0.535
-30508.837
-21879.607
0.382
-0.591
-28516.967
0.701
0.653
0.247
0.165
0.274
0.577
-0.013
-22141.856
0.738
0.598
-27892.870
-29811.487
0.713
0.646
0.633
-0.139
-0.082
-43154.379
0.206
0.042
-0.040
-9.734
-31499.063
0.834
-36086.640
-26154.607
-0.333
-35003.369
-7204.638
-0.381
0.159
0.380
-26916.426
0.513
0.133
-0.350
-0.110
0.185
0.152
0.405
-26269.526
0.348
0.307
0.059
0.287
-0.004
-27374.941
0.191
-26196.849
-1.157
0.713
-41966.434
-34596.328
-32866.655
0.635
0.245
-28347.958
-23231.957
-33210.797
0.589
-26656.806
-0.791
-0.280
-21662.417
-28697.932
-21239.139
-1.106
0.374
-27783.700
0.472
0.670
-22536.543
-33333.171
-26464.532
-0.002
-0.186
-25163.102
0.432
0.278
-0.192
0.809
-23770.630
-754.288
-28593.129
-6666.878
0.275
-23111.906
0.628
0.725
0.338
0.491
-0.154
-0.188
-22091.588
-9010.668
0.564
-25670.575
-14599.077
0.062
-36941.005
0.221
-1.307
-28946.436
0.399
0.706
0.598
-0.121
0.565
0.484
-0.620
-28949.230
-26517.204
-0.118
-1.060
0.641
-0.392
-40548.706
-17134.603
0.459
0.843
0.183
0.057
0.225
-32041.704
0.448
0.462
0.219
0.623
0.599
-42097.759
-11.040
-37048.221
0.355
0.461
-45.938
-22285.670
-70.892
-0.823
0.327
0.598
0.564
0.389
0.726
0.181
0.179
0.533
-14.613
0.194
-13660.069
0.321
-0.557
-1.713
0.482
-37045.215
-0.311
-27261.666
-1.403
-36144.919
-30530.773
0.598
-0.586
0.029
-0.070
-22101.517
-0.420
-1.652
0.554
-1.220
-32950.253
0.429
-40752.534
0.497
-0.805
-29458.678
-0.283
-26565.821
-22601.399
-10.174
0.705
-42059.330
-20072.114
0.273
0.124
0.709
-32143.867
0.002
0.730
0.332
-0.497
-42203.726
-23880.234
0.293
0.518
0.555
-0.048
-0.059
0.629
-41594.011
0.077
-0.318
-33510.123
-0.229
-39553.318
0.504
-0.392
-42018.032
0.319
0.421
0.178
-44201.754
-0.230
-26024.559
-0.126
-31849.496
-31382.824
-30880.579
0.184
-38235.566
0.170
-36959.472
0.558
-21907.958
-37691.441
0.723
0.498
-0.563
0.785
0.164
-33273.887
0.591
-38432.857
-26836.895
-32171.961
0.056
-43948.271
-38021.550
0.647
-21147.168
-31355.534
-0.833
-0.969
-41963.245
-43288.079
-26477.632
-48684.619
0.605
-3604.845
0.584
-39040.723
-0.400
0.029
-0.208
-0.027
-37313.024
-40222.706
-34957.582
0.584
0.317
-43226.250
-19695.701
-37579.299
-12243.141
-42090.693
-104.429
-21296.673
-29955.953
0.542
0.353
0.776
0.868
-18205.388
-26538.112
0.338
-28124.877
0.414
-34755.393
0.674
-24996.562
-24036.076
-0.292
-33021.787
0.105
-42618.367
0.024
0.671
0.114
0.344
0.432
0.666
-31839.829
-20616.992
-25996.593
0.437
-24608.778
-34022.311
0.231
-40080.043
-35403.443
-45430.280
-25155.896
0.351
0.291
-23192.042
-29607.629
-26291.888
-2.025
0.555
-0.550
0.359
0.646
-1.208
0.262
0.769
0.043
0.263
-0.069
-28341.140
-39646.243
-30304.295
0.548
-30096.346
0.621
0.238
0.755
-47839.172
0.460
-0.413
-0.092
-4335.328
0.623
-25361.972
-42322.447
-0.940
-14639.298
0.038
0.513
0.471
-1.695
0.239
-35394.421
-0.226
-50702.847
0.393
-31463.191
-27782.187
-47664.424
0.002
0.196
-48526.883
0.367
0.438
-0.361
0.636
-0.092
-39178.511
0.782
-32953.126
-20705.275
0.418
-26137.283
-38762.863
0.789
-24078.829
-0.304
-0.152
-51041.849
-50234.711
0.102
-29393.591
-32766.683
-46115.426
-34488.965
-0.363
-1.725
0.349
-1844.884
-0.250
-27771.466
-0.856
-0.119
0.195
0.359
-33314.500
-31826.464
0.387
0.123
-44615.445
-0.037
-294.760
-25822.275
-0.115
-16726.931
-44452.712
0.204
-0.083
-41135.283
-28467.185
-9089.442
0.362
-47271.245
-33631.938
-44681.778
-27409.183
-42073.284
-46264.873
-38668.008
0.604
-0.047
-38961.467
0.030
0.301
0.519
0.692
-0.323
-41419.621
-41472.397
0.027
-35746.913
-0.027
-0.161
-45662.958
-42775.614
0.552
-42215.048
-28807.181
-0.282
-0.099
-42285.904
0.412
-27763.827
-28255.792
0.107
-23745.898
0.184
-0.508
-0.147
0.099
-34184.819
-0.651
-35718.001
-29907.863
-26929.785
0.127
-37747.865
-0.213
0.523
-36601.734
-39231.112
0.637
-0.083
-15960.055
0.280
-17587.490
-0.676
0.244
-32572.534
-32967.720
-47260.960
-29343.151
-0.268
-0.101
0.607
-22303.660
-29460.251
-32835.849
0.195
0.259
-45759.504
0.593
-12535.173
0.183
0.097
-1.162
-25667.470
-13914.438
-35857.224
-14609.478
-1.622
-0.495
0.347
-49366.782
-31628.815
-0.094
-43234.816
0.278
-36312.602
-37167.556
-0.206
-0.422
-58472.281
-24071.809
0.483
-41724.331
-22891.690
0.591
0.189
-0.220
-32070.731
-5335.145
-34439.573
-0.272
0.202
0.480
-1.497
-41192.415
0.333
-0.041
-28363.713
-21139.771
-0.740
0.261
-45225.975
-18696.689
-21591.761
-23771.026
-30768.757
-0.312
0.370
0.009
-14.807
-46913.909
0.573
-25062.778
0.379
-41918.239
-29107.822
-1.170
-1.059
-4505.148
0.015
0.167
-1.046
0.486
0.017
-781.310
-0.232
-0.502
-38062.172
0.510
-0.663
0.430
0.110
-39145.548
-1.416
-47822.383
-20755.040
-0.311
-29508.356
-12925.306
-0.286
-27690.941
-32545.199
-36202.666
0.477
-48086.570
-42282.981
-0.070
0.308
-0.474
-45551.675
-0.235
-31937.002
0.074
-39541.144
-574.306
-39186.753
-30890.030
-0.028
0.203
-25129.860
-45684.746
-0.773
-33020.051
-1.307
-26574.417
-8582.957
0.653
0.193
0.396
0.497
0.169
-0.249
0.307
0.077
-41474.064
-4.654
-24065.672
0.370
-35157.851
-24237.533
-0.364
0.606
-15.715
-33565.239
0.253
0.693
-21196.191
0.435
-141.192
-18665.166
0.289
-0.221
0.111
0.228
0.838
-0.316
0.341
0.142
0.061
-23374.363
-28192.872
0.337
-12173.000
-19866.336
-36804.578
0.284
-23258.038
0.065
-0.436
0.301
-0.285
0.161
-31620.724
-23154.411
-30794.186
-0.090
-26412.392
-0.216
0.620
-0.531
-0.491
-23415.711
-0.932
0.110
-0.105
-0.162
-15110.888
-0.298
-26735.079
0.267
0.368
0.023
-0.514
-0.126
0.372
-29635.627
-29512.981
0.274
-0.101
-17292.441
0.273
-0.181
0.428
0.386
0.727
0.434
0.256
-1.280
0.255
-29893.094
-26904.457
-34509.602
0.214
-19520.813
0.415
-27473.424
0.040
-0.767
-18582.475
-20989.252
-30363.419
0.316
-37184.122
-22541.999
-27969.106
0.313
-24763.463
-0.320
-24705.771
0.554
-25492.081
-54.978
-32417.750
-42079.397
-31248.417
-28851.204
-22429.956
-43561.533
-0.253
-0.208
-0.137
0.836
-36613.017
-119.687
-28787.581
-20945.624
-0.124
0.717
-0.615
-15152.542
-31997.390
-50227.720
-0.954
0.355
-31757.880
-36557.332
-29067.997
-9465.414
-0.544
0.460
-48011.259
-0.882
-25654.170
0.580
-21376.973
0.317
-33247.541
-0.494
-25731.477
0.555
-23001.564
-25502.246
-621.126
-28584.816
-20293.163
-20743.502
-24808.778
0.335
0.399
0.518
0.058
-37695.363
-32455.485
-23103.639
-25244.760
0.284
-20192.797
-38120.557
-29189.633
-25056.508
0.048
0.741
-20726.381
0.260
-25955.601
0.545
-38277.516
0.024
-0.691
-28689.737
-34.699
-2.184
-15149.745
0.375
-34454.842
-22610.508
0.334
-14868.061
-45257.956
-42740.185
-29070.480
0.149
0.041
-0.442
-35016.817
0.121
-25401.203
-16544.695
-28743.069
-0.472
-30131.790
-29970.432
-21873.750
0.509
-43272.699
0.403
-0.714
0.474
0.364
0.347
-25838.123
0.061
-17376.739
-0.133
0.182
-20038.231
0.656
-34258.328
0.398
0.399
-28745.321
-24176.705
-23930.711
0.278
-32053.860
-47483.602
0.558
-28971.894
-33085.869
-28417.719
-17199.614
0.274
-25260.979
0.142
-24269.354
-0.086
-37007.389
-0.432
-25755.464
0.137
0.669
0.567
-30465.007
-42697.606
-0.296
-20445.628
-44858.052
0.451
0.376
-1.096
-34111.053
-41374.197
-30114.045
-36024.827
-33852.401
-38070.245
0.097
0.023
-31203.332
-26148.215
-0.395
0.001
-0.299
-26794.107
-47499.507
-16065.642
-0.712
-39480.146
-27151.780
0.116
-41724.237
-21850.459
-30887.404
0.486
0.352
-0.125
-21889.072
-22488.866
-33249.160
-0.132
-34876.550
-25914.354
-28628.271
-31665.278
-33051.163
0.345
0.444
-43211.012
-31188.242
-43625.315
0.493
-0.063
-0.291
0.726
-26117.925
0.254
0.280
-30051.102
-29753.764
-26540.613
-21881.491
-26892.468
-27904.398
-41822.339
0.107
-30788.744
-31205.458
-28628.028
-41842.035
0.516
-29954.609
-32163.745
0.195
0.006
-26564.020
0.661
0.015
0.262
-21422.336
-29464.034
-32137.117
0.361
-34200.034
-20860.168
-32643.211
-21929.659
0.288
0.540
-42309.152
-27231.813
0.064
-16238.260
-0.127
-22703.650
-27322.786
-32037.339
-25655.451
-22962.700
-33631.191
0.494
-16502.908
-36438.392
0.564
-32340.668
0.453
-21756.510
-34344.191
-41180.106
-1.314
-39024.702
-31895.472
-39577.990
-33950.243
0.379
-21234.027
-21606.685
-32597.920
-33033.930
0.707
0.249
-24224.585
-15075.539
-24870.446
0.553
-249.669
-27981.303
-37026.879
-30346.715
-24443.473
-0.388
-35258.692
-28337.832
-0.957
-16189.874
-32114.564
-48326.124
0.449
-624.528
-20595.890
-37799.680
-15086.699
-35189.461
0.595
-0.183
-35683.406
-33821.333
0.243
-22290.541
-22317.919
-19914.643
0.301
-23567.744
-33400.163
-27888.873
-30049.128
-24883.525
-0.350
-25157.302
-29032.450
-19918.825
0.326
-23704.586
0.145
-16675.038
-18618.192
0.185
-32542.820
-29007.484
-31559.833
-0.766
-0.255
-26887.320
-23615.971
-24365.655
0.212
0.651
0.179
-10.156
-0.013
0.442
-41833.957
-0.025
-33541.431
-0.896
0.093
-2011.183
-35311.204
-329.910
-20245.952
0.568
-11.530
-23296.196
-38363.496
-0.161
-0.259
-27569.284
-34877.109
-31425.631
0.469
0.476
0.688
-25705.704
0.746
-23928.072
-0.108
-0.523
-25807.744
-48422.680
-0.492
-40663.310
-38722.815
-31382.831
-39346.369
-20520.086
-19782.003
0.319
-30113.360
-30821.369
-27239.893
-41685.522
-26998.954
-37264.415
-13898.323
-47319.551
-0.065
-45839.798
-19770.222
-34536.352
-29100.305
-22455.150
-22226.506
-15622.072
-22112.371
-32507.193
0.531
-9699.890
-43775.373
-29760.558
-0.247
-30113.889
-33230.935
-29958.917
-0.141
-29941.507
-33538.308
-19614.511
0.019
-20250.198
-26268.028
-34402.206
0.228
-33702.116
0.045
0.387
-35908.755
-4105.233
-26064.953
0.287
-14809.960
-20839.607
0.204
-33578.452
-15812.619
0.067
0.209
-37298.236
-22467.539
-26733.261
-21021.990
-20623.978
-44657.038
-16016.914
-38490.965
-21756.132
-0.380
-39715.298
-31969.856
-20462.070
-43920.390
-23212.495
0.494
0.477
-25055.312
-36695.913
-0.410
-31777.845
-27819.244
-36559.939
-695.307
-0.005
-21880.087
-26367.899
0.242
-15511.992
-0.128
-27257.566
-32396.932
-27441.476
-0.169
-32966.241
0.183
0.268
-0.096
-12690.010
-46601.761
0.482
-12886.558
-19698.689
0.036
-22732.900
-31468.682
-0.184
-27812.562
0.380
0.479
-0.322
0.522
-36883.110
-0.507
0.317
0.247
-17468.958
-0.043
0.413
-24757.982
-26007.955
-23520.767
-21928.906
-28833.868
0.140
-19386.459
0.549
-14004.736
-0.258
-17641.364
-12392.003
-18028.470
0.748
0.431
-21892.475
-28973.765
0.344
-49688.040
-24.682
-43285.903
-47911.196
-0.061
0.040
-49426.862
-0.801
-30389.385
-0.082
-0.467
-26300.708
-15072.389
-9880.831
-23265.851
0.515
-0.475
-23606.945
-15659.954
-23405.985
-36928.348
-21876.184
0.431
-31715.759
-0.337
-27034.537
-21375.328
-26778.261
-39766.551
-14955.468
-0.313
0.110
0.054
-119.664
0.550
0.185
-0.157
-24823.929
-0.522
-0.463
0.386
-24.727
-94.874
-0.160
0.059
0.251
0.133
-500.674
-26859.112
-0.981
-0.324
0.086
-23353.932
-2151.503
-16900.200
-2409.720
-5765.657
-66.847
0.664
-43530.009
0.016
0.093
-0.048
-2.150
-0.333
-2.491
0.594
-21350.556
-14409.149
-32265.375
0.473
-23857.101
0.195
0.266
-0.082
-22928.333
-22456.123
-0.463
-0.360
-23261.080
-21579.561
-0.387
0.506
-1.913
-35249.185
-7899.459
-23791.992
-0.071
-25344.623
-27864.246
-41454.188
-29363.749
-40586.408
0.346
-26903.343
-21749.178
-39316.318
0.282
-42031.780
0.085
-20454.276
-0.163
-23255.403
-41028.079
-27205.784
-1.188
-1.189
-25063.896
0.129
0.109
-20329.605
-27406.467
0.300
-0.045
-27837.225
-49364.828
0.052
-35759.991
-30814.332
-49492.209
-23867.289
-39896.684
-28122.839
-45860.956
-36013.794
-34837.912
-51359.580
0.221
-30153.538
-47819.984
-2330.169
-38978.560
-31731.625
-26780.121
0.642
-30.160
-32519.838
0.090
-0.507
-0.130
-35769.884
-26659.124
-37877.126
-28299.178
-0.689
-40350.914
-0.338
0.187
0.719
-3630.593
-27152.254
-33337.902
0.104
-0.904
-32748.038
-0.028
-34277.933
-15341.641
-34894.161
-1.394
0.247
-0.739
0.160
0.006
0.387
0.488
-34998.443
0.218
0.513
-0.042
-0.492
-5209.890
0.338
-23538.117
-0.202
-41045.454
-0.099
-42815.478
-39415.312
0.168
0.564
0.745
-35945.815
-41848.840
-33233.077
-29675.701
-37244.920
-36537.838
-31426.835
-27171.877
-27220.051
0.271
-43709.057
0.400
-33431.062
-33112.817
0.164
-34385.961
0.604
-42985.398
-35995.845
-30137.629
-26823.411
0.173
0.385
0.363
0.310
0.290
-0.055
-0.268
-51524.764
0.538
0.554
-25063.310
-16411.307
-0.527
-0.201
-30993.847
-31869.768
0.490
0.702
-0.290
0.234
-27415.069
-20654.656
-13561.806
-18078.665
0.671
-44644.930
-0.323
-0.243
-39877.378
-1.947
-28851.566
-30842.950
-0.184
-24092.271
-0.203
-24857.949
-1.118
0.145
0.209
-20202.866
0.523
-0.186
0.093
-33204.568
0.307
-21580.293
-26994.418
-34291.588
-38457.265
-42082.278
-33972.138
-27263.858
-31389.282
0.312
0.418
-46559.337
0.680
-33181.936
-37580.971
0.103
-29348.546
-26223.333
-1.069
-33925.610
0.309
0.614
-20169.286
0.360
-42459.678
-26127.342
-45033.026
-16405.746
-0.441
-24074.776
0.228
-259.763
-45746.998
-19708.691
-7135.210
0.147
-19507.106
-27841.275
-21628.988
-24259.092
0.351
-28619.423
0.596
-0.160
0.592
-36932.131
-40977.766
-33225.886
-34774.482
-0.795
-18102.966
-14690.001
-14747.658
-30040.501
0.163
0.295
-6149.751
-23785.047
0.203
-27893.896
-0.019
-0.526
-37965.979
0.568
-17080.828
0.650
-38885.758
-20688.398
-33059.596
-20553.588
-30642.216
-21408.371
0.386
-34339.827
-20317.342
-16369.470
0.522
-20751.517
-25193.334
-11609.952
-23922.667
-28167.898
0.138
-36531.496
-0.268
-0.112
-28930.321
0.341
-21391.480
-25786.079
-29611.269
0.394
-28077.602
-22403.842
-16058.467
-0.132
-25896.765
-21267.510
0.276
-0.079
-18360.696
-25772.694
-24606.136
0.379
-31312.419
-29279.779
-25198.708
-16580.447
-27732.876
-17404.097
0.390
-24427.927
-0.003
-29289.171
-30108.219
-0.225
-36763.331
-8149.920
-31461.855
-33474.795
-32566.184
-18306.056
-0.216
-17095.403
-39564.383
0.180
0.008
-10324.002
-23308.531
0.156
-0.218
-29459.648
-14090.166
0.453
-0.541
0.422
-30282.189
-1.301
-29804.748
-38309.305
-22944.672
-0.677
-29538.120
0.051
-17818.912
-0.628
-33292.166
-33216.940
0.101
-18097.383
-53662.346
0.027
-24492.871
-21528.906
-1.995
0.560
-21700.862
-28901.822
-3469.558
-44081.165
0.468
-28081.598
0.064
-0.007
-14935.496
-41549.872
0.539
-21120.453
-0.203
-30026.013
-31409.465
-39972.829
-14605.667
-17580.504
0.333
-18091.500
-26483.289
-21097.086
-26094.328
-11839.860
-0.457
-22173.233
-29744.495
0.113
-24846.610
-0.281
0.002
-0.499
-19553.334
0.158
-0.722
-0.073
-5949.065
-14448.885
-0.316
0.569
0.367
-0.166
-0.268
-15510.542
-14454.220
-17698.760
-0.003
-18702.607
-16767.457
-11612.845
0.328
-16369.223
0.624
-0.270
0.022
0.389
-1.052
-0.445
-0.623
-15315.872
0.179
-0.786
-16988.091
-0.929
-0.605
-0.546
-0.021
-5100.079
0.242
-0.042
-0.588
-0.316
-4574.723
-0.496
-0.897
-1.342
0.314
-1.147
0.165
-1.253
-0.059
-0.064
-17036.517
-0.767
-0.702
-30496.044
0.208
-0.181
0.096
0.129
-0.501
-0.303
0.024
-0.051
-31180.883
0.734
-2.376
-1.071
0.581
0.594
0.143
0.249
-0.305
0.653
0.263
-1.481
-1.004
-0.177
-0.012
-9547.665
0.520
-8856.735
-0.238
-1.997
-0.009
0.792
-23291.482
0.409
0.071
-17105.015
0.269
0.244
-0.461
-5.019
-1379.865
-0.194
-24331.354
-0.341
-407.064
0.097
-1.040
0.308
-0.916
-5340.135
0.167
-1.437
0.314
0.285
0.445
0.148
-0.239
0.504
-20782.824
0.269
0.008
0.414
-0.028
-0.803
0.167
0.256
0.480
0.376
-0.381
-2.784
-0.379
-1.462
-0.795
0.325
0.357
0.458
0.028
0.502
-1755.042
-23032.470
0.380
0.551
-0.859
-5102.124
-40392.817
-0.152
-0.582
-0.419
-0.353
-0.130
-0.005
0.402
0.529
0.256
-0.378
0.261
-5203.525
-0.247
-15159.917
0.027
-690.401
-0.977
-35623.568
0.239
-0.630
0.291
0.276
0.588
-1619.639
-0.284
-0.778
-2.586
-0.419
0.285
-0.871
-0.508
0.366
0.276
0.228
0.344
-0.962
-26816.806
-10770.101
0.294
0.507
0.012
-0.890
0.168
0.502
-1.273
-0.286
-20552.492
-24928.664
-11207.137
0.095
-21364.936
0.026
-19474.654
-0.544
-0.982
-0.041
-20870.464
-26105.565
-0.761
0.111
-0.328
-15065.195
-5770.119
-30955.272
-18249.663
0.049
0.384
-0.691
-19292.766
0.153
0.141
0.171
-0.119
0.127
-0.291
0.452
-0.484
-37478.972
-0.875
-0.497
-0.348
-0.864
-29225.820
-0.210
-18879.836
-0.609
-0.026
-0.093
0.638
-12580.068
-26754.640
0.413
-0.294
-1.540
-0.292
0.601
-0.169
-20548.525
-0.301
-0.791
-19891.416
-0.453
-1.162
-38180.438
-13088.939
0.305
-16722.464
-0.245
-30258.547
-16542.369
-18240.136
-28711.499
-14114.765
-38959.930
-22166.040
-5416.150
-18463.763
-32646.465
-21504.113
-25847.446
0.173
0.209
-1.767
-33277.956
0.417
0.428
-25657.521
-0.920
-31634.374
-22961.548
-21097.200
-11504.638
-2951.151
-0.309
-0.375
-46751.969
-387.556
-19699.485
-18526.222
-18896.309
-14549.314
-330.849
-25461.804
-0.003
-15281.601
-0.143
-24.573
-33930.024
0.454
-21743.506
-0.276
-40429.131
-36374.659
-5430.070
-5194.602
0.271
-32879.408
-35839.433
-0.289
-16699.372
-0.251
0.565
-21590.175
-16842.993
-33041.751
-13221.154
-25785.882
-0.694
-1.195
-15412.668
0.289
-0.251
-0.412
0.096
-40.032
-14163.326
-28467.308
-28126.320
-18525.184
-15412.966
-0.073
-36272.802
-0.271
0.153
-0.354
-30187.225
-1.367
-31141.625
-18235.148
-0.478
-31806.083
-19016.342
0.040
-0.602
-23967.123
-16653.267
-25385.464
-709.448
-0.100
-22521.810
-33678.856
-22422.943
0.294
-16004.554
-0.558
-0.708
0.278
-0.176
0.705
-13240.300
-18599.179
0.586
-0.187
-0.916
-1.168
-14851.095
-14049.808
-33886.918
-17534.093
-0.318
-0.391
0.356
-21889.305
0.169
-30482.728
-0.244
0.173
-0.149
0.076
-0.439
0.110
-25337.457
0.218
0.648
-0.419
-14223.945
0.337
-1.553
-18024.147
-0.538
0.254
-37340.945
-15132.617
0.833
0.373
-39290.344
-0.330
-19699.943
-0.534
0.212
-0.511
0.374
0.503
0.388
-27171.601
0.336
-1025.598
-9840.073
0.431
-28284.417
-8999.591
-0.281
0.220
-37976.501
0.468
-32938.843
-1.000
-0.377
-0.739
0.245
0.092
0.494
0.621
-0.113
-0.244
0.375
-24061.217
0.188
-0.733
0.221
0.160
0.458
-0.786
-1.166
-18471.978
0.134
0.368
0.014
-34024.659
0.294
-19448.488
-0.135
-0.411
-0.573
-55.831
0.448
-0.500
0.203
0.316
-0.254
-6736.695
-19115.319
-1.045
-0.172
0.395
-0.458
0.019
-0.221
0.414
-14320.570
0.522
-15455.469
0.203
-0.225
0.122
-0.423
0.542
-0.150
-16036.192
-13840.697
0.695
0.002
0.652
-0.287
-19415.964
-0.203
-0.355
0.121
0.366
0.136
-14526.279
-0.567
-15588.322
-0.979
-1.941
-30139.283
0.083
0.610
-0.329
-0.057
-0.659
0.107
-35524.087
-29857.090
0.106
0.038
-0.104
-27466.210
0.120
-19206.253
-30945.633
0.112
-0.044
0.132
-16218.700
0.224
-15670.262
0.234
-0.130
-20197.100
-1.306
-0.250
-26998.719
-2.664
-1.029
0.384
-0.074
-0.814
-0.422
0.338
-0.317
-0.276
-22074.714
-15170.737
-12505.288
0.313
-16731.474
0.149
-17555.098
-0.161
-20976.809
-31769.268
-0.337
-18138.733
-1.293
-13345.163
-0.460
-0.278
0.062
0.072
-28126.476
-0.327
0.116
-34779.563
-45380.195
-25897.232
-25389.535
-35336.892
0.196
-13991.710
-1.104
0.084
0.251
-0.292
-31350.495
-0.885
-71.598
0.525
-14643.602
-17669.632
0.481
0.757
0.243
-0.015
-29920.046
-6230.756
0.128
-19967.037
-43150.619
-0.205
-17564.609
-0.657
-1.631
0.353
-8015.428
-0.882
-0.034
-0.940
-25794.174
0.569
0.513
-33647.410
0.390
-0.722
0.443
0.314
0.321
-0.599
0.011
0.371
-26174.724
-21446.377
-18741.854
-0.093
0.041
-19584.560
0.147
0.392
-0.154
0.151
-22527.178
-31426.933
0.314
-1.588
-1.879
0.150
-34997.758
-1.229
0.156
-0.963
0.302
-23328.828
-21772.469
-1525.858
-18639.438
-0.607
-34232.882
-23373.624
-22651.523
-14125.816
-39928.827
-0.044
-0.174
-29599.555
-26209.812
-29455.543
-0.695
-0.405
0.111
0.163
0.627
0.099
-1.411
-33163.081
-25148.750
-0.126
-0.003
0.636
-20331.784
0.130
-15007.413
-34246.810
0.055
-0.078
-0.008
0.107
-23309.966
-34621.937
0.190
-1.266
-20703.787
-0.035
-0.398
-21510.952
0.400
0.263
-0.020
-490.877
0.084
-21366.079
-15473.551
-36976.677
-35111.188
-25099.229
-0.135
-0.150
-28784.385
-0.486
-0.904
-1196.122
0.469
-32838.940
-15687.189
-29536.365
0.474
-39266.046
-0.326
-14274.793
-6954.817
-34234.620
-1.917
0.074
-34599.599
-40290.660
-21816.148
0.335
-33434.313
-36548.953
0.323
-0.114
0.581
0.277
-0.371
-0.034
-1.511
-935.872
0.248
-13990.171
0.456
-0.077
-35136.242
-39009.624
-0.905
-0.972
-370.604
0.473
-3926.331
-1.100
0.689
-0.134
-23501.892
-6516.378
-0.514
-0.349
0.039
-3065.279
-0.212
-32552.481
-32857.226
-14072.907
-299.727
-27691.893
-29552.749
-18657.889
-32711.818
-5651.402
-35188.249
-0.483
-0.989
0.328
-1.126
-0.588
-0.680
0.150
-0.470
0.568
-0.338
0.552
-0.849
0.096
-31250.104
-19549.943
-0.541
0.409
0.199
0.045
-0.389
-0.808
-34995.236
-27735.034
0.185
-0.006
-17796.136
-0.125
-379.997
-0.094
-869.316
0.091
0.155
-24007.561
-28160.412
0.388
-0.411
0.225
0.243
-0.128
-21709.153
-0.246
-15592.436
-29078.012
-24000.320
0.009
0.371
-14928.347
-0.982
-25068.633
-43040.327
-1.189
-33950.826
-17173.534
0.045
-27947.715
0.297
-0.105
-38943.553
-0.362
-16583.487
-16297.836
-30453.902
-0.209
-30538.198
-0.228
0.187
-13604.455
0.655
-0.132
0.260
-19170.849
0.704
-32736.568
-12531.953
0.499
0.423
-19341.582
-0.514
-27228.688
0.250
-0.097
0.732
-24911.701
0.333
-16268.170
-26816.725
-0.376
-26317.501
0.274
-29072.562
-22097.963
-22511.893
-34249.549
-0.103
0.081
-29774.845
0.611
0.245
-26135.550
0.041
-0.120
-18016.951
-35700.645
-1.810
-12351.962
-30124.567
-19520.452
-0.334
-2.003
-0.330
-5579.844
-20713.596
-24280.283
-17207.201
-36035.255
0.522
0.478
-33977.877
-32812.295
0.285
-18965.945
-23321.649
0.282
0.404
-0.705
0.204
-0.146
-26748.747
-18403.757
-24462.435
-0.217
-5190.699
0.379
-16715.429
-27273.825
-20964.441
0.314
-24968.319
0.146
-26680.724
-1609.829
0.017
0.101
-36600.985
-0.600
-1.139
-21966.743
-25211.135
0.115
-14640.041
-0.348
0.044
0.023
-0.890
-17715.297
-21118.143
0.778
-35472.874
-34503.183
-24022.753
-20837.580
0.567
-32969.213
-11369.814
0.023
0.337
-34588.167
-1.427
-24309.418
0.441
-27510.277
-27100.378
-27931.169
-30770.608
-31636.678
-28091.006
-89.765
-49.994
-22112.082
-0.942
-0.238
-0.182
-19865.945
-1.610
-28079.620
-0.139
0.040
-26397.870
-0.213
-24909.651
-0.373
-23660.176
-3891.048
-0.620
-0.466
-37144.843
-13197.951
-29384.040
-26585.979
0.050
0.319
0.179
0.142
-15860.294
-38172.453
-0.453
0.541
-0.665
-20113.520
-0.335
-31091.661
0.079
-0.787
0.344
0.393
-33038.425
-20453.194
-23754.581
-34465.106
0.268
-0.432
0.305
0.092
-0.211
-36023.377
-34650.670
-0.342
-2970.448
-0.328
-27054.672
-0.264
-20009.721
-0.131
-20204.902
-0.085
-0.507
0.652
0.481
-36149.887
0.103
0.256
-35281.012
-20401.213
-21609.812
-89.996
-41962.080
-21903.466
0.602
-24413.342
-35205.765
-23593.953
-28602.820
-0.116
-22958.570
-23525.357
0.084
-14204.995
-21204.641
-20881.527
0.172
-23711.975
-33793.327
-6379.630
-18279.433
-17632.895
0.307
0.130
0.161
-0.183
-0.688
-0.845
-19688.173
-24803.298
-0.119
-23977.313
0.459
-0.053
-0.984
-1.142
0.036
-31400.245
-0.863
-19415.887
-20269.686
-8205.546
0.228
-19721.064
-0.722
-23103.817
0.229
0.473
0.132
-1.119
0.137
-31792.337
-28610.972
0.066
-27403.415
-0.385
-0.137
-35128.978
0.389
-0.266
-38213.602
-394.676
0.406
-0.081
-10534.024
-37787.570
-1529.935
-19964.862
-30957.119
-13841.350
-1.330
-14722.606
0.335
-16957.839
-24640.045
-25830.455
0.268
0.189
-20183.130
-37031.947
-34728.029
-19030.849
-38827.639
-46032.159
-23730.173
-26104.867
-0.916
-19774.084
-0.201
-22462.213
-5.366
-26849.911
-0.044
0.310
0.138
0.145
0.141
0.059
0.496
-25501.503
-21692.395
0.545
-0.172
-0.392
-29.511
-0.515
0.184
-26537.958
-22062.612
0.018
-22238.118
0.421
-20990.134
-22664.573
0.798
0.201
0.301
-0.169
-20355.768
-16275.068
-22502.282
-31368.815
0.056
-34532.973
-33337.911
-27673.927
-26712.084
-0.056
-18247.132
0.232
-0.013
-30048.841
-17161.410
-17176.120
-0.087
-28428.578
-0.678
0.072
0.005
-20156.213
0.567
0.270
0.336
-15235.396
0.102
-20084.762
-45513.980
-25822.945
0.094
-24307.656
-0.388
-30006.460
-0.165
-44979.548
-739.710
-24234.318
-25167.648
-15.032
-28940.195
0.451
-22682.483
0.330
-18618.189
-30601.770
0.438
-19713.248
-29410.452
0.386
0.281
-0.351
-0.194
-69.698
-25374.472
-27006.689
-26814.120
-33691.638
-20944.776
0.002
-26236.388
-34684.125
-2499.549
0.465
-0.382
-37537.755
-25815.713
-0.315
-0.386
-36342.007
0.059
-23328.262
-27939.072
-4592.869
-0.599
0.314
-15229.688
-1.064
0.420
-44068.994
-24562.362
-0.046
-27871.231
-38931.901
-40810.877
-0.102
-29040.828
-2.702
-19710.061
-29062.588
-30005.012
0.704
-24933.303
-0.200
-42110.006
0.446
-35197.958
0.701
-27604.595
-0.055
-21234.541
-25418.373
-36904.274
-30925.356
0.362
0.498
-27494.827
0.384
-34363.478
0.323
-0.055
-31481.638
-0.167
-46397.962
0.015
-19569.200
0.086
0.179
-36317.390
-0.302
-0.244
-655.764
-0.270
0.337
-40277.041
0.096
-33127.659
-23730.742
-1.501
-33715.517
0.393
-34943.289
-0.814
0.474
-40354.957
-16966.001
-30559.457
-32380.226
-25581.285
-26805.614
-0.629
0.542
-0.405
-31320.846
-37538.406
-0.482
-19628.923
-37374.284
-0.264
-2.532
-0.216
0.450
-13238.287
-23336.824
-26848.780
-39674.362
-25351.025
0.236
-0.092
0.845
-38426.713
0.328
-1.207
-34174.054
-21794.597
0.684
0.695
0.149
-0.441
-22873.501
-29543.644
-23893.324
0.531
0.456
0.422
-19827.866
-13345.336
-21433.627
-0.959
-29114.887
-31860.729
-23082.383
-16419.943
0.312
0.302
-0.188
-16533.414
-20539.835
-29206.891
-25479.153
-18570.270
0.214
-24996.474
-264.210
0.392
0.667
-21026.375
-0.201
0.605
0.202
-0.609
-24141.263
-3830.785
0.213
-0.072
-19310.804
-9559.442
-23207.096
-21334.313
-19326.172
0.325
-17637.092
-17312.143
-11339.906
-18666.129
0.062
-19729.530
-21146.274
0.683
0.543
-0.382
0.471
-17432.969
0.159
-23079.211
-21157.758
0.600
0.250
0.212
0.758
-22990.902
0.207
0.534
-21297.498
-21072.505
0.241
-0.531
-2.323
0.506
-31391.626
-20801.028
-23315.098
0.483
-23689.601
0.510
-26234.807
-20318.300
-21414.193
0.408
-26541.895
0.088
-32075.531
-19120.554
-18322.601
-17199.740
-26065.299
-0.805
-17258.852
-21683.696
0.454
0.398
-0.419
-25603.976
0.786
-0.063
0.413
-26446.565
0.298
0.459
-1190.035
-0.093
0.542
-37189.616
-0.634
-20425.911
-11456.899
0.404
0.514
-23400.746
-17994.510
-24904.508
0.356
-0.125
0.295
-23226.203
-21369.289
-20424.004
-0.033
0.083
-23514.854
-0.098
-16359.820
0.335
-10464.150
-32702.111
0.331
0.185
-26520.753
-20770.447
0.218
-6616.866
-16932.053
-0.482
-18373.090
-15747.761
0.363
-14555.700
-3014.624
0.158
-24477.413
-18501.215
-1.746
-22851.846
-24842.235
0.296
0.457
-21681.750
-0.325
0.228
-15829.654
-230.158
-0.238
-0.301
0.641
-42217.483
-23438.363
-0.106
0.723
0.698
0.441
-19606.734
0.249
-21210.782
-18897.184
-0.076
-21743.290
-21639.799
0.230
-14980.411
0.340
0.183
-14095.089
-20369.850
-25158.489
-25756.165
-0.269
0.352
-18050.491
-0.142
-18095.811
-26032.002
-27046.694
0.536
-22032.516
0.186
-18588.476
-18353.891
-1.016
-23522.019
-17610.596
-0.200
0.082
-17814.881
-13420.058
-28196.379
-0.224
0.128
-0.008
-19059.265
0.274
0.612
-0.498
0.513
-0.050
0.112
0.002
-0.205
0.221
-22059.138
-20.534
-20404.366
-1.260
0.768
0.497
-26460.361
0.384
-25459.013
0.201
-19319.351
-0.542
-19135.615
-0.007
-19790.938
-17444.084
-7463.273
-26367.317
-24088.598
-0.886
-0.183
-17846.156
-22469.554
-4.656
-24538.781
0.503
-23353.479
-0.096
-16461.810
-18444.946
-23414.605
-22134.718
-0.092
-1.023
-20801.286
-1.513
-18198.485
-23364.732
-0.388
0.248
0.060
-0.019
-0.142
-24888.554
-10592.415
-0.269
-26030.509
-1.358
-0.925
-0.301
0.210
0.751
-22812.533
-25730.710
-29497.999
-0.789
-0.064
-22140.112
-19400.977
-0.331
0.192
0.092
0.574
-22066.621
-1.095
-17056.762
0.168
0.547
-23959.101
0.373
-23699.647
-27433.751
-13479.812
0.104
-0.170
0.002
0.467
0.480
-11558.682
-4672.024
-0.459
-24778.709
-0.155
-15838.532
-19.939
-0.080
-2312.318
0.434
0.486
-0.007
-0.189
-2925.498
-0.461
0.488
0.222
-0.384
-16737.224
-42830.688
-13898.601
0.773
0.122
-35453.171
-32286.365
0.410
0.017
0.557
-12689.289
0.717
-23218.500
-20869.162
-16837.569
-21628.835
-0.228
0.819
-11241.559
-12990.562
0.249
0.396
-21683.855
0.527
-18835.869
0.331
-18782.851
0.294
0.313
-19124.462
-16225.589
-0.210
-4925.023
-36.259
0.211
-33227.194
0.380
0.034
-19673.932
0.522
-13028.192
-14149.334
0.015
-13105.002
0.168
-0.450
-22270.343
-17896.287
-21771.531
0.396
-13579.731
-26266.847
-15582.378
-0.341
-15206.527
-0.342
-18236.131
0.168
-18530.042
-26066.335
-0.758
-20876.859
-0.275
-9780.374
0.239
-0.923
-350.961
0.087
0.011
-0.001
-0.952
-0.361
-0.178
0.505
-9.639
0.578
-26695.763
0.132
-25188.900
-0.056
0.214
-0.080
-0.284
-26546.080
-12565.502
-22308.174
-19477.755
0.567
-0.292
-35484.480
-28166.415
-23337.138
0.391
0.232
-20763.460
-20565.633
-17904.896
0.097
-17563.541
0.178
0.144
-18916.637
-175.613
-18971.355
0.606
-23257.895
-0.838
0.334
-1.217
0.609
-0.594
-0.128
-19401.586
-16224.706
0.206
-25527.116
-0.648
0.203
-1.044
0.024
-7350.837
-1.238
0.705
-0.003
-329.593
-0.488
0.606
-0.682
-0.961
-13702.821
0.092
-22844.364
-19422.129
-25.301
-0.089
0.623
0.346
-2.081
0.258
-1.040
0.452
-0.121
0.493
0.604
-22750.638
0.394
0.206
-20912.488
-13880.210
-7410.359
0.659
-15479.639
-23016.996
-0.218
0.167
-24884.837
-1.473
0.088
0.627
-20648.300
0.492
-21663.305
0.070
-1.137
0.394
-24037.187
-26605.346
0.477
-0.707
-0.477
-20691.163
0.413
-0.029
0.424
-28840.913
0.336
-0.625
0.245
-17696.481
-0.838
-0.109
-0.320
0.285
-1.096
-19495.726
0.190
0.123
-1.398
0.262
-18891.314
0.418
0.139
0.391
-0.359
0.113
-17089.221
-740.447
0.066
0.294
0.669
-12430.596
0.345
-0.739
0.329
-0.059
-20629.821
-6910.923
-18153.080
-0.305
0.186
-1350.988
-1579.285
-17286.323
-1.614
-12933.597
-13745.672
-0.518
0.354
-0.668
0.203
0.391
-0.399
0.101
0.005
-0.040
-2.123
-18373.951
-20558.214
0.678
0.162
-0.006
0.039
-0.964
-0.150
0.346
-0.462
0.244
0.542
-0.443
-0.207
0.270
-2.016
-10503.111
-0.065
-11752.544
-0.912
-0.175
0.412
-1.303
-0.104
-12834.665
0.372
-0.318
-0.070
0.224
-5875.952
0.433
-17289.424
0.048
-21491.088
0.050
-60.289
0.483
0.281
-0.070
-0.729
-0.228
0.212
-0.062
-204.995
0.332
0.433
-20413.521
0.249
-5450.216
0.043
-0.339
-0.027
-19385.817
-0.526
0.531
0.391
0.097
-21781.069
-8316.134
-1459.842
0.131
-33614.248
0.168
0.612
0.100
-0.954
0.272
-18992.914
-23412.738
-0.017
-23861.072
-0.050
-27928.116
-23386.867
-0.121
0.334
0.434
-17510.182
-7974.921
-0.430
-20814.570
-0.741
-0.246
-16449.263
-23605.283
0.543
-0.258
0.473
-16954.038
-1.295
0.704
0.202
0.463
0.173
-29673.578
-0.041
-14309.405
0.793
-25227.156
0.265
-23522.747
0.141
0.070
-0.825
-1.225
0.695
-1.733
0.269
-19569.425
-0.263
-1.272
-0.161
-27335.192
-0.753
0.004
0.523
-24938.177
-0.123
-22858.320
-0.636
-0.051
-0.086
0.239
-0.640
0.246
0.516
0.041
-0.144
-21091.759
-0.339
-7356.851
-0.136
-11139.954
0.356
-0.625
0.153
-1.678
0.503
-20068.194
-11565.556
-0.275
0.333
0.348
-0.309
-1.179
0.151
-29187.327
-0.236
0.050
0.612
-21980.086
-0.317
-13072.572
-0.272
-0.696
-0.123
0.262
0.261
-0.300
0.295
-24.847
0.014
-29190.358
-20636.349
-28074.292
-0.532
-0.084
0.308
-0.225
0.043
-28652.487
0.118
-0.009
-0.992
-11616.940
-23237.671
0.278
-14234.232
-24057.288
-0.404
0.332
-234.970
-13393.293
0.081
-0.131
-18161.383
-19709.874
0.497
0.512
-16217.437
-22258.717
0.658
-0.346
0.265
0.078
-0.572
-1.336
-6794.403
0.500
0.185
0.481
0.454
0.240
-37380.535
-10602.309
-30295.060
-3889.265
0.619
-17106.649
-0.990
-0.261
-17930.880
0.224
-309.709
-20566.397
-280.275
-31817.594
-18895.311
0.344
-34652.270
-1.345
0.527
0.548
0.019
-0.890
-22840.026
-13230.726
-0.268
-0.169
-33898.944
0.211
-14775.002
0.506
-2.063
0.248
0.132
0.481
-0.200
-9620.334
0.509
0.471
0.153
0.804
-6420.413
-9395.443
-9254.491
-14086.974
-0.970
-16814.430
-0.116
0.135
0.440
0.460
-11319.735
-0.637
-13667.145
-19894.374
-0.023
-31160.943
0.068
-33692.760
0.200
0.063
-26707.474
-13907.533
-14052.959
0.437
0.123
0.744
-0.160
0.242
-5360.835
-26313.177
-12181.173
0.498
0.153
0.536
0.415
-16122.220
-18679.218
-31463.811
0.556
0.034
0.572
-1.370
-12448.109
-13276.853
-0.158
-12595.492
-13146.960
0.719
-0.006
-0.234
0.600
-8139.135
0.553
0.356
-14950.881
-0.053
0.692
-0.605
-0.982
-26855.478
-1.288
-0.145
0.234
0.568
-0.376
-1.548
-13608.439
0.539
0.280
-25918.249
-0.101
0.418
-0.172
-0.377
0.662
-14162.384
-0.244
0.263
-1074.509
-0.170
0.624
0.380
-0.037
-0.080
0.565
0.501
-15094.496
0.560
0.157
-3.653
-0.034
-10360.175
-12917.558
-15698.765
0.575
0.234
0.570
-14586.795
-30821.999
-13047.649
-15937.325
-17223.130
0.037
-16593.201
0.120
0.289
0.679
-16199.723
-0.455
-14346.116
0.370
-34791.448
0.351
-0.366
-11700.211
0.288
-0.094
-35781.511
-16034.537
0.603
-0.062
-0.947
-0.171
-16193.877
0.409
0.031
-0.529
0.850
-0.872
-28869.445
-104.826
0.496
0.781
-12646.147
-0.894
0.258
0.319
-0.810
0.239
-1384.571
-19929.273
-14.457
-0.252
-6576.521
0.205
-1.204
-0.982
-11702.234
0.380
-22567.153
-0.025
-9329.289
0.371
0.607
-1.026
-0.644
-0.334
-0.048
0.020
-0.895
-0.138
-0.133
-11067.704
0.139
-0.222
-28560.884
0.335
-0.640
0.309
-0.775
-1.188
0.014
0.165
-0.158
-0.250
0.502
-12487.488
-0.850
-29420.205
0.480
0.749
0.252
0.343
-7525.028
0.068
0.454
0.485
-0.083
0.599
-17935.206
-1.370
-34.755
0.681
0.253
-15156.130
-21645.776
0.410
-0.754
-904.667
-16550.192
0.126
-28645.470
-0.756
0.077
0.297
-0.265
-0.277
0.284
-5620.994
-26601.479
0.575
-14944.783
0.454
0.070
0.490
-0.160
-0.153
0.177
0.494
0.366
0.479
0.244
-0.206
-13131.610
0.477
-0.504
-0.489
-1.246
-17024.867
-1.053
-0.099
0.253
0.514
-12596.280
0.022
-0.172
-20540.888
0.531
-13302.072
-0.695
-9275.828
-27609.961
0.183
0.515
0.369
-0.181
-12316.283
-0.976
-15.280
-32377.896
-0.427
-13417.083
0.474
0.042
-0.083
0.500
-2.507
0.214
0.019
-0.832
0.213
-26520.663
-2930.158
-0.992
-1.039
0.035
-0.283
0.205
-220.172
0.448
0.163
-0.261
0.247
-136.065
-0.037
-19232.671
-0.144
-4319.893
-0.282
-0.102
-3036.081
-2524.670
-25233.436
-12516.360
-30084.371
-219.674
-0.721
0.108
-12312.301
-30922.711
0.329
-31067.711
-33777.296
-0.246
-1.039
0.459
-26945.372
-12632.882
-15466.923
-0.087
-0.366
-0.595
-32437.419
0.508
0.386
-1.129
0.453
-0.311
0.851
-13624.299
-2.135
0.261
-16316.347
-26710.875
-11240.167
-13653.066
-16545.299
0.327
0.236
-15544.365
0.547
-0.187
-1.840
-28611.178
-0.943
0.708
0.654
-11960.644
0.360
-0.188
0.076
0.541
-0.012
-0.076
0.791
-15062.648
-19687.424
-0.240
0.487
0.381
-14157.110
0.178
-0.485
-13596.727
-12916.011
-0.604
0.200
0.439
-5274.891
0.155
0.726
0.498
-1.147
-0.127
0.126
-0.108
0.186
-0.696
-17957.783
-0.365
-0.467
-0.740
-0.305
-0.360
0.148
-350.284
0.079
-28591.294
0.450
0.357
-7434.479
-15423.771
-0.265
-19685.681
-34.742
-0.315
0.332
-20990.507
-23661.330
0.008
0.143
-0.078
-0.322
-246.929
-0.304
0.220
-15718.331
-26758.731
-0.644
-0.035
-0.726
-0.010
0.075
-12976.011
-0.941
-19781.155
0.609
0.339
-22279.861
-0.211
-0.307
-26095.355
-25522.386
0.095
-41689.952
-25842.728
-27121.011
0.382
-22946.831
-0.311
0.331
0.563
-0.053
0.478
0.401
-27596.294
0.203
-25284.443
-29083.971
-0.368
-0.070
0.395
-0.270
-19430.787
-25151.657
-0.004
-22798.815
-18819.062
0.628
-1.491
-0.342
-24581.791
0.710
0.396
-0.531
-26890.191
-19592.332
-21620.308
-21926.106
-0.022
-33896.715
-24148.076
-19173.298
0.341
0.464
-20361.210
0.322
-22983.547
0.495
-17481.564
-4526.986
0.591
-25937.281
-39573.263
0.316
-14003.291
-22875.975
-0.029
-2.086
-0.217
0.518
0.466
-4034.585
-22653.302
0.413
-24.714
-0.574
0.280
0.575
-13717.552
0.036
-33118.770
-22772.084
-23223.416
0.584
-0.642
0.662
-0.077
0.369
-22206.360
0.558
-19.518
-28131.270
-23066.559
-1.426
-0.034
0.324
-19866.725
0.599
-21108.116
-30430.203
0.675
-22557.060
-0.414
-15416.722
0.434
-25123.289
-21409.063
-22288.314
-21382.354
-0.282
-22597.072
-17227.729
-21593.794
-3545.099
0.503
0.206
-16881.893
-17028.939
-19209.280
-23355.902
-21208.450
-21761.680
-24173.716
0.573
0.269
0.614
0.714
-21176.204
-30028.023
0.723
-20860.946
-0.125
0.317
-0.014
-21343.196
0.274
-0.142
0.113
-9309.219
0.630
-21073.188
-20741.877
-0.565
-0.620
-23166.058
-15569.015
0.528
0.640
-1.139
-24452.619
0.244
-17046.532
-16048.544
0.092
-27381.473
0.015
0.116
-18226.571
-0.027
-0.063
-24908.487
-22098.398
-15020.347
-32431.970
-22189.781
-21750.068
-23656.729
0.415
-6649.509
-22476.776
-17415.677
-9965.293
-23413.797
-31838.145
-22222.762
-15700.119
-21968.062
-15107.690
-17746.806
-20987.402
-17109.602
-18686.281
-21245.935
-24772.964
-22364.564
0.633
0.074
-20484.998
0.010
-20604.269
-24305.988
-0.032
-22899.038
-0.194
-22027.605
-21496.198
-6644.663
-21114.169
0.184
0.494
0.206
-2484.892
0.615
0.413
-6305.891
-19427.219
-23278.449
0.451
0.518
-23230.858
-12874.775
-23988.330
0.552
-17845.072
-23186.383
-8142.429
-22680.920
0.225
-11154.562
-22521.184
0.626
0.645
-24957.420
-18548.820
-19319.746
0.608
0.606
-0.096
-19700.447
-23753.201
-29564.392
-0.017
-34418.919
0.030
-19059.565
0.751
0.361
-22642.391
-23213.530
-22736.093
0.403
-23749.658
0.365
-21259.369
-0.326
-21863.193
-21815.018
-17952.565
0.059
-29015.945
-12807.413
-18585.808
-0.030
-21580.401
-27773.223
-0.600
-18027.349
-19041.959
0.131
-19430.533
-20558.181
-21996.379
-44.740
-24380.053
-16691.467
-8989.491
-13328.291
-30111.564
-23816.368
0.196
-39421.850
-23253.548
0.064
0.068
-19366.015
0.550
-0.958
-19194.633
-19813.997
-21415.707
0.301
0.503
-37568.048
-19913.073
-28490.735
0.321
-17631.572
0.108
-37830.804
-0.333
0.259
-23674.644
0.023
-22391.642
-25985.994
0.393
0.062
-26506.850
0.628
0.257
-18721.818
-22227.072
-24856.678
0.118
0.479
-17496.286
0.410
-21882.050
-18714.619
-0.192
0.403
0.229
-21230.010
-25380.237
-21253.467
-25953.204
-0.284
0.325
0.425
-24050.166
-22677.787
-22102.428
-31563.863
-24027.989
-22995.953
-22035.098
-23586.292
-23894.490
-22635.998
0.759
-18705.269
-21465.024
-0.061
-23115.411
0.093
-22561.988
-23927.247
-19779.904
-20816.840
0.031
-22852.207
-22046.124
-20941.903
-17518.232
0.585
-23729.779
-32371.462
-9394.612
0.079
-16551.858
-27095.330
-29585.922
-25285.323
-20165.159
-35789.535
-19124.757
-19998.260
-22276.920
-19506.630
0.536
-25703.652
-32675.828
0.155
-0.009
-23357.060
-23651.663
-29566.164
0.087
-0.206
-20674.083
0.232
-20406.257
0.149
-4183.363
-34687.800
-25855.986
-21438.144
-22294.946
-19421.220
-33441.413
-17604.246
-22985.400
-30395.862
-26595.898
-23761.190
-22470.023
-27198.175
-27504.811
-9059.923
-15990.435
-0.373
-34185.784
-25221.579
-23287.717
-29176.596
-23346.508
-10371.811
0.089
-16725.599
-0.166
-27818.579
-28619.555
-25650.147
-17343.552
-619.315
-17994.651
-0.406
-27602.235
0.503
-30431.824
-23607.067
-22559.056
-929.726
-25873.278
-28913.016
-24920.766
-26077.513
-25796.010
-0.799
0.295
-74.403
-0.306
-31298.001
-27702.522
-23748.371
0.602
-26751.803
-21272.396
0.498
-24307.595
0.139
-26875.195
-21462.785
-26228.601
0.513
-24145.630
-23102.255
-759.592
-25423.405
0.098
-21387.508
-22293.430
0.396
-22180.598
0.381
-26673.249
-21527.983
-0.388
-19806.913
0.148
-22302.409
-0.057
0.379
-24616.357
-22080.813
-17823.606
-22793.629
-25564.287
-27812.387
-27348.399
-25922.466
-25416.757
-26018.411
-30181.991
-26228.594
-28349.818
-26170.631
-25365.949
-29294.638
-0.497
-5386.774
-0.198
-25814.998
-15673.961
0.554
-26988.638
0.053
0.748
-0.040
0.056
-28678.345
-20994.262
-24645.581
-19844.661
-20817.998
-27519.533
-22075.523
-32222.572
-24343.465
-17361.825
-18021.637
-20029.613
-22451.233
-19347.037
-26847.678
-29426.544
0.647
-18865.983
0.366
0.048
-17768.691
-20247.752
-29982.551
-24987.159
0.161
-26658.073
-24115.718
-25947.604
-18202.816
-0.294
-22168.304
0.423
-20569.928
-0.392
0.398
-21867.152
-13579.940
0.475
-20390.147
0.421
0.537
-25688.483
0.280
-22860.388
-22660.198
-21689.121
-24047.300
-24209.725
-18850.300
-23500.388
0.542
-27730.421
-23141.414
-9620.100
-24469.878
-9853.240
-20850.655
-25820.564
0.735
-9086.671
-0.862
0.613
0.217
0.240
-17663.663
-23504.408
-23316.500
0.031
-19686.461
-20847.927
0.265
0.472
0.200
0.388
-25401.550
-26196.078
-15415.619
-20986.841
-20615.773
-24529.251
-21813.181
-17880.953
0.700
-21110.748
-23819.655
0.297
0.384
-10737.235
-24331.223
-0.116
-463.896
-23020.527
0.493
-20530.410
0.314
0.349
-18558.904
0.155
0.682
-23763.721
0.211
-22088.349
-164.639
0.078
-17455.821
-19352.673
0.119
-0.479
-0.078
-13037.498
0.406
-26175.416
-8600.720
0.585
-23090.838
0.542
-20547.599
-22200.030
0.093
-21352.770
-27378.373
-20733.562
-23730.616
-10096.629
-18660.458
0.594
-17825.407
-23844.288
-17341.180
-23149.714
0.254
-22883.405
-8867.430
-15481.217
-15655.778
0.553
-22384.113
-19691.496
-22974.861
0.409
-25460.974
-20272.665
-24240.146
-0.126
-0.234
-19533.693
-18449.319
-18885.571
-21550.828
-18768.617
-22292.774
0.234
-20588.998
-17602.620
-11814.822
-14412.625
-21664.660
-16397.515
0.349
-0.248
-0.460
-3890.167
-23199.454
-16149.474
-19250.978
-26181.619
-19715.490
-23685.947
-17377.366
-23055.599
-25663.642
-23889.616
-21899.473
0.651
-7672.543
-21637.709
-22944.926
-24349.711
-24155.716
0.362
0.094
-20231.726
-19041.588
0.733
-21154.686
-22116.384
-19587.247
0.416
0.100
-14747.431
0.170
-24894.402
-21454.490
0.470
-21072.226
-23174.071
-17125.669
-975.775
-24162.592
0.488
0.353
-20426.556
-21016.984
-21967.592
-31200.786
-15020.530
0.435
-22599.841
-24355.656
0.694
-22305.150
-25267.301
-20235.354
-17896.013
-23190.777
-14478.656
-1.016
-21558.597
0.155
-0.126
-1.354
0.337
-22682.401
-21759.136
-21137.901
-0.284
0.176
-10240.784
0.434
-14247.806
-0.751
-18127.030
-17020.873
-0.040
-25975.506
-25026.622
-21858.741
-16.815
-22679.051
0.553
-22332.997
-25731.978
0.276
-20423.872
-18249.327
-17468.431
-22535.129
-21051.842
-18604.969
-17512.949
-2404.290
0.518
0.463
-26312.052
-19043.124
-19151.237
0.501
0.708
-22176.251
-17954.795
-20358.566
-20176.977
0.450
-17773.589
-0.484
-25793.590
-20646.925
-22999.603
-0.419
-20898.334
-22711.513
0.277
-22488.761
-18984.694
-14902.116
-19249.915
-23249.111
-22045.997
-17600.977
-14821.339
-23857.386
-19934.676
0.113
-22140.784
-22586.497
-27169.601
0.498
0.223
-18426.384
-0.030
0.697
-18915.067
-1539.570
-24010.084
-13014.314
-20941.354
-16778.951
-23280.253
-19898.434
-20094.764
0.276
-21237.521
-29406.137
-20151.077
-11484.321
0.364
-19589.670
-16885.392
-23317.622
0.225
0.534
0.693
-0.269
0.772
-3029.840
0.422
-0.375
-23780.236
-19519.272
0.497
-17870.826
-14057.241
-0.052
-24433.889
-22683.200
-19896.612
-13208.393
-0.083
-14780.969
-23198.569
-0.521
0.718
-15857.819
-16623.928
-0.013
-34.277
-17778.147
0.271
0.086
0.083
-17282.808
-0.115
0.803
-17345.719
0.272
-2.370
-1.195
-19581.959
-17322.498
-10936.353
-18367.706
0.752
0.224
-17250.507
-6069.695
0.742
-6705.054
-17714.885
-0.506
0.270
-19244.424
-12396.674
-14527.511
-16893.757
-13000.864
0.496
-0.086
-14039.910
0.544
-19580.851
-20834.213
-0.153
-17307.773
0.110
-16329.238
-13027.965
0.807
-7954.327
-17274.588
0.579
0.646
-0.093
-18326.960
0.194
-17586.981
0.350
0.374
-14995.921
-3197.308
-15321.975
-17508.034
-20376.434
-18323.226
0.353
-16641.817
-13957.054
-19493.985
-16699.811
0.016
-15751.901
-0.157
-19351.694
-13615.246
-21693.440
-0.403
-11450.762
-19824.105
0.645
-12531.262
-15103.655
-15417.826
-15359.965
-21049.689
0.382
-15710.415
-14173.080
-15033.674
-9394.887
-0.336
-21693.035
-0.661
-13116.395
-18603.822
-18530.012
-11853.591
-14397.165
-19946.770
0.201
0.294
-14088.464
-4845.038
0.544
0.250
0.523
-20967.717
0.469
-15541.129
-14787.223
-25398.465
-16914.877
-179.509
0.437
-17315.840
-15290.787
-9417.369
0.449
-10930.936
-13348.944
-17057.422
-17234.454
-27260.090
-19267.384
-17918.495
-19875.251
-13621.751
-15187.114
-17926.487
-36967.181
-22990.730
-9673.099
0.303
-17803.026
-23794.185
-27903.798
-13637.517
-17819.849
-18950.462
-17710.022
-17066.212
-32592.109
0.440
0.061
-16413.001
-11.457
-20147.128
0.318
-14390.438
-29986.330
0.614
-26238.741
-27062.834
-17659.624
0.554
-15707.676
-17032.074
-15635.895
-17294.384
-14707.149
-1.341
-14986.962
-17024.882
0.635
-18140.518
-16873.679
-31737.496
0.281
-28733.314
-15251.632
-17177.236
-25243.294
-0.004
0.262
-25390.889
-0.063
-18145.964
-18979.195
0.097
-0.477
-11109.100
-17026.691
-0.163
-14268.945
-19147.992
-15416.714
-26770.973
-16998.463
-17965.657
-19081.633
-17041.532
-13649.599
0.725
-17532.045
-13301.141
0.580
0.474
-0.166
-8969.839
-0.068
-17361.975
-19572.142
-17424.077
-19540.657
-33168.188
-15847.090
0.633
-15365.896
0.051
-0.704
-13750.807
0.609
-14374.882
-17174.193
-26728.019
-14363.436
-19301.624
-0.325
-29128.521
-7794.436
-0.363
-16418.486
-14898.460
-19804.756
-14648.608
-16667.820
0.297
-15440.375
0.655
-15425.366
0.120
0.244
0.470
0.562
0.488
-25915.805
-17306.136
-25477.309
-16032.933
-14620.636
-15598.519
0.660
-17607.848
-23239.182
-25010.204
0.221
-24810.890
-13171.445
-15582.846
0.510
-22490.531
-14629.094
-8088.232
-15143.782
-29083.887
-15615.733
0.454
-17416.063
0.554
0.330
-20884.513
-19549.634
-22423.643
-25280.101
-11942.383
-0.446
-14561.141
-16967.102
0.154
-18833.474
-11029.593
-17501.315
-10334.841
0.471
-0.454
-13661.007
-0.000
-16768.596
0.222
-16683.160
0.376
-20490.501
-11932.704
0.220
-21882.836
-18052.129
-14202.620
0.094
-17077.467
-16472.721
-24578.641
-16775.596
-0.329
-16519.010
-0.035
-16232.909
-10523.781
-12830.169
-16527.701
-23988.342
-24687.429
0.517
-0.080
-0.019
-0.051
-14287.173
0.316
-29530.712
0.312
-13286.471
-17192.457
-8769.291
-0.261
-11777.023
-13256.850
-12076.638
-0.138
-6905.325
-0.108
-0.542
-9165.068
-0.908
-15234.771
-11875.188
0.366
-19713.210
-11333.104
-14509.142
0.553
-29351.095
0.558
-33759.610
0.131
0.728
0.238
0.469
0.562
0.290
0.378
0.504
-0.173
-23000.511
-0.087
0.384
-25668.236
-21467.301
-13435.953
0.090
0.250
0.712
-13548.490
-7294.354
-24149.175
-13174.287
0.392
-16434.144
-0.329
-14544.581
-17538.317
0.159
-0.183
0.849
-9483.942
-3682.593
-15476.489
0.292
-17208.461
-30809.873
-14340.696
-25674.673
-14.666
0.250
-19723.345
0.316
-18111.886
-31307.216
-15489.811
-18892.283
-35137.318
-17394.821
0.197
0.605
-14509.562
-11624.150
-11984.809
-0.005
0.773
0.216
0.500
-16636.637
-16011.877
0.257
0.648
-17298.074
0.456
0.594
0.229
-0.504
-17672.886
-29152.288
-16312.268
-19119.973
0.438
0.387
-22362.703
-17303.456
-16663.714
-33605.986
-15350.255
0.444
0.699
-0.485
-0.253
-17129.526
0.493
-35696.614
-15499.184
-13613.637
-19246.538
0.732
0.447
-19252.199
-7866.779
-13784.559
-19295.686
0.159
-37843.438
-12664.802
-28118.368
0.136
-0.808
-14432.924
-22146.271
-15790.851
-19182.862
0.442
-17880.061
0.146
-16417.193
-17485.669
0.352
-14980.039
-18853.574
-13306.884
-18611.010
0.397
-8058.998
-17485.174
-16458.012
-16957.493
0.231
-18278.972
-18837.342
-20390.390
-229.755
-0.090
-25492.179
-19966.687
-17876.383
-20740.618
-16995.841
0.291
0.531
-16509.545
-0.164
0.411
-15731.870
-5368.522
-19244.033
-7840.881
0.165
0.373
-16933.774
-16855.522
-19409.995
-18689.701
-16581.492
-0.129
0.356
-25731.232
-12152.930
0.433
-17916.296
-17702.298
0.229
-11984.712
-30934.917
-14874.910
0.799
-0.444
-14486.136
-16792.326
-22587.227
-17122.680
-14343.804
0.645
-0.055
-15005.855
-0.487
0.585
-0.525
-16089.185
-38520.804
0.025
0.311
-17052.403
-24343.835
-18736.602
0.212
-21775.535
-40670.664
-18884.085
0.034
0.532
-28797.516
0.264
-15121.429
0.633
-22613.242
0.097
0.461
-22349.716
0.109
-23273.053
-28180.483
-22927.085
0.459
-18777.057
0.320
-22639.609
0.176
-23375.252
-20997.805
-18912.242
0.063
-20334.820
0.092
-28605.879
-19762.516
-4604.617
0.588
-17869.293
0.433
-20631.697
-23034.483
0.687
-21445.478
0.055
0.367
-19937.815
-16151.908
-15819.365
-13634.967
0.324
-14095.666
-31506.235
-595.254
-26577.379
0.627
-19286.451
-20985.577
-21675.875
0.758
-48312.097
-0.858
-26775.721
-22697.907
0.509
-16197.129
0.157
0.654
0.328
-39566.658
-0.006
-25442.420
-28183.594
0.325
-17458.976
-21869.695
-20044.237
0.245
0.102
-14033.006
-19411.585
-29984.994
-20750.091
-0.105
0.282
0.135
-35690.409
-12686.262
-20587.596
-38866.448
-15142.057
-30964.334
0.455
-0.903
0.711
0.284
0.140
-0.185
-16545.798
-14575.315
0.400
0.503
-14040.023
0.227
0.438
-13021.836
0.652
0.295
0.756
-13595.229
-19742.544
0.313
-22599.271
-14245.280
-15336.212
-15855.280
-0.766
-11628.128
0.435
0.254
0.605
-6729.307
-0.514
0.521
-20637.543
-24.608
0.394
-22845.625
0.533
0.548
-16994.308
-16118.064
-0.249
-20157.686
-17126.932
-27062.679
0.375
-28039.046
-29366.156
0.008
-27078.971
-22603.109
-12731.978
-23272.474
0.431
-26885.499
-19364.214
-22832.772
-0.108
0.455
-20437.122
0.681
-14851.070
-16578.432
-16005.802
-8846.218
-7955.029
-36678.889
-19781.432
-16309.076
-19553.365
-0.131
-28525.672
-0.159
-14962.596
0.692
0.467
-19808.177
0.451
0.217
-22773.290
-16986.945
-16395.023
0.434
0.647
-18518.974
0.514
0.389
0.406
-24297.859
-18749.842
-26145.836
-30174.353
0.172
-0.031
-18854.385
-26388.827
-15737.740
-18520.827
-21125.062
-13160.722
-14963.318
-4415.300
-27027.696
0.390
-16017.114
-18166.180
-13214.858
-20068.229
0.457
-22776.869
-19148.275
0.586
-16286.391
-21039.522
-15606.800
0.584
0.504
-32985.869
-23662.657
0.371
-18525.471
-20887.646
-35729.286
-19767.956
-30326.592
-21227.313
-30958.963
-0.489
0.516
-10932.315
-20822.536
-15757.324
-17357.816
-18071.336
-18213.194
-13624.462
-17365.806
-13929.479
-16807.066
-144.698
-21211.828
0.172
-24547.507
0.491
-20241.842
-16146.740
-15878.313
-0.522
-13784.324
-17684.639
-15584.319
-18998.339
0.410
0.390
-20291.307
0.408
-14767.999
-23916.259
-22911.930
-20944.714
-4819.483
0.656
-19105.338
-17383.642
-21539.586
-19109.325
-19872.543
-18217.662
-19320.464
-23114.292
-574.585
-16397.958
0.562
-22043.545
-14450.983
-22028.794
-18908.444
-19119.547
-20054.773
0.327
-16835.941
-15138.820
0.589
-16393.588
-29988.805
-10197.201
-18155.384
-21900.994
-15963.688
-21566.987
-27389.428
-20082.646
0.343
-16686.802
-20364.775
-31777.939
-35013.852
-22108.027
-10578.511
-15837.468
-0.005
-19685.887
-15970.341
-33316.792
-17675.703
0.616
-17709.431
-18405.284
0.128
-15952.822
-19778.554
0.576
-5883.572
-17281.893
-15936.748
-0.368
-15405.467
-19445.050
-16420.310
-16146.300
-18233.819
-14353.232
-15468.922
-18161.388
-18625.466
-0.012
-19984.382
-17882.266
-19184.567
-11105.613
-0.440
-15234.842
-239.405
-17019.429
-25874.302
0.014
0.180
-15324.369
-3294.944
-20842.327
-18251.266
-17968.003
-6740.461
-18311.038
-0.341
-13119.992
0.445
-18744.854
0.336
-19091.273
-19689.315
0.346
-19725.060
-17896.183
-24487.432
0.016
0.369
-16936.404
-21331.597
-13207.361
0.563
-20954.924
-18866.226
-16976.822
-12975.558
-2124.811
-21284.047
-17504.719
-20176.891
0.037
-0.578
-20624.805
0.184
-16632.429
0.303
-16016.806
-19417.637
-16584.589
-19098.173
-21515.418
-0.195
-14103.826
-25634.549
-26407.245
-24111.727
-17427.601
-27362.101
-21501.457
-0.080
0.225
-25431.950
-25035.211
-22159.195
-19130.258
0.588
-13608.725
0.572
-17697.496
-18408.470
-15296.779
0.428
0.635
-16914.505
-18135.930
-13869.400
-13940.653
-16794.019
-16185.690
0.773
-18458.685
-16994.901
-14769.511
0.089
-15541.727
-14647.759
-17159.245
-14612.705
-12226.585
0.172
-5564.643
-19763.254
-11100.629
-11151.135
-0.178
-17760.056
0.561
0.038
0.646
-26531.995
-8191.774
-13125.549
0.027
-8886.167
-10859.991
-13561.693
-17249.913
-15200.998
-15141.283
-32905.903
-16646.520
-21210.130
-12767.276
-11050.864
0.423
-10638.003
-15022.368
-20733.406
-12851.533
-6531.493
-20308.861
0.300
0.564
-17383.967
-19056.541
-14186.580
-14005.651
-17751.491
-12839.259
-16560.595
-14760.020
0.195
0.522
-12947.635
-8463.033
-15655.962
-16999.771
0.423
0.487
0.092
0.447
-17161.663
0.341
-15124.374
-0.220
-15672.171
-17912.861
-16310.577
-18122.662
-15132.821
-19520.156
-16458.176
-11900.399
-15647.834
-8903.645
-9284.359
0.466
0.379
-17117.297
-15438.869
-18908.293
-16840.627
0.051
0.219
-11845.172
0.291
-17493.887
-25223.312
-14859.745
-2036.909
-11492.621
-17461.596
-18602.925
-16402.648
-9894.275
-11129.170
-18064.400
-16171.415
-19475.860
-18849.805
-9437.712
-13810.585
-0.235
-15984.423
-13614.222
-16133.464
-14056.956
-15365.662
-21705.384
-14073.560
0.592
0.037
0.288
-15764.101
-13366.543
-20173.251
-16309.821
-12038.431
-20199.293
-7608.565
-12966.321
-14931.678
-10179.323
-22123.962
-11638.969
-15583.979
0.404
-13866.619
0.074
0.351
-18345.121
-20834.247
-0.193
-3055.474
-21471.362
-15228.782
-19161.103
-19271.136
-10351.442
-22181.286
0.481
-14673.679
-15611.727
-23939.737
-16183.716
-14130.526
-0.165
-17535.349
0.386
-17989.354
-13186.512
-16672.884
0.128
-19843.868
-12519.558
0.167
-21617.614
-15419.943
-19809.841
-20034.360
-11485.736
0.687
-14292.879
-15842.503
0.257
0.279
-14290.462
-0.172
-12761.207
0.144
0.433
-15267.387
-17345.469
-17982.136
-13273.868
-14182.356
-11400.291
-17314.734
0.636
-20073.808
-22793.295
-26736.589
-0.396
0.639
-14406.246
0.183
0.456
-8365.649
-18276.873
-14574.619
-17863.110
-0.309
0.386
-16655.488
-23031.928
-13944.221
-23785.793
-13978.639
0.431
-15320.645
-25771.594
-10242.245
-0.108
0.516
-11850.832
-0.019
-16742.810
-9045.144
-18784.362
-0.235
0.233
-0.192
-15337.777
-16401.646
-12710.346
-13956.878
0.624
-22716.591
-10353.377
-24102.503
-10763.225
0.101
0.556
0.167
-15612.940
0.688
0.030
-19277.691
-19367.406
-25649.313
-22900.223
0.482
0.643
-27875.330
-24628.489
-16315.334
0.528
-15091.697
-23032.412
-9237.114
-26964.584
0.498
-7491.098
-15053.244
-14020.020
0.435
-20046.404
-12193.653
-22418.496
0.607
0.004
0.504
-17393.253
-21093.064
-17943.863
-13612.015
-16165.750
-16630.263
0.239
-9272.362
0.754
-26028.118
-14791.202
-26366.854
-26342.019
-25120.927
-12049.083
-23576.980
-18929.927
-14415.821
-12615.641
-14332.719
-14346.739
0.466
0.590
-6855.728
-22570.473
-16803.888
-4.863
0.394
-15628.636
-20062.394
-20915.837
-29192.831
0.414
-21730.745
-14726.705
0.598
-9738.552
-21502.622
-18548.555
-0.243
-9707.024
-19902.343
-18769.202
-13812.474
-19838.264
-28310.171
-19736.162
-27331.541
-25879.312
0.596
-14434.838
-14394.131
-25491.844
-0.340
-10679.533
-6766.386
-26718.241
-28585.435
-0.183
-10220.501
0.260
-24933.022
0.363
-8918.466
-18802.879
0.280
-929.479
-7205.004
0.253
-9594.677
-17218.791
-8278.669
-22428.451
0.501
-7165.031
0.513
0.376
0.794
0.449
-10248.214
-8656.163
-10947.274
-9472.403
0.757
-10027.648
-13762.309
0.745
-8267.271
-21260.953
-3663.702
0.659
0.523
0.002
-22495.702
-0.843
-16940.784
0.339
0.158
-5957.484
0.523
-22020.445
0.794
0.038
-6912.996
0.291
-21048.444
-25330.008
-5210.813
-2542.016
0.493
-4721.123
0.428
-0.137
0.183
0.555
-17718.751
-6835.181
-26128.160
0.050
0.718
0.357
0.264
-7361.292
-7217.922
0.517
-6900.681
-25398.259
-22924.015
-5435.680
-27809.147
0.054
0.044
0.433
0.420
-22829.366
-25296.740
0.328
0.548
0.502
0.556
0.451
0.500
0.139
-11526.496
-6915.788
-8763.674
-6926.069
-23801.914
0.757
0.494
-19492.196
-7962.440
-12470.265
-3.546
-0.252
-4646.007
0.235
-21939.899
-12886.225
0.700
0.481
-23883.137
-1.633
-4.166
-3014.722
-3800.022
0.518
-0.161
0.544
-0.492
0.073
0.197
0.612
0.057
-21259.636
-2696.927
-1188.989
-28997.232
-24638.089
-11737.961
-10728.450
-4.632
-18767.317
-1.216
0.066
0.514
-0.232
0.637
0.021
-279.825
0.770
-0.195
-0.018
0.006
0.143
0.584
0.194
-0.008
-23794.196
-28186.304
0.396
-18124.068
0.087
-26009.421
0.555
-23314.036
-28833.665
-13424.395
0.037
0.514
-0.291
0.074
-0.970
0.778
-21316.046
-20197.103
0.145
0.102
-30894.655
0.360
-19536.921
0.455
-0.317
0.130
-29313.971
-0.205
0.647
0.653
0.232
0.561
-30059.794
-19870.675
0.701
-0.206
0.191
0.174
0.410
0.603
0.343
0.651
-24771.357
-16652.138
0.206
0.543
-0.087
-0.075
-0.249
0.352
-27254.100
0.057
-20107.597
0.488
-5375.444
-0.868
-0.169
-0.372
0.708
-28308.680
0.136
0.203
-21392.330
0.778
-0.302
0.275
-17534.148
-14306.386
0.033
0.811
0.159
-12528.577
0.418
0.570
0.070
0.021
0.411
0.342
-24953.831
0.559
0.713
0.710
-0.343
0.436
-28249.465
0.558
0.073
0.391
0.515
-5464.141
-0.044
0.686
-20248.305
0.462
-0.098
-1.576
0.230
-23486.985
-0.115
0.124
-1.417
0.678
-26540.756
-30267.853
0.355
0.703
-1.834
0.523
-23355.439
0.364
0.045
0.436
-20383.154
0.067
0.402
-21916.750
-22198.180
-20430.674
-0.103
0.678
-21533.818
0.405
-22916.906
-0.046
-0.217
0.588
0.478
0.593
0.529
0.715
0.452
0.550
-25801.497
0.401
-0.354
0.540
-26132.482
0.771
0.676
0.694
-30189.127
-0.476
-27890.499
0.296
0.559
-21258.294
0.032
-18264.743
0.281
0.644
-22791.027
0.066
0.432
0.686
0.196
-799.469
-0.115
0.260
-3349.385
0.600
-0.189
-0.200
-0.327
0.304
-24157.126
0.874
0.257
-27632.251
-0.027
0.441
-12487.032
0.495
0.573
-21139.813
0.345
-22656.545
0.187
0.474
0.336
0.716
-0.068
0.216
0.651
0.661
0.362
-23603.064
0.386
-14740.528
0.223
0.533
-22703.168
0.343
-0.233
-0.339
-6644.711
0.344
0.196
-22425.986
0.481
-18015.945
0.437
-19756.036
-18522.630
-0.345
-2634.531
-27627.860
0.568
-0.105
0.800
-380.354
0.513
-23983.332
0.322
-26675.599
0.442
-0.088
-15194.793
-0.136
0.291
-0.213
-0.884
-19941.255
-16466.507
-20246.104
0.544
0.296
-23863.758
-0.519
0.396
0.494
0.545
0.128
-18736.920
-27238.051
-19670.801
-25632.560
0.630
-11589.450
0.405
0.172
0.689
-20225.208
0.185
0.575
-0.021
-24914.570
-21907.280
0.419
0.684
-24956.610
-14484.600
-25270.282
-0.460
-26655.829
-74.454
-24852.464
0.037
0.455
0.834
-0.360
0.593
0.271
0.674
-14508.970
0.056
-0.013
-26738.425
-25878.436
0.281
-17470.400
-14435.918
0.842
-26873.450
0.291
0.583
0.147
0.243
0.141
0.250
-0.195
0.337
0.525
0.230
0.723
0.264
-6764.318
0.679
0.563
0.557
0.827
0.139
-19049.405
-22261.851
0.527
0.216
-21268.190
-24336.880
-7589.575
-13121.777
-22923.188
-19978.731
0.608
-16877.337
0.382
0.520
0.153
0.586
-25545.891
0.154
0.245
0.196
-21006.789
-28241.891
-2764.805
-23767.639
-0.423
0.348
0.202
-9102.333
0.318
-23637.721
-14566.945
-0.075
-18658.297
-3889.464
0.345
-18270.838
0.329
0.589
0.599
-23812.097
-0.061
0.042
0.412
-14844.365
0.606
0.537
0.667
-18227.641
0.600
-14756.447
0.083
-19873.978
-23319.187
0.435
0.381
0.846
-14121.248
-15620.129
-16679.490
-0.143
-21027.039
0.709
0.596
0.682
0.572
-0.143
-15613.433
-16399.978
-0.166
0.827
0.340
0.834
0.484
0.480
0.380
0.411
-18789.140
0.233
0.293
0.536
0.444
0.543
-16266.822
-16039.077
-34.312
0.347
0.658
-14074.577
0.043
0.622
0.237
-0.073
-15576.788
-1744.891
-23217.882
0.312
-0.420
-19423.073
0.688
-0.087
0.723
-329.642
-17873.633
0.173
0.548
-8494.307
0.465
0.603
-8209.821
-13705.824
-17127.249
0.592
0.757
-9555.920
0.078
-20834.182
-0.124
-21029.705
0.590
0.740
-13123.414
0.593
-29.930
0.796
-0.407
0.491
0.320
0.576
-17730.563
-22076.825
-24761.794
-20508.977
-14514.791
0.325
0.376
-27845.712
0.111
-22558.210
-609.425
-25152.707
0.096
0.675
0.484
-14.711
0.460
-21879.903
0.330
-17422.950
0.753
-28048.701
0.765
-18784.041
0.769
-17695.408
-27631.375
0.661
0.514
0.267
0.296
0.294
-13947.146
0.720
-16093.981
-18413.890
-18762.338
-20622.527
0.516
-9791.958
-23180.591
-20324.603
0.155
0.757
-14955.770
0.481
0.306
-16055.813
0.500
0.599
0.337
-19315.220
-0.391
0.478
-20454.726
-15593.552
0.222
-20633.347
-24341.881
0.388
-14977.142
0.485
0.631
0.643
-0.325
-17743.586
0.599
0.431
-12300.047
0.324
0.283
0.316
-17538.154
0.646
-22539.346
-1989.989
-17606.507
0.742
-19323.778
0.836
0.293
0.580
0.280
0.626
0.365
-0.440
0.663
0.445
0.729
-13799.562
0.554
-15309.982
-11613.927
-0.466
-23455.780
0.244
0.371
0.024
0.760
0.022
-17777.523
-15512.902
0.592
-18883.392
-15133.397
0.337
-69.632
-13372.698
-11544.766
0.113
0.342
-23655.475
-21871.236
0.022
0.629
0.466
-18890.316
0.246
0.332
0.564
0.528
0.587
-2094.298
0.278
0.641
-24468.159
-19278.155
0.507
0.701
-17498.640
-17674.103
-19308.630
0.429
0.651
-15932.440
0.676
0.673
-0.103
-16474.442
-14714.359
0.686
0.889
0.810
-24282.439
-19626.147
0.545
0.610
0.667
0.786
0.405
0.576
-589.523
0.497
-10724.993
-20620.582
0.550
0.595
0.441
-17991.618
0.411
-13693.609
0.250
-16069.278
-23615.000
-150.483
0.222
0.529
0.577
-14792.688
-4495.017
-14033.283
-8834.702
-0.172
-11544.710
0.743
-0.104
0.149
-0.104
-15140.294
0.830
0.614
0.215
-4.379
-5545.510
0.548
0.641
-20362.381
-20145.923
0.608
0.647
0.439
-0.137
0.576
0.563
0.643
0.240
0.368
-21085.063
0.396
-19629.987
-15483.054
-20252.226
-9.780
0.486
0.522
-0.202
-14694.572
0.518
-15275.560
-0.148
-0.715
0.775
0.535
0.145
0.613
-19163.653
-17034.022
0.531
-9246.640
0.549
0.789
-16544.419
-11660.749
0.344
0.042
0.713
-10450.810
-20464.800
-12884.747
-16781.537
-9411.930
0.448
-21489.330
-160.330
-16905.122
0.332
0.602
0.262
0.168
-0.189
0.767
0.811
-0.591
0.587
-10573.566
0.072
0.354
-0.011
0.904
-4739.355
0.090
-0.018
-10.075
-0.066
0.155
0.400
0.605
0.245
0.683
0.141
-45.245
0.776
-14655.493
-0.528
0.633
0.788
-12024.684
-16354.420
-15347.942
-6119.435
-8997.180
-23745.310
0.584
-14661.424
-0.052
0.683
0.223
0.673
-29704.418
-14470.217
-2524.425
0.029
-7438.088
0.617
0.466
0.176
0.817
0.397
-8117.943
-0.207
0.630
0.408
0.293
0.756
0.597
0.494
0.784
0.470
0.573
-9604.278
0.197
0.610
-17079.547
0.053
-645.213
0.100
0.397
-14820.780
0.723
0.078
0.454
0.226
-14405.145
0.685
-16394.649
0.537
-13771.822
-10687.476
0.527
-17503.209
-0.353
0.025
-11705.958
0.334
-15568.783
-24542.493
-16405.251
0.529
-18849.701
-14826.850
0.409
0.377
-12870.065
-17568.468
0.432
0.700
0.628
0.403
-13946.521
0.514
0.683
-15926.209
0.812
0.115
-15036.754
0.467
0.473
-6971.293
0.418
-22438.352
-17585.924
0.493
-0.200
0.476
-14142.657
0.215
-13718.495
-17379.044
-15599.671
-14990.889
0.700
0.662
0.780
0.102
-20234.734
0.354
0.250
-22107.656
0.136
0.336
0.382
-14416.488
-19182.681
-20847.649
-12624.348
0.637
-19958.378
-20907.969
-24788.914
-0.013
0.061
0.145
-10.075
200.953
0.675
0.352
-15534.959
0.526
-17791.751
0.624
0.545
0.405
0.378
0.824
0.544
0.576
0.515
-23759.085
0.477
-14.337
0.698
0.157
-13064.593
-21234.754
-21113.278
-0.188
0.671
-13496.862
0.312
-14645.712
-23760.007
0.718
0.575
-14294.173
-19356.004
0.413
-19981.241
-18790.673
-24767.857
0.778
-10574.143
0.442
0.656
0.145
0.681
-4.496
0.363
0.811
-11104.255
-13257.068
-20661.178
-16536.624
-14606.182
-20275.659
0.388
0.380
-22952.138
0.828
0.346
-17392.170
-19540.211
-17780.842
0.706
0.772
-20451.131
-17912.511
0.582
-17965.483
-17698.668
0.266
-7905.662
-13947.348
-15529.586
0.526
-16822.634
-21567.772
-15443.391
-13379.939
0.405
-20163.039
-19116.433
-16356.271
0.571
0.720
0.216
0.175
-13883.494
-18278.694
0.538
0.392
-18300.285
-0.149
0.633
0.012
-15701.837
0.149
-14409.534
0.625
0.681
-16941.639
0.247
0.119
0.135
-15497.405
-15841.865
-15366.385
0.428
0.443
-16808.205
0.397
0.753
0.137
-16036.019
0.659
-17371.075
0.440
-6639.576
-15011.750
-17321.337
-14498.398
-17626.017
0.128
0.481
0.201
-15112.118
0.731
-18353.706
-16397.429
-10714.682
0.027
-16539.603
0.201
-10157.590
-15313.722
-17252.897
-10749.909
0.568
-13735.013
0.685
0.478
200.952
-12988.226
-11900.469
-9415.874
-0.000
0.676
0.659
0.538
-17608.271
0.148
-15410.754
0.718
0.367
-15396.825
-4369.577
-0.036
-0.403
-16350.915
0.538
0.614
-17969.122
-18768.170
-12800.642
-15864.563
0.177
0.436
-17294.385
-19863.000
0.462
0.270
-16177.202
0.436
0.292
-15197.477
-15257.650
0.423
-0.175
-17202.351
-134.291
-18576.514
0.467
0.614
-17573.327
-0.075
0.648
-16451.940
-4164.343
-0.047
0.719
0.613
-0.456
0.531
0.405
-19551.107
0.409
0.685
-26011.242
-16233.077
-17973.812
0.659
-13814.487
0.023
0.645
-15852.429
0.180
0.448
-15346.747
0.004
-17692.845
-18265.437
-20571.765
-29.299
0.160
-20733.919
0.429
-12000.394
0.551
-0.063
0.718
0.074
0.729
0.561
0.484
-19015.579
-19060.120
-0.018
-21516.366
-18810.587
-15270.833
-17287.704
0.553
0.288
0.690
-18880.401
-22334.678
-25275.162
0.243
-18435.071
0.295
-18804.130
0.485
-13480.627
-24027.683
-15960.214
-21250.464
0.025
0.542
-21679.599
-9829.446
0.380
0.677
-13760.079
-27593.060
-19862.055
0.631
-0.210
-10491.105
0.236
0.454
-20536.859
-21536.002
-20344.719
-10934.827
0.498
-23319.037
-29307.239
-17485.981
0.404
-17022.386
-17017.776
-3949.564
-21970.324
-18485.617
0.426
-0.358
0.818
-20504.064
-7114.409
-24097.758
-14262.171
-14365.498
0.703
-10214.922
0.783
-18398.123
0.100
0.669
0.408
0.805
0.674
-21837.361
-18518.082
-24718.834
0.435
-20872.195
-17404.197
-12602.926
0.386
-27267.895
-20360.971
0.503
-16889.142
0.230
0.784
0.530
-21203.522
0.017
-20541.961
-21792.059
-23780.100
0.515
-16703.968
-25633.452
0.535
-23664.085
0.587
0.327
-21867.571
-19200.627
0.118
-18353.166
-13207.719
0.548
-27453.208
0.512
-22184.319
-12120.509
-19102.509
-23451.745
-25.016
0.111
0.489
-19684.954
0.196
-17459.970
-18781.040
0.544
0.530
-14035.474
0.621
0.702
-7650.070
0.354
-26830.317
-9895.144
-22759.553
0.197
0.347
-9556.350
0.147
0.793
-21904.016
-16877.409
0.477
0.421
0.540
-23723.241
0.230
0.294
0.758
0.616
-24879.121
0.493
0.367
0.403
0.817
0.677
-6784.578
0.414
-12070.695
-14374.175
-16064.103
-12560.183
0.268
-18643.399
-23134.178
0.797
0.373
0.586
0.732
0.043
-18869.073
-0.097
-17784.827
0.314
-8095.104
0.370
0.551
0.652
-14052.736
0.563
0.319
-29850.407
-13794.587
-15727.466
0.167
-15396.878
-13793.783
-10652.484
-14980.793
-12719.181
-14878.853
0.575
-9950.686
0.572
0.200
0.704
-18674.669
0.866
-1999.467
0.508
-0.430
0.171
0.471
0.656
0.651
-18835.251
0.326
-0.015
0.464
-10779.883
0.307
-12729.868
0.586
-0.357
0.556
-10645.383
-6585.478
-11259.668
-0.014
-1.245
-11547.379
0.746
0.159
0.489
-8552.959
-11014.714
0.421
0.763
0.204
0.254
0.563
-0.962
0.405
0.555
0.328
-11108.708
0.712
-21266.041
0.084
-5054.260
-34.406
0.187
-0.116
-0.187
0.267
0.253
-4425.154
-0.248
-6630.500
0.442
-419.662
0.668
-18166.276
0.719
-9950.736
0.579
-0.009
0.092
0.217
0.516
-7271.339
0.380
-14895.687
0.095
0.288
-0.159
-19017.396
0.574
-12484.968
0.179
-14952.601
-0.623
0.042
0.630
-0.070
0.002
-15950.664
0.478
0.029
-15642.320
0.349
-13933.342
0.707
-0.074
0.081
0.537
0.187
-0.562
-13212.601
0.608
0.670
0.235
0.393
-12594.418
0.608
-0.616
0.567
0.285
-14595.385
0.678
0.143
0.730
0.266
0.381
0.436
0.203
-1.017
0.343
0.498
0.461
0.373
0.546
-0.595
0.672
-11448.253
0.477
0.089
-34.853
-8166.920
-12064.062
0.419
0.495
-0.384
-0.087
0.517
0.159
0.418
-394.890
0.802
-114.879
0.591
0.333
0.241
0.037
-0.018
0.181
-15152.165
0.298
0.599
-16979.735
0.376
0.574
-0.058
0.308
-8214.741
-11463.411
0.443
-0.229
-64.969
0.124
0.509
-209.930
0.058
-2284.496
0.301
-64.933
0.513
0.568
-0.097
0.207
0.019
-9.777
0.488
0.329
-0.023
-11855.080
0.042
-7786.303
0.725
0.611
0.374
-0.785
-16089.549
-0.369
0.379
0.664
-0.377
0.797
0.692
0.527
0.088
0.688
0.326
0.016
0.498
0.121
0.670
0.148
-10.577
0.470
0.392
0.443
-0.136
0.139
0.186
0.498
0.465
-0.014
-19.347
-0.232
-0.567
0.069
0.568
0.278
0.382
0.697
-24.711
0.079
-0.316
0.078
0.039
0.190
0.646
0.425
0.348
0.238
-0.024
0.330
0.569
-3905.217
0.623
0.714
0.687
0.062
0.429
0.594
0.516
-3504.653
0.227
0.359
0.805
0.697
0.444
0.789
0.508
0.137
0.843
0.523
0.473
-11964.197
0.118
0.098
0.313
-0.128
0.186
0.453
0.323
0.371
0.359
0.239
0.441
0.645
0.635
-0.063
0.295
0.593
0.268
-9824.968
-0.216
0.622
0.269
0.574
0.590
0.671
0.419
0.390
-0.451
0.312
0.654
0.058
0.498
0.255
0.260
0.364
0.040
0.520
0.359
0.194
-7942.079
0.641
-14676.983
0.600
0.426
0.152
-19960.385
-0.482
0.214
0.449
-0.285
-0.261
-16424.618
-2314.350
0.810
0.686
0.495
-18236.426
-14750.079
0.689
0.516
0.406
-18662.531
-14885.627
0.608
-17716.115
0.506
-17799.975
0.335
0.287
-12513.980
0.557
-16118.259
-0.041
-0.467
-15283.185
0.122
-0.439
0.622
0.321
0.272
0.394
0.590
0.468
-9.762
-12371.945
0.697
0.322
-731.397
0.344
-4.575
-7007.546
0.078
0.513
-0.699
0.456
0.125
0.231
0.759
0.341
-0.325
-7814.951
-9069.880
0.560
0.214
-0.223
0.598
0.779
0.454
-8964.408
0.083
0.005
0.654
0.316
0.751
-4085.741
0.507
0.696
0.774
-29.422
0.236
0.285
-55.033
0.597
0.008
-9.739
0.480
-0.178
0.294
0.194
0.597
0.616
-0.083
0.436
-0.043
0.775
0.663
-0.057
0.370
0.399
-449.258
-9.330
-2559.936
-79.722
0.487
0.415
0.450
-0.072
0.331
0.205
0.422
0.178
0.563
0.848
0.608
0.252
0.309
0.464
0.207
0.774
-0.264
0.514
0.307
0.196
0.439
0.239
-0.222
0.751
-44.804
-0.515
0.628
0.475
0.501
-129.345
-0.599
0.495
0.107
0.833
0.569
0.481
0.299
0.790
0.397
0.325
0.005
-5604.456
-0.091
0.282
-10.214
0.543
0.602
0.745
0.774
0.238
0.278
0.731
-0.262
0.799
0.376
0.491
0.545
0.517
0.499
0.247
0.006
0.590
0.561
0.401
0.275
0.092
0.204
0.536
0.541
0.005
0.716
0.297
-0.479
0.584
0.588
0.276
0.538
0.305
0.115
0.797
0.355
-10799.988
0.114
-0.052
0.193
0.482
0.380
-0.331
0.370
0.431
0.427
0.640
0.582
0.158
-0.037
-0.058
0.561
0.263
0.453
0.606
-4695.360
0.739
0.328
0.733
0.610
0.516
-0.543
0.371
0.095
0.074
-12959.722
0.406
0.305
0.576
-0.041
-0.194
-0.047
0.464
0.493
0.608
0.519
-854.424
0.277
0.593
0.529
0.504
0.559
0.566
0.793
0.041
0.133
0.595
0.540
0.145
0.353
-0.326
0.209
0.364
0.187
0.581
0.438
0.065
0.428
-14759.498
0.244
-0.213
-6934.594
0.593
0.208
-14404.730
0.533
0.053
0.721
0.324
0.437
0.526
-3299.414
-4544.474
0.453
0.359
0.062
-11544.331
-2.123
0.287
0.597
0.254
-0.165
0.643
0.544
0.460
-0.878
0.323
0.706
0.681
-0.080
-0.487
0.297
-0.355
0.816
0.174
0.116
-0.274
0.292
0.511
-0.018
0.233
0.311
0.532
0.547
0.184
0.600
0.695
0.381
0.256
-0.042
-2999.595
0.213
0.641
0.005
0.153
0.551
0.719
0.518
-0.445
-39.566
0.178
0.833
0.525
-0.241
-0.053
0.509
-0.391
0.544
-0.026
0.549
0.637
-12134.518
0.318
0.234
200.925
0.498
0.401
0.150
0.565
-16804.692
0.822
-24.867
0.209
-104.777
-2985.176
0.324
0.314
0.058
0.398
0.768
0.590
0.382
0.298
0.759
0.173
0.603
-13514.713
0.676
0.204
-9399.719
0.385
-17715.159
0.499
0.673
0.273
0.735
0.680
0.294
-18514.723
0.800
0.862
0.014
0.616
0.238
0.340
0.229
0.465
0.309
-0.401
0.721
0.627
0.362
0.041
0.181
0.487
0.604
0.480
0.124
0.749
-0.620
0.363
0.755
0.371
0.765
-0.843
0.571
0.254
0.861
0.426
-0.138
0.561
0.687
0.556
0.207
0.809
0.376
0.516
0.780
0.633
0.229
0.548
-9774.335
0.376
0.322
0.597
0.021
0.866
-189.176
0.217
0.338
-40.277
-0.244
0.581
0.685
0.112
0.427
-18744.549
-0.341
-0.172
0.371
0.259
0.388
0.592
0.511
0.683
0.466
0.493
0.799
-44.433
-0.079
0.638
-17151.245
-0.224
0.526
0.194
0.734
0.521
0.244
0.831
0.723
0.351
0.449
0.100
0.395
0.439
0.394
0.483
0.641
-19.681
0.357
0.733
0.490
0.553
0.487
0.678
0.625
0.284
0.425
-14729.169
-0.275
0.122
0.167
-0.072
0.651
0.769
0.447
-0.557
0.622
0.855
0.672
0.492
0.176
0.758
0.441
0.631
0.270
0.558
-5.138
-0.151
0.838
0.424
0.359
0.642
-19162.875
0.499
0.177
-1.011
0.662
-0.197
0.752
0.748
0.010
0.423
0.543
0.564
-1.545
0.485
0.673
0.758
0.722
0.406
-21645.974
0.809
-0.007
0.117
-0.191
-0.474
-0.283
-5049.763
0.425
0.217
-18369.620
0.019
0.470
0.404
-5170.009
0.159
0.493
-14654.329
-0.000
0.709
0.469
0.200
0.721
0.739
0.563
-9030.667
0.158
0.683
0.671
-0.325
-8524.434
0.354
0.187
0.064
-2199.512
-11219.912
-0.589
0.772
0.604
0.653
0.345
0.496
0.563
-11438.198
0.538
-13329.858
-0.151
-0.026
0.055
0.584
-20623.586
0.257
0.339
0.169
0.356
0.751
0.660
0.313
0.137
0.457
-0.327
0.644
-9.779
-10987.455
-8136.505
0.358
0.110
0.049
0.392
0.368
0.589
0.741
-0.114
-4.634
-13444.235
0.858
-8389.168
-14392.772
0.667
0.442
0.407
0.629
-0.055
0.543
0.289
0.522
0.490
-0.564
0.065
0.615
0.564
0.104
0.183
0.349
0.684
0.091
0.460
-0.278
0.540
0.275
0.655
0.777
0.661
-0.198
0.572
0.244
0.550
0.402
-0.105
0.780
0.634
0.436
0.328
0.454
0.765
0.548
0.533
-0.371
0.736
0.242
-6304.911
0.333
0.538
0.084
0.609
0.275
0.698
-849.161
0.770
0.478
0.052
-0.049
-0.187
0.108
-10344.807
0.539
0.677
-0.371
-5644.449
0.653
0.512
0.486
0.490
-0.248
0.811
0.856
0.502
0.310
-0.032
-0.566
-17179.241
0.598
0.309
0.481
0.401
0.019
0.482
0.548
0.742
0.763
-34.395
0.299
0.598
0.360
0.489
0.081
0.544
0.435
0.304
-109.701
0.225
0.238
0.810
0.375
-0.180
0.500
0.488
-0.701
0.255
-49.212
-0.104
0.789
-539.951
0.262
0.356
0.072
0.684
0.330
0.015
0.468
0.440
-0.922
-0.123
0.277
0.501
0.528
0.479
0.005
0.177
0.638
0.269
0.149
0.380
0.194
0.187
0.725
0.049
-0.058
0.325
0.315
0.689
-1.681
-0.810
0.079
0.508
0.473
0.318
-0.373
0.602
0.702
0.320
0.727
0.471
-0.286
0.219
0.472
-0.294
-2830.027
0.423
0.122
0.416
-0.036
0.562
0.700
0.275
0.345
0.457
-0.060
0.774
0.043
-0.212
0.325
0.476
0.490
0.712
-0.144
0.268
-0.106
0.676
-0.344
0.690
-69.352
0.741
0.249
0.743
0.812
-0.049
-0.387
0.016
0.559
0.303
0.677
0.503
-0.436
0.091
-0.259
0.757
-10164.419
0.296
0.036
-499.940
0.511
-104.790
0.334
-0.011
-0.222
0.389
0.435
0.419
0.580
0.778
-44.892
0.253
0.129
0.245
0.779
0.476
0.423
0.779
0.648
0.851
-0.061
0.070
0.088
0.318
0.722
0.257
0.637
0.379
0.349
0.529
0.437
0.693
-0.080
0.379
0.550
0.429
-9.470
-229.377
0.047
0.368
0.635
0.455
-0.062
0.513
0.222
-0.684
0.594
0.327
0.633
-69.594
-7626.171
0.235
-2170.288
0.411
0.714
0.354
-0.310
0.343
0.498
0.301
0.478
0.426
0.260
-0.802
-3394.665
0.590
-4.494
0.374
-0.952
0.509
-0.274
0.448
0.503
0.176
0.673
0.496
-4054.256
0.538
0.041
0.678
0.473
0.673
0.828
-0.084
0.787
0.004
0.658
-1.126
0.695
0.688
0.562
0.069
0.869
0.542
0.383
0.531
0.221
-0.121
0.223
0.453
-4518.896
-0.165
0.151
0.505
0.164
-0.396
0.306
-0.060
0.130
-1.132
0.838
0.527
-0.729
0.480
0.466
-0.325
-0.182
0.788
0.546
0.782
-0.449
0.486
-0.993
0.472
0.360
0.246
-0.021
0.548
0.597
-0.652
0.554
-1.491
-0.027
-354.420
-0.123
0.614
-0.120
0.354
0.639
-0.432
0.482
0.579
0.452
-624.420
0.713
0.166
0.397
0.613
-2284.816
0.389
-0.924
0.024
-0.088
-0.255
0.021
0.713
-0.013
0.506
-0.171
0.143
0.071
0.581
-0.170
-0.864
0.402
-18579.825
0.231
0.618
0.589
0.664
0.388
-4.478
0.698
200.947
0.545
-0.711
-0.423
0.644
0.201
0.107
-19459.726
0.626
0.282
-0.140
0.327
0.394
0.168
0.732
0.283
0.586
0.261
-0.091
0.349
-364.278
-324.451
-0.237
-1.545
0.528
0.116
-16428.702
0.194
0.804
0.574
-0.202
0.686
0.390
0.591
0.589
0.668
-0.153
-974.337
-0.064
0.667
-129.799
0.288
0.078
0.450
0.504
0.743
-0.413
-0.984
0.658
0.744
0.718
-19074.904
-0.017
-0.710
0.486
-0.456
0.349
-0.018
0.566
0.342
0.398
0.559
0.459
0.270
0.440
0.239
0.041
-4.776
0.734
0.598
-0.068
0.822
0.475
-0.008
0.813
0.470
-35.084
0.336
0.628
-19604.922
-13054.552
-7296.139
0.554
0.725
-0.165
0.619
-0.143
0.138
-0.153
-16818.839
0.116
0.199
-0.236
0.813
-0.253
-0.132
-0.121
0.518
0.472
-124.886
0.216
0.082
0.435
-4.710
-1.197
0.648
-24.420
0.581
0.442
-0.109
0.165
0.509
0.778
0.350
0.530
-0.083
0.605
0.689
0.681
0.344
0.725
0.245
-0.106
0.598
0.747
-7.831
0.690
0.621
0.640
-0.111
-9251.374
0.151
0.790
0.827
0.577
0.131
-0.026
0.569
-0.511
0.610
0.250
0.881
0.716
-0.234
-0.391
0.035
0.144
-18350.788
0.486
-0.278
0.614
0.273
0.465
0.612
0.508
0.265
0.006
0.196
0.738
0.735
0.797
-0.100
0.287
-0.136
-0.688
0.472
-0.047
0.689
0.621
0.484
0.646
0.212
0.823
0.194
0.707
0.757
0.545
-0.351
0.835
-0.406
0.185
0.102
0.347
0.251
0.791
0.013
0.527
0.216
0.498
0.670
0.620
0.312
0.484
0.609
0.486
0.635
0.494
0.648
0.392
-0.538
-0.605
0.572
0.450
0.378
-3414.852
0.275
0.734
-0.229
-829.943
0.463
0.247
0.265
-0.234
0.495
0.684
0.402
0.346
0.661
-5320.651
0.532
-2.467
0.489
0.795
0.585
-0.082
0.440
0.195
0.630
-0.999
0.446
0.341
0.604
0.711
0.713
0.727
-0.344
0.717
-0.188
-4234.904
-19404.335
-0.330
-0.155
0.109
-0.424
0.450
0.563
-19570.200
-0.118
0.616
-0.314
0.346
0.642
0.274
0.267
0.434
0.520
-0.678
0.809
-0.074
0.516
0.189
0.485
0.255
0.586
0.248
0.357
0.354
0.230
-0.424
-0.655
0.070
0.019
-1.311
-1.710
-1.372
0.217
0.631
-0.312
0.140
-11695.782
0.444
0.673
0.421
-0.070
0.453
0.618
-0.055
-4154.950
0.550
0.210
-3140.737
0.099
0.298
-24961.262
0.624
0.526
-19205.035
-24203.693
-0.018
0.470
0.077
0.046
-3758.393
-0.547
0.405
-7809.447
-0.695
0.190
0.905
0.727
-0.430
-0.290
-0.116
0.838
-0.842
0.309
0.731
0.715
-30926.161
0.729
-449.215
0.053
0.814
0.322
0.794
0.540
0.466
0.485
0.592
0.445
-1.077
-1.123
0.837
0.195
-4.830
-8274.241
0.476
0.082
0.074
-0.700
0.581
-23493.350
0.752
-24.554
-6256.008
0.438
-0.184
0.815
0.200
0.537
-0.062
-0.821
-0.022
0.501
-1.248
0.290
-690.999
0.641
-164.728
0.286
0.548
0.323
-0.459
0.590
-5725.550
-20.079
-0.139
0.428
0.192
0.442
-0.036
0.586
0.393
0.379
0.822
-0.181
0.197
0.440
-1.027
0.718
0.757
-0.281
-0.435
0.410
0.634
0.796
0.166
0.290
0.408
0.765
-0.553
-5255.337
0.231
0.016
0.690
-0.685
-3259.310
-0.101
-1.027
-0.628
-0.446
-0.062
0.622
0.198
0.471
-0.057
-0.122
0.127
-0.543
0.593
0.393
0.525
0.360
-14370.865
-0.096
0.497
0.280
-1.116
-0.006
-0.587
-0.103
0.005
0.462
-0.866
0.303
-1.710
0.048
0.804
-0.216
0.578
0.225
-23043.921
0.709
-9219.568
0.124
0.513
-0.957
-18204.520
0.008
0.466
-0.003
-1.138
-15456.327
0.797
-0.480
-0.276
-0.149
0.687
0.074
0.254
0.211
0.586
0.349
0.744
-0.523
-0.595
0.402
-1.142
-20.106
0.339
-0.161
-0.669
-0.336
0.688
0.596
0.060
0.434
0.814
0.453
0.574
0.177
0.630
0.553
0.516
-0.770
0.412
0.824
0.336
-0.547
-54279.389
0.153
0.127
-15224.026
-46772.779
0.344
0.611
0.224
0.608
0.885
0.599
0.485
0.347
-28536.501
0.370
-9.671
0.603
-19969.881
0.443
0.606
-1.544
-0.880
-29220.361
-36284.587
0.702
0.514
-19338.254
0.524
0.152
-33345.413
0.618
-0.169
0.442
-5339.538
0.382
0.124
0.582
0.613
0.598
0.306
0.459
-7954.768
0.186
-80.923
-1.769
0.512
-0.537
0.803
-0.328
0.710
-0.107
0.565
0.505
0.305
0.610
0.472
-0.437
0.660
0.501
-34472.292
0.025
-26195.531
-19475.029
0.580
0.765
0.241
-0.436
-16472.053
0.113
-0.187
-254.476
-0.353
0.339
0.463
-160.719
-0.037
0.542
0.257
0.631
-0.151
0.327
-2.075
-0.111
-0.368
0.069
-1.172
0.711
0.514
-0.395
-1.394
0.487
-0.382
0.361
-19524.315
-0.597
-1.264
0.228
-0.639
-18489.525
0.563
-23929.598
-14.648
0.233
0.200
0.505
-0.628
0.832
0.454
0.503
-0.699
-30365.115
0.543
0.239
0.628
0.132
0.281
0.332
0.593
-0.057
0.602
-0.442
0.740
-2.665
0.501
-0.055
0.221
-1.021
-24697.036
0.531
-0.069
0.604
0.478
-0.630
0.411
0.589
0.082
0.018
-0.027
-0.305
0.408
0.660
0.444
-1.476
-23180.170
-22838.468
0.344
0.235
0.767
0.666
0.690
-0.269
0.764
-0.554
-39.704
0.180
0.405
-0.755
0.303
0.094
0.310
0.433
0.414
-0.024
-0.500
0.536
0.385
0.697
0.645
-0.644
0.589
-23872.812
0.110
0.101
-0.799
0.543
0.326
-0.920
0.328
0.322
0.643
0.174
0.530
0.603
0.228
0.600
0.814
-2.160
-1.398
0.310
-0.478
-0.233
0.505
-0.516
0.714
0.312
0.275
0.250
0.551
-0.087
-0.154
0.305
-29.623
0.456
-1.983
-0.826
-1.109
0.270
0.768
-9305.241
0.619
-630.353
0.169
0.246
-0.889
-1.198
-454.784
-19.682
-0.308
-29368.110
-0.078
-24770.588
0.116
0.554
0.172
0.157
0.344
-0.458
0.747
0.293
-24333.169
-25482.663
0.110
0.568
0.517
0.507
0.099
0.594
0.347
0.788
0.451
0.635
-32864.066
-0.151
-0.167
0.099
0.011
0.118
0.563
-36508.771
0.739
0.428
0.135
0.104
0.202
0.734
-0.714
0.435
0.195
-1.793
-22607.112
-0.667
0.395
0.313
0.438
-0.023
-24849.168
-30642.895
0.363
0.749
-0.759
-574.907
0.060
-0.602
0.659
-0.672
0.290
-0.239
0.496
-0.387
-0.057
0.242
0.518
0.141
0.791
0.513
0.161
0.501
0.348
-25539.627
-28363.656
0.752
-0.904
0.345
-0.361
-0.212
-1.132
-20716.673
0.267
-0.163
0.332
-28197.181
-0.534
0.662
-1.726
-0.381
-0.164
0.494
0.882
0.154
0.528
0.349
0.086
0.268
-29880.760
0.381
0.388
0.743
-28823.698
-15305.321
0.121
-19956.270
0.056
0.440
-28920.553
-300.077
-7771.330
0.463
0.174
-0.751
-1.084
-0.630
-195.846
-0.062
-4146.552
0.718
0.399
0.502
0.141
0.232
-0.338
-0.049
0.536
0.270
-0.595
0.022
0.398
-5665.971
0.321
-19222.408
-16838.313
-0.765
0.645
-26908.522
-0.751
0.447
-35203.424
-0.345
-30892.730
-0.534
-2.394
-1.149
-40007.059
0.853
0.672
-1.235
0.812
0.225
-0.612
0.106
-1.569
0.518
0.256
0.511
-25511.511
-0.764
-29409.732
0.351
-32412.868
0.675
-6146.412
-19696.354
-31351.663
-0.053
-0.037
0.808
0.591
-1.201
0.208
-0.332
0.488
-0.743
-1.325
0.185
0.135
0.190
0.569
0.645
0.561
-0.447
-44268.799
0.085
0.641
0.557
-20.077
0.496
0.053
0.531
-40161.458
-38605.520
-34.417
0.195
0.264
-0.661
-24283.999
-36831.445
0.460
0.303
-0.061
-5439.806
-29148.879
-0.098
-0.418
-37913.059
0.553
0.257
-1.577
0.285
-43984.812
0.699
0.004
0.653
-0.102
-32152.360
-0.815
0.004
-1.382
0.583
0.078
0.138
-0.491
0.611
0.055
0.282
-0.915
-0.617
0.199
-0.107
-0.322
0.288
-26206.319
0.637
0.225
-0.274
0.718
0.512
-0.285
0.160
0.303
0.343
0.715
-0.106
0.738
0.515
0.704
-0.469
-0.283
0.782
-33340.636
-0.112
-32101.376
-0.082
-0.039
0.594
0.654
0.729
-0.960
-35185.009
-0.897
0.740
-18799.518
-0.105
-1.436
-0.047
-44428.987
0.080
0.445
0.732
0.256
-0.322
0.288
0.126
0.773
-1.710
-23282.113
-0.528
0.304
0.501
-0.032
0.304
0.618
0.759
0.189
0.043
0.800
-0.573
-25856.590
0.575
0.529
-0.436
0.401
0.625
0.409
-25945.910
-2.335
0.010
-34069.996
0.547
0.677
0.413
-799.119
-0.053
-0.870
-27578.578
0.543
0.020
-36761.803
0.386
-0.064
0.275
0.611
0.663
-34870.459
0.372
0.508
-0.137
0.496
-24640.369
-0.114
0.603
-26882.668
-0.531
0.247
0.777
-1.085
0.550
-0.501
-47598.865
-0.687
0.366
-0.886
0.857
-0.114
-31717.961
0.524
0.398
-1.027
-0.322
0.250
-0.386
-4764.915
0.333
0.044
-26215.000
-0.419
-19.808
0.046
-19444.393
0.566
0.226
-0.127
0.099
-0.702
0.733
-0.004
0.211
0.235
0.253
-1.497
0.399
-27854.370
-0.002
-34.728
0.450
0.296
0.452
0.739
-0.298
0.473
-0.837
-0.231
0.845
0.236
-0.342
-60321.205
-47580.120
0.541
-1.295
0.488
0.331
0.668
-1.545
0.316
0.098
0.043
0.429
-0.588
-0.115
0.316
0.525
0.567
-0.007
0.614
0.419
-0.437
-0.432
-0.292
0.477
0.473
0.766
0.729
0.425
0.340
-1.048
0.699
-3.230
0.593
-0.348
-28586.361
-34868.365
-49724.826
-9.892
-76.515
-0.126
0.708
-0.361
0.675
-0.425
-0.743
0.644
0.490
0.408
-0.340
0.377
-47789.945
0.817
0.069
-28687.427
-36669.825
-0.839
-0.740
0.594
-0.215
-0.375
0.493
-38746.291
-0.009
-47429.948
0.083
0.219
0.312
0.512
0.333
0.524
0.202
0.589
-39278.651
0.078
0.531
-0.155
-31178.485
-0.655
-0.695
-26574.671
0.122
-67.626
-40273.185
0.352
-41131.794
0.671
0.082
-36487.247
0.051
0.016
0.102
-35076.915
-0.151
-1.458
-53060.682
0.056
-1769.396
-0.889
-30948.098
-60635.740
0.203
0.725
0.602
0.321
-0.274
-54633.090
-37998.079
-0.513
-0.039
-42864.480
-1.564
0.239
-50330.296
-44301.668
0.436
-36650.214
0.664
-36774.402
0.687
-0.292
0.186
0.301
-34963.023
-33731.050
0.060
0.092
0.640
-41963.988
0.505
-44820.712
0.519
-0.476
-57371.371
-43662.059
-0.300
-40619.308
0.398
0.717
-31941.477
-51926.722
0.702
-0.522
-0.132
-0.119
-39874.700
-0.585
-27207.358
-34654.397
-0.247
0.090
0.051
-1.647
0.101
0.293
-0.993
-2.271
-59.288
0.076
-0.598
-19070.468
-0.622
0.325
0.198
0.661
0.483
0.356
-0.723
-51428.370
0.515
-19630.876
-0.023
0.175
0.412
0.210
-37187.268
-0.432
0.434
0.140
0.439
-47910.326
-1.689
-34172.553
-49719.919
-1.396
-7240.250
0.436
-0.684
-0.459
-0.286
0.533
0.292
0.559
0.294
-0.077
-0.472
0.055
0.525
0.196
-0.472
-0.366
0.156
0.802
-0.329
-0.058
0.114
-0.135
-6725.057
-0.686
-40389.252
0.134
0.483
0.420
0.273
0.533
-0.087
0.684
-1.866
-49889.080
0.102
0.371
-0.664
-0.270
-48851.278
0.543
0.351
0.129
0.574
0.369
0.429
0.365
-48267.642
0.130
-0.076
-49361.595
-0.046
-42087.394
-29053.395
-0.425
0.329
0.263
0.737
-0.335
0.704
-0.060
0.573
-41413.810
-45986.712
-26570.727
0.156
-39255.601
-0.425
-1.374
0.523
0.190
0.759
0.535
0.569
-34050.059
-31606.862
-36271.469
0.337
-50464.030
-37403.354
0.122
0.626
0.345
0.206
-0.145
-0.560
0.474
-0.621
-37198.683
-44195.029
-57031.821
-1.738
0.572
-49.760
-0.079
-0.365
-0.375
-36095.029
-0.181
-0.207
0.286
0.742
-38542.441
0.313
0.478
0.550
0.568
-39038.337
-1.338
-1.106
-1.080
-0.196
-36114.733
0.459
0.409
-32542.617
-0.266
0.395
0.606
0.419
0.174
-189.933
-4.914
-899.921
-1.188
0.207
-0.683
-35769.249
-1.619
-20.299
0.616
-35476.852
-0.250
-0.465
0.595
-0.437
0.113
-0.454
-0.722
0.328
0.020
-0.038
-0.307
-19514.611
-37759.771
-1.897
-46451.589
0.502
0.435
0.457
0.705
-0.710
0.074
0.601
0.615
0.517
-43878.663
0.355
-31514.297
0.720
0.549
-54955.530
0.466
-53912.903
0.744
-0.547
-3.123
-0.663
-39141.640
-45454.886
0.534
-41388.978
-56385.813
-62924.767
-46622.494
-55575.470
-42387.771
0.705
-0.609
-64319.905
0.568
0.775
0.804
0.417
0.518
0.682
0.416
0.221
-0.181
0.307
-48289.080
0.275
-0.374
-47756.301
-0.279
0.032
0.134
-1094.947
0.485
0.600
-45918.518
-3901.262
-37411.603
0.525
-47843.999
0.200
0.816
-29453.650
-40392.357
0.515
-1.328
-0.316
-0.790
0.325
-45130.586
0.245
0.749
-0.715
0.287
-39031.979
0.092
0.564
0.200
-35076.352
-47424.172
0.095
0.240
-31336.882
-54031.930
0.403
-0.047
-37299.964
0.683
0.576
-0.623
-56443.198
-0.096
-35154.545
-49601.135
-1.201
-52113.855
0.187
-37774.568
-43305.951
0.500
-34823.199
-44768.848
-36372.275
-25.997
-1.712
-58566.008
-37956.803
-1.081
-58341.143
-1.653
-33307.286
0.576
-43321.096
-36941.455
-0.154
-1.003
-1.497
-0.942
0.354
-35.391
0.536
-39578.062
-30808.060
-40673.676
-140.075
0.660
0.672
0.570
-43775.926
-0.344
-43278.648
0.355
-37949.808
0.161
0.161
-39083.895
-40975.812
-54943.957
-52661.845
-0.060
-0.431
-38737.266
-0.532
-55737.357
-49513.417
0.791
-43409.531
0.372
-18460.557
-0.180
-49885.194
-0.605
-43738.869
-38668.039
-0.637
0.146
-1.002
-2.530
-50175.299
-50357.061
-52537.561
-0.999
0.014
-0.779
-43454.387
-1.286
-0.627
-49983.670
-1.896
0.370
-43173.020
-1.359
-63628.547
-0.574
-0.333
-70.148
0.578
0.725
-16034.371
-33959.351
0.126
-0.165
0.085
0.747
0.286
-1.199
-2.588
-0.733
0.578
0.659
-0.694
0.608
-0.316
0.113
0.308
-65436.162
0.246
0.181
-0.237
-1.955
-0.227
-40729.228
-0.604
0.826
-18676.157
-0.574
-40834.464
-0.641
-0.563
-55221.053
-43745.082
0.122
-0.804
0.254
-34199.050
-0.194
-0.245
-0.831
0.157
-35151.084
0.573
0.585
-40043.866
0.263
-3.695
-0.392
-0.003
-37690.053
-0.321
-46743.336
-0.452
-38220.545
-0.085
-53108.144
-39240.604
0.613
-334.797
0.345
0.626
0.349
0.179
0.662
-0.631
0.038
-0.093
-1.372
0.743
-0.393
0.712
0.461
-20691.471
-0.017
-0.266
-0.576
-39511.366
-0.155
-0.105
-1.380
0.210
-36463.747
0.242
-0.155
-58154.324
-0.334
-0.489
-1.337
-1.320
0.345
0.669
0.421
-43240.317
-43766.920
0.584
-38530.354
-1.150
-0.425
-0.469
-0.952
-0.384
0.325
0.329
-0.460
-57286.056
-1.079
0.001
-41068.360
-104.682
0.645
-0.640
0.860
-0.710
-1.012
0.554
0.383
-50544.293
-9200.241
0.545
0.595
0.789
0.346
-0.013
-1.669
-2.971
0.527
-34699.291
-18725.048
-41022.389
-0.702
-7409.655
-0.673
0.496
-37528.979
0.018
-0.458
0.377
-33998.925
0.769
0.612
-1.279
-1.116
-0.931
-0.798
-0.093
-0.681
-1.208
-0.442
0.574
-18945.905
-0.821
-42506.982
0.568
-0.647
0.243
0.438
-26521.811
-41607.324
-0.921
-0.644
-37775.727
-0.375
0.691
-1.309
-0.718
0.331
0.747
0.608
-0.836
0.829
0.281
0.276
-34090.167
-1.163
-0.852
0.259
-0.253
-2.194
-0.501
-0.784
0.152
0.155
-2.287
0.629
0.777
-18605.636
-0.237
-0.360
-19390.748
-0.007
-0.671
-1.737
-30899.120
-59.536
-25480.656
-1.122
-0.147
-33615.984
-1.716
-28963.452
-43129.430
-0.669
-564.755
-31372.464
-1.034
-35612.894
-0.822
0.655
-29575.449
-48543.622
-0.314
0.684
-0.867
-25.356
-1.879
-0.155
0.581
-36769.218
-0.031
0.686
-0.154
0.315
-0.314
0.465
0.492
-1.671
0.398
-0.020
0.285
0.551
0.157
-41097.822
-0.235
0.398
0.476
0.099
-49622.875
-44467.881
-45777.254
-0.223
0.639
-20.085
-2.369
0.721
-1.692
-38736.018
-494.666
-0.591
-231.647
-0.506
0.766
-0.606
-0.824
-0.902
-19384.382
0.679
-0.933
-1.332
0.224
-1.089
0.806
-19136.647
-0.426
-0.556
-1.385
0.363
-0.790
-1.102
-47582.533
-1.045
-31819.770
-0.082
-0.834
-2.666
0.230
-18810.288
0.287
-36318.392
-259.373
0.137
-7449.699
0.400
-0.315
-0.220
-2.117
-19875.343
0.448
0.353
-35972.674
0.715
-38625.163
0.712
-1.005
-0.130
-7634.254
-0.053
0.394
0.044
-1.162
0.211
-1.207
0.816
-51781.395
-0.385
-0.069
-211.128
-1.432
-25636.594
-1.534
0.419
-35018.750
-0.088
-16864.327
-0.289
-0.815
-1.912
-35195.789
-0.816
-0.945
-0.841
-1.447
-36943.201
-1.241
-40320.856
-1.363
0.634
-1.157
-0.687
-0.034
0.029
-37262.039
-1.975
-1.069
-0.396
-0.898
-45382.595
-0.485
-36614.375
-0.082
-1.072
-51574.857
-0.268
0.701
-0.691
-0.093
-44541.348
-8344.338
-1.465
0.741
0.102
-3.419
-0.316
0.247
-0.320
-7866.979
0.195
0.366
0.208
0.457
-1.321
-0.447
0.644
-1.729
0.209
-2.397
-0.196
0.144
-0.140
0.509
0.385
0.467
-0.501
0.307
-2.431
0.360
-10042.903
-1.102
-39799.337
0.565
-0.654
-4.227
-165.111
-40160.794
-1.015
-33813.822
-17420.167
0.627
-1.582
-33221.810
-2.396
-0.884
-1.927
0.268
0.535
-0.743
-41433.599
0.035
0.372
0.287
0.586
-56962.925
0.357
-42250.344
-0.606
-0.249
-0.611
-0.367
-37733.993
-0.375
0.653
0.853
-0.491
0.489
-35444.656
-0.834
-45950.616
-0.043
0.235
-0.099
-0.906
-44981.806
-72200.651
-0.611
-48714.240
-19759.599
0.223
-139.833
-0.554
0.789
-2.101
0.267
-0.529
-19560.819
-38069.810
0.568
-19146.821
0.348
-0.283
-0.036
-0.510
-29366.316
-40125.078
0.672
-48286.699
-40414.005
-0.170
-0.900
0.296
-19510.952
-35988.424
-1.192
0.584
-32374.989
-0.332
-1.242
-38665.827
-35890.046
-0.076
0.101
0.151
0.335
-0.005
-33895.554
-2.668
0.101
0.841
0.174
-51314.104
0.268
-1.566
-0.852
0.533
0.673
-69810.063
-0.130
-39925.323
-55239.579
-0.119
0.578
-37024.640
-0.835
-0.214
-58993.823
-0.035
-2895.617
-32942.224
0.520
0.486
-51681.077
-0.212
-74026.558
-18465.188
-0.011
-51011.886
0.425
0.685
-48670.352
-0.008
0.349
0.650
-42769.234
0.269
0.829
-1.377
-0.190
0.012
0.472
-59359.140
-0.273
-1.343
-1.932
-70012.365
-1.349
0.631
-0.789
-0.297
-45.821
-0.106
-58772.999
0.024
-1.000
-58601.533
-0.180
-39569.514
0.477
-35353.485
-0.654
0.187
-50193.378
-36344.601
-51640.856
-3099.486
-0.335
0.019
-2375.301
-50882.318
-0.134
-165.388
0.451
-1.703
0.812
-38890.361
-0.845
-40246.885
-0.553
-0.751
0.548
-0.865
0.461
0.697
-1.890
0.573
0.665
-1.846
-0.087
-46922.200
-36929.829
-53820.453
-0.208
-2.626
-1.884
0.676
-0.493
0.115
0.696
-1.415
-0.829
-0.991
0.351
-61478.497
0.265
-46231.175
-0.394
-39085.572
0.797
-5064.319
-49566.288
-53984.512
-55310.151
-47632.812
-57100.194
-0.143
-18714.806
-1.701
-35261.611
0.456
-49102.615
-0.825
-0.590
-19695.941
-0.131
-1.726
-40642.900
-48618.042
0.389
-18.282
-0.891
-42171.707
-0.811
-0.849
-2991.040
0.389
-1.115
-0.703
-0.856
0.197
-34106.237
-1.572
0.321
0.425
0.009
-32957.222
-52409.936
-43788.080
-0.129
-44761.793
0.629
-0.157
-0.163
-1.204
-65995.767
0.644
0.433
0.354
0.237
-0.036
-46299.472
-40993.669
-0.566
0.019
0.456
0.265
-0.233
0.395
-1.173
0.094
-35927.432
-0.321
-0.268
-38177.109
-0.588
0.726
0.183
0.384
-40333.132
0.280
0.391
-0.564
-35865.540
0.438
0.349
-41738.081
0.421
-46147.711
0.188
0.433
-0.925
-40848.269
-0.562
-49852.998
-0.250
-3764.938
-0.045
-1.297
-44739.054
0.735
-0.011
-1.376
-42375.766
0.763
0.590
-51865.702
-0.623
0.412
-39836.285
-1.899
-45241.020
-54398.693
-40114.863
-1.517
-894.744
-1.011
-43799.022
-1.188
-0.034
-0.415
0.208
0.481
-2.221
-0.665
-48087.885
0.306
-0.161
-0.232
0.230
-7.457
0.681
0.347
-1.320
-0.196
-40293.604
0.046
-3084.843
-38223.387
-1.654
0.280
-0.469
-40884.982
0.237
-0.340
-34243.577
-41089.833
-36982.553
-43926.729
-1.279
-1.215
0.255
-48624.412
-1.400
0.075
-0.144
-2.941
-52641.049
0.486
-0.449
-39299.083
-0.740
0.393
-4.435
-0.371
0.502
-19179.487
-54439.817
-56086.980
-0.090
-0.804
-44715.727
-45919.912
-0.741
0.222
-1.378
-44706.162
-0.624
0.119
-0.371
-49598.597
-0.163
0.356
-10905.398
-49109.562
-19405.279
-0.018
-1.339
-40794.265
-44987.185
-40408.496
-39382.369
0.389
0.055
0.153
-0.224
0.239
-0.330
-0.877
-47206.332
-1.488
-44425.218
-1.014
0.602
-2.030
-63174.572
-19381.071
-49580.397
-1.824
-47371.480
-44090.543
0.409
-61112.907
-0.653
-41096.055
-0.973
-53396.359
-0.044
-39047.103
-0.289
-0.401
-53706.797
-53286.007
-0.071
-2.656
-1.683
-0.543
0.461
-52694.671
-54304.216
-80708.868
-45161.274
0.470
0.301
-19234.709
0.462
-60569.917
-38591.459
0.558
-36128.431
-1.130
-60572.458
0.149
0.752
0.218
0.392
-42548.932
-0.240
-39789.516
-0.100
-21.298
-0.021
0.675
-1.167
0.600
-0.203
0.184
-0.054
0.751
-140.932
-0.243
-54588.452
-3.459
-48727.230
-58303.488
-60718.234
0.721
-2.907
-62619.186
-1.325
-19394.861
-0.840
0.051
-1.280
0.123
-41451.292
0.511
-0.445
-5.756
-0.770
-39897.726
0.626
0.505
0.308
-19374.592
0.582
-14020.119
0.273
0.431
-63399.558
-1.221
0.622
-44777.074
0.336
0.252
-0.673
0.162
-42597.447
0.625
0.156
0.026
-1.374
-0.352
-41960.147
0.145
-2.097
-1.767
-1.200
-0.192
-1.026
0.336
0.571
-66791.155
-40239.544
0.573
0.361
-0.622
-3.320
-47684.204
0.454
-84.728
0.363
0.361
0.245
-4.459
-1.791
-0.219
0.206
-48999.883
-37825.081
0.214
-0.194
-0.690
-0.383
-0.992
0.282
0.487
-31376.829
0.462
-1.591
-114.193
-46499.250
-57799.796
-20.202
-53861.848
-31586.779
0.241
-0.623
-1.282
-27864.862
-53223.072
0.641
-0.204
-50700.647
-60125.522
-42075.532
0.227
0.269
-26491.645
-47252.613
-50967.807
-0.083
-38691.987
0.217
-55018.429
0.816
-56900.795
-41296.413
-1.008
-40011.456
-69476.828
-64317.015
-55351.009
0.414
-36217.460
-0.353
-39300.816
-0.313
-0.610
-37760.209
0.342
-38202.203
-29276.799
0.302
-42066.501
0.141
0.600
0.302
-2.251
-31998.994
-0.128
0.303
-754.778
-61521.283
0.420
0.614
-0.236
-31330.404
-1.625
0.235
-1.048
0.599
-0.792
-27611.723
-41136.989
0.432
-0.268
-28666.883
0.547
-0.142
-1.819
-33051.411
-0.939
-26502.978
-58541.520
-0.136
-47800.076
0.315
0.517
0.167
-1.333
0.160
0.244
-63038.613
-2.817
-67333.858
-2.232
-47371.803
0.097
-0.693
-0.332
-68924.151
-2.435
0.462
-33382.116
0.221
-41791.774
-0.080
-0.976
-0.877
-207.150
0.019
0.270
0.627
0.053
0.101
-0.538
-1.242
-0.285
-1.044
-19656.165
0.186
0.251
0.435
0.282
-0.174
-36370.108
-1.132
0.529
-23831.312
0.556
-0.118
0.448
0.344
-0.322
0.427
0.741
0.313
-41484.050
-0.270
0.754
-60700.410
-5.515
-0.876
-0.135
-0.327
-1.081
-33335.058
-1.362
-0.396
-0.258
-46027.422
-45952.082
-0.245
-49634.034
0.685
-1.001
-191.889
0.519
0.685
0.743
-50722.450
0.205
0.029
-1.026
-9145.730
0.699
-0.960
0.675
-2.388
0.163
-54.931
-38511.315
-0.017
-54760.473
0.773
-42078.307
-1297.172
-10.146
-0.013
-19569.884
-0.834
-43051.477
-1.575
-0.897
0.306
0.478
-44346.365
0.064
0.471
-45260.517
0.026
0.606
-2.260
0.151
0.677
0.366
0.368
-3.715
0.325
-0.057
-0.435
0.327
-50842.389
0.472
0.283
-1.200
0.408
0.116
0.325
-41604.299
0.292
-8385.592
0.199
-0.395
-0.086
0.675
0.090
-989.367
0.562
-1.721
-39002.764
-0.546
-1.007
-1.719
-43164.710
-3.124
-42813.265
-1.060
0.070
0.470
-0.095
0.280
-1.741
0.069
-0.210
-6.657
-0.059
0.107
-0.397
-0.645
-0.103
0.163
-39126.820
-61.061
-0.556
0.222
0.080
0.344
-114.247
-2.842
-0.519
-0.060
0.077
-0.609
-3.485
0.522
0.067
-40196.087
-0.801
0.470
-31011.231
0.798
-0.207
-0.921
-41914.410
-0.013
-44986.315
0.676
0.430
0.532
-64.915
-25312.399
0.323
-0.149
-0.219
-1.613
-29488.183
-38045.866
-0.448
-0.101
0.120
-0.034
-24.774
-0.360
0.329
0.139
-0.066
-2.589
-53973.970
0.386
0.864
-0.351
0.372
-0.644
0.462
-1.363
-53376.738
-0.196
0.450
-0.446
-0.033
0.695
-0.925
-0.241
-1.839
0.472
-0.450
-1.636
-37555.169
-1.271
0.554
-1.213
-38004.553
0.475
-35565.632
0.383
-50573.868
-16189.361
0.699
-35259.504
0.696
0.522
0.553
-38578.206
0.155
-6505.395
0.533
-1.215
-41799.549
0.589
-0.405
0.250
-34385.665
0.098
-50.286
-0.769
-0.864
-57177.813
0.640
-32309.561
0.738
-2.598
0.235
-1.823
0.152
-0.393
0.186
-43427.386
-29344.581
0.119
-44280.960
-0.048
-43459.999
-377.265
-19060.072
-0.566
-0.297
-0.857
0.263
-52450.134
-0.462
-1.881
-0.031
0.744
-134.806
-38146.737
0.558
0.208
-3.295
-0.834
-1.402
-0.693
-40522.296
-0.228
-1.629
0.595
0.684
-3.235
-0.299
0.238
0.120
-0.040
-19930.741
0.358
-37880.166
-0.360
0.511
0.206
-32543.384
0.281
-0.433
-11714.519
0.014
-0.602
-19710.862
0.112
-0.334
-0.296
0.117
-0.203
-1.349
-48630.034
-34532.077
0.251
-715.080
-0.452
-1.188
0.113
-1.708
0.324
0.166
-1.023
-2.108
-0.750
-0.528
-0.070
-1.314
-38611.762
-0.211
-1.536
0.434
0.450
0.025
0.095
-0.131
0.141
-0.894
0.386
-2.081
-32735.834
0.342
-0.075
0.072
0.275
-0.481
0.110
-31740.967
-0.101
0.001
-30669.963
0.587
0.186
-36006.781
-0.659
-0.593
-2.526
-0.479
-46293.320
-0.189
0.488
-0.202
-624.617
0.735
-0.008
-0.352
0.402
-1.962
0.111
-2.202
-16400.156
0.280
-0.350
-0.279
-32327.676
0.353
0.099
-0.219
0.660
-0.706
-1.316
0.507
0.509
-0.717
-1092.317
0.790
-2.961
-1.756
-0.364
-19810.409
-0.978
-0.594
0.703
-1.473
-0.130
-0.689
0.553
-1.124
-1.036
0.080
0.484
-0.356
-1.170
-26.751
-0.787
-0.248
-0.046
-36623.028
0.313
-0.146
0.635
0.677
0.329
-2.487
-2.425
-1.156
-686.006
0.497
-25577.867
0.773
-1.993
-18366.062
-0.349
-12650.812
-0.501
-0.106
-19526.702
0.427
-0.039
0.713
0.406
-1.821
-34268.645
0.442
-20.246
-3.041
-0.939
-44438.502
0.792
0.088
-34656.433
0.560
-35117.978
0.725
0.783
0.641
-54511.425
0.258
-49301.681
-41514.319
-0.520
-0.023
-0.050
-27472.613
0.180
0.253
-38101.146
0.118
0.414
-37749.021
-4.633
-1.286
-44340.439
-42699.892
-0.333
-0.287
-0.620
-45746.497
-48381.037
0.343
-0.081
-0.782
-0.270
0.008
0.596
0.264
0.831
-26190.567
-40684.156
0.724
-1.542
-0.770
-0.365
0.781
-0.328
-0.978
-0.334
-1.595
0.459
-0.974
-29945.549
-0.368
-0.004
-0.129
-0.920
-0.135
-29929.524
-2.136
0.051
-0.564
-54962.912
-19.642
-19739.556
-1.325
-39307.156
-1.193
-24093.369
-0.273
-43972.191
-54938.483
0.019
-0.428
-1.246
-0.946
-0.658
-38719.073
0.466
-0.531
0.451
-40482.197
0.196
-41130.510
-60088.163
-41751.861
-0.661
0.345
0.471
-50042.482
-44388.568
0.295
0.625
0.634
-2870.519
0.113
-36639.222
0.121
-52462.320
-43072.555
-0.088
-47657.945
-36681.207
0.672
0.526
-27236.114
0.092
0.035
-44001.303
-1.308
0.281
0.318
0.532
-0.933
-14.963
-33553.329
-63253.849
-2.011
-435.104
-1.725
0.455
-1.051
-41536.922
-0.589
-1.908
-52441.904
-14900.229
0.672
-0.245
0.698
-43709.626
0.217
-40772.542
0.016
-40321.718
0.443
-0.055
-0.068
-1.058
-25407.177
-1.055
-5349.611
-2.215
-0.435
0.561
0.371
-42292.105
-0.157
0.325
0.281
-0.624
0.037
0.057
0.672
0.361
-33077.785
-0.155
-40600.520
-0.036
-0.925
0.131
0.348
-26423.645
-1.545
-0.446
-21165.402
-389.962
-246.146
-46704.893
-39220.610
-1.507
0.123
-0.805
-0.744
0.152
-0.889
-1.363
-2.271
-0.486
0.541
-240.808
-0.830
0.427
-0.461
-0.971
-0.963
-0.467
0.454
-0.157
0.226
0.235
-0.214
-0.120
-0.658
-0.046
-57283.104
0.713
0.410
-53334.159
-1.095
0.186
0.153
-42658.894
-2.137
-1.039
-44493.394
0.502
0.403
0.594
0.532
-64552.536
0.554
0.544
-499.334
0.434
0.608
0.189
-40541.152
0.460
-0.524
-17264.245
0.672
-43859.958
-37095.649
-35704.137
-37657.145
-33631.201
0.066
-0.525
0.031
-56114.301
0.507
-0.056
-68024.169
0.172
-36670.862
-0.317
-65.190
0.551
-36209.147
0.215
-42378.911
0.048
0.452
-0.115
-0.412
-46359.339
-34391.040
-0.817
-44590.100
-0.368
-12991.619
-0.493
-60218.662
-19650.085
-0.173
-19711.339
-74.867
0.576
-33194.564
-4.289
-45491.404
-53403.119
0.145
-19926.911
0.806
0.716
-21570.343
0.762
-45995.005
-55556.337
-19390.181
-4.370
-1.110
0.308
-0.222
-0.563
-0.142
0.430
-0.709
-1.282
-0.150
-48143.404
-26994.793
-1.205
0.656
0.421
-48937.870
0.025
-61049.128
-54.385
-57018.683
-33152.652
-45231.652
-14739.959
-51916.048
0.234
-45589.413
0.589
0.765
-1.149
0.156
-0.651
0.181
0.564
0.253
-57186.433
-35179.667
-0.845
0.476
-0.828
-50284.992
-0.286
-0.227
0.278
-48360.003
-40498.128
0.130
0.203
-53519.408
0.706
-47540.200
-36365.373
-17869.370
-17534.048
-66580.436
-0.043
-1.586
0.419
0.654
0.315
0.881
-47258.789
0.309
-49803.609
0.555
0.471
0.351
-0.911
0.033
-64839.345
-0.382
-0.168
-42705.499
-0.129
0.395
0.631
-60498.430
-44871.890
-31041.978
-1.553
-53136.122
0.680
-16825.011
-69378.310
-51564.882
0.202
-0.187
-7070.431
0.511
-40417.002
-130.115
0.180
0.307
-42659.177
0.720
-53501.031
-0.314
0.133
0.611
-46485.710
-28569.684
-65704.292
-34526.985
0.422
-19119.330
0.010
-54525.003
0.197
0.220
-50267.774
-0.610
0.581
0.052
-0.344
-54096.281
-38929.116
-49090.564
-57867.929
0.645
-19794.546
-45672.114
-14.706
0.503
0.222
-124.918
-41902.651
-67583.084
0.285
0.406
-0.211
-43649.084
-41815.394
0.562
-66543.840
-46873.624
-51135.962
-62801.127
0.363
-53161.485
-32660.633
0.556
0.609
0.492
-47590.416
-47966.047
0.042
0.010
-46796.655
-0.812
-0.209
0.435
-0.593
-19622.599
-40077.639
-0.281
-0.405
0.461
-1.677
-43976.082
-69857.933
-299.726
-43858.688
-0.231
-43089.401
-58525.012
-53143.343
0.587
-47806.092
-56160.589
-53569.382
-50820.247
0.585
-39732.875
-14639.936
0.205
-0.066
-44225.697
0.051
-62885.441
-39476.261
-83198.949
-4.024
-0.731
-43019.214
0.229
-35286.730
0.320
0.598
-37137.687
-0.189
-49173.032
-0.224
-55111.046
0.027
-32644.431
-36565.204
-1.886
-45478.162
0.555
-0.562
-47827.513
-52225.534
0.074
-68200.980
-46025.926
-73723.011
-51836.809
-60870.601
-0.314
-64651.710
0.478
-34275.475
-26761.395
-79.722
-32504.235
-67657.947
-76810.690
-54889.974
-50235.840
-0.498
-51820.640
0.061
-0.006
-0.272
-0.076
-59100.442
-54501.474
-59943.133
-0.919
-62872.438
-49149.550
-1.191
-104.349
-71772.192
-51962.321
-46918.277
-46491.732
-18320.515
0.185
-62974.731
-74237.328
-0.012
0.559
-0.572
-57194.204
-35800.977
0.552
-0.046
-350.416
0.045
-62779.279
0.462
-42863.266
0.446
-51596.078
-58261.415
-5274.617
0.119
-54348.202
-50747.303
-19159.452
-0.002
-44354.342
0.390
0.383
-39831.197
-51852.899
-61554.066
0.313
-70431.263
-0.219
-0.803
-53198.402
-53904.325
-0.339
-0.533
-0.355
-54052.009
0.527
-74025.788
-52717.312
-0.129
0.007
-0.369
0.576
-37224.833
-0.025
-54380.754
-42910.210
-1.313
-57053.424
-49258.953
0.050
-29696.651
0.494
-55040.042
-37425.048
-0.149
-47017.244
-60842.204
-33056.263
-40941.476
-2.183
-43521.737
-65526.142
-59500.137
0.141
-42442.050
-52513.952
0.221
0.077
0.280
-41275.683
0.218
0.399
0.516
-60320.911
-0.805
-2.112
-54159.748
-214.675
-0.731
0.395
0.557
0.656
0.429
-0.084
-0.430
-0.904
-53431.798
-0.136
-49757.877
0.355
0.127
-33610.651
-62259.302
-0.369
0.149
-1.517
0.323
0.127
-4.925
-45836.503
-27082.035
0.329
0.210
0.215
0.064
-0.444
0.095
0.066
0.143
-0.463
0.354
-0.630
0.388
0.103
0.356
-0.443
-24297.676
0.667
-1.186
0.092
-37293.550
-36510.781
-0.232
-42274.627
-52383.730
-0.483
-1.583
-62615.190
0.173
-0.414
-62762.681
-0.582
-52227.272
-61826.366
0.567
-48084.131
0.201
0.502
-45069.222
0.424
-1.314
0.271
0.331
-84.877
0.771
-69385.870
0.056
0.026
-30498.867
-8361.857
-2.119
-12442.416
0.226
0.306
-32123.541
-47456.809
-0.879
-47094.155
-57743.095
0.194
0.567
-67572.187
-29.719
-0.493
0.665
-30697.472
-0.323
-27891.785
0.550
-0.180
-0.075
0.003
-0.641
-0.136
-2.181
-1.132
-48580.079
0.315
-50323.326
0.048
-0.845
-37602.104
0.218
-45297.487
-1.728
0.051
-47305.569
-0.599
-0.581
0.067
-0.275
-39826.895
0.767
-64055.519
-0.341
-0.163
0.734
0.330
0.310
-30124.031
-26432.410
-1.982
-35118.857
-49666.643
-2679.761
-0.055
0.724
-42438.499
0.396
0.588
0.811
-27609.308
-0.910
-21701.129
-45288.267
-51936.853
-3.023
0.112
-47522.897
-0.247
0.304
-56765.890
-57297.491
0.504
-46559.498
-33305.832
0.397
-0.568
0.747
0.370
-1.220
-36760.559
0.191
-64823.170
-39276.695
0.189
-2.138
-0.664
-62231.279
0.730
0.488
-54114.100
0.572
-56069.394
-36681.091
-66764.905
-2.002
0.584
-1.406
-4109.337
-0.001
-37876.206
-43724.062
0.245
-54307.392
-48852.692
0.310
0.435
-42559.119
0.063
0.167
-25552.806
0.561
-2.714
-26581.859
-40668.559
-0.213
-46092.994
-42801.500
-38601.851
-35801.107
-37612.832
-1.282
-42097.964
-43301.641
0.298
-35118.447
0.473
-0.001
-28986.185
-42889.389
-42998.462
-42245.333
-1.505
-51458.795
0.106
-0.540
-34699.960
-0.734
-0.351
-53368.001
-1.011
-29140.982
0.020
-37107.948
0.049
-35382.544
-40815.451
-0.972
0.363
0.081
0.284
-34159.973
-2715.607
-35368.665
-1.631
-1.594
-14636.687
-345.517
-25938.874
0.308
-46175.130
-19438.008
-49536.830
0.054
0.002
-40639.114
0.572
-32436.962
-2.112
0.346
-0.783
-44802.229
-71020.652
-51345.182
-0.528
-0.107
-0.184
-0.457
-44035.006
0.453
-39515.430
0.317
-1.012
-1.695
-52143.391
0.106
-1.025
-0.992
0.463
-35411.934
-1.146
-0.394
0.099
0.114
-11444.069
-0.667
-0.146
-52552.932
0.463
0.182
-1.368
-1.185
-36938.980
0.079
-24262.007
0.043
-275.906
0.028
-0.558
0.758
-40637.329
-8714.719
-0.121
-0.316
-36688.134
-7119.984
0.217
-0.607
-0.627
-32835.994
-544.531
-56977.264
-34867.335
-0.026
-0.919
0.420
-42734.389
-16855.232
0.465
-1.680
-31608.763
-19632.460
-49031.953
-0.114
-50216.448
-46405.050
-2.308
-1.004
0.378
-1.351
0.260
-0.995
0.043
-1.344
-26945.089
0.382
0.245
0.130
-1.320
-15.247
0.381
-42530.305
-0.553
-0.790
0.365
-0.395
0.285
-3895.251
-11049.439
0.005
0.576
-0.418
-0.649
-35649.267
-46420.605
-0.035
-3.597
-1.207
-12774.888
-0.125
-0.633
-0.482
-2.299
0.603
0.626
-0.461
0.059
-0.770
0.175
0.569
0.404
0.518
-0.318
-36336.922
0.811
-19435.107
-24511.337
-1.387
-10677.555
-1.033
-46317.632
-1.831
0.163
-0.140
-2.629
-0.362
-0.018
0.866
-2.658
-1.792
-45486.455
0.060
0.630
-72861.603
-1.472
0.256
0.318
-43488.356
0.035
0.209
-1.251
-48249.168
0.316
-49423.655
-0.658
0.647
-1.170
-19860.374
-2.566
-23647.444
-0.909
0.451
0.055
-0.727
-0.107
0.207
0.566
-44566.511
0.298
0.303
0.074
0.239
-42127.968
200.937
-0.312
0.096
0.117
-0.495
-45927.855
0.255
0.445
0.684
-40153.782
0.898
0.476
-0.127
-1.140
-0.456
0.520
-41128.746
-15374.535
-56953.145
-32089.917
-26400.459
-10409.778
-0.638
-50867.935
-27438.807
0.135
-1.479
-7484.881
-0.534
-0.505
0.566
-2.511
0.300
-19564.557
-51371.992
0.102
0.140
0.300
0.569
-3.397
-0.775
-0.023
-0.790
-31163.513
0.018
0.233
-1059.745
0.447
0.423
-1.142
-43247.227
-37564.621
0.199
-1.216
-9116.479
-9750.553
-24449.669
-0.491
-17965.623
0.605
0.181
-39436.310
0.061
-61759.554
-0.374
-50734.495
-0.360
-0.695
0.635
-58931.998
-53323.025
-33726.872
-0.940
0.241
-0.111
-45911.815
-11488.988
0.747
-0.044
-0.763
-0.635
-0.432
-56420.249
-0.178
-1124.726
-19595.696
-54168.853
-0.828
-51776.828
0.463
0.415
0.677
-1.023
-42957.960
-46768.681
-49906.549
-48692.885
0.178
-39587.332
-0.198
-44757.918
0.005
0.002
-0.041
-34867.387
-32285.995
0.183
-0.046
-30670.806
-5717.267
-40476.079
-9194.052
0.128
0.359
0.438
0.303
-1.055
0.232
-0.039
-0.439
-0.231
-10303.971
0.237
-2.596
0.266
-56116.614
-46356.645
-45650.735
-37566.036
-55077.917
-62887.844
0.714
-0.090
-56952.073
-874.614
-32372.414
-35665.489
0.320
-50504.173
-47342.609
-1.043
0.026
-1.351
-18331.392
0.797
-33521.240
0.072
0.080
-1.515
-1.302
-16246.581
-0.227
0.406
-45409.963
0.456
-0.788
0.366
-0.520
0.049
0.380
-18351.978
-0.270
0.277
-0.713
-1.165
-39973.753
-25420.346
-0.655
0.248
-6204.345
0.624
-38678.930
0.415
-47824.494
0.506
0.349
-44032.815
-73255.301
0.355
-19271.929
-14689.655
-1.521
-24845.057
-24039.811
-66182.017
-205.158
-51628.876
-32887.433
-0.607
-2.471
-46351.261
-38787.670
0.382
0.691
-0.512
-19909.714
-53166.927
-0.362
-0.209
-40039.700
0.185
-0.022
-0.053
0.083
-0.440
0.513
-0.434
-26617.641
-3.257
-1.056
-0.150
-44392.080
-0.398
0.389
-68752.178
-45562.998
-32137.954
-1.100
-25236.321
-0.301
0.190
-31093.037
0.764
0.202
-170.635
-44017.283
-1.786
-0.087
0.205
0.119
0.403
-33341.822
-0.443
-47802.905
-33115.015
-30573.309
-20865.167
-30420.999
-0.742
-22008.447
-44087.206
-1.638
-0.157
-0.130
-0.319
-33600.317
0.643
-0.752
0.473
-0.513
0.007
-2.100
-39385.416
0.829
-18659.423
0.207
0.567
-12973.665
-23903.680
-0.577
-0.342
-1.047
-39849.290
-0.354
0.435
-0.713
-0.127
0.460
0.280
-0.063
-45104.386
0.228
0.544
-19707.452
0.737
-0.852
-18678.693
0.349
0.424
0.501
-54786.456
-3.211
-66939.744
-35991.479
-33354.543
-0.877
-0.224
-1.327
0.028
0.286
-1.356
0.679
0.480
-7962.407
-0.865
0.328
-1.095
0.569
-1.218
-0.068
-1.077
-0.185
-9894.229
-666.958
0.337
0.537
-25042.980
-1.018
-0.921
0.464
-0.309
0.319
-16056.603
0.113
-57486.462
0.274
-0.744
-1.529
0.287
-15194.087
0.155
0.076
-0.126
-0.013
-56972.218
-33056.931
0.435
-0.145
-2.440
0.204
-35384.248
-17698.134
0.388
0.614
-0.871
-0.483
0.433
-0.187
-0.278
-0.183
-37046.114
0.454
0.142
0.176
-0.210
-35072.697
0.791
-43829.364
-22965.338
0.490
0.002
-22643.139
0.262
-19375.744
-18237.535
-0.379
0.653
0.540
-34740.966
-34222.295
-0.184
-0.533
-0.373
-0.094
-12955.943
0.496
0.300
-18261.949
-40633.075
-0.107
-13623.834
0.466
-0.392
0.661
-1.025
-20881.959
0.515
0.281
-1.647
-23555.074
0.162
0.125
-0.092
-14587.655
-19210.432
-4.730
-0.326
0.188
0.635
-1.179
0.718
0.872
0.062
-16451.937
-0.539
-19490.363
0.285
-0.725
-0.798
-0.900
-0.402
-51127.533
-6619.461
-0.884
-0.460
-41423.714
-25571.715
0.682
-0.873
-909.479
-50751.652
-0.053
-19340.367
0.188
-0.183
0.461
0.354
-2.484
-0.858
0.486
0.492
-47994.329
-45968.338
-46207.905
0.223
-61099.339
0.598
-50532.793
-44679.860
-47561.541
0.068
-0.189
-57465.796
0.714
-1.157
-26829.562
-0.106
0.384
0.703
-0.139
-0.526
-40460.601
-41259.450
-2.078
0.534
-2.661
-0.123
-17621.194
0.117
0.414
0.702
-1.059
-0.372
-37406.508
0.454
-16618.732
-1.681
-1.463
-1.668
-0.459
0.243
-0.190
-41465.835
-1.194
0.080
-7920.582
0.705
0.036
0.016
-1.206
0.292
0.284
-11316.636
-5143.073
0.363
-2.614
-50777.842
-52280.556
-0.746
0.227
-19.737
0.468
0.128
-1447.079
0.502
-30630.951
-0.048
0.034
-2.046
-20238.915
-0.196
-3.690
0.555
-63012.349
-46878.124
0.581
0.439
-0.355
0.204
-0.006
-40564.817
0.314
0.215
-0.364
0.340
-1.106
-0.639
-0.164
0.564
-0.530
0.662
0.227
-24166.618
0.446
0.140
-1.822
0.481
0.203
-1.509
-0.556
-64777.315
-58268.348
-0.125
-15289.003
0.228
-2.309
-1.102
-17916.189
0.170
0.302
-47207.257
-0.459
-47234.575
0.339
0.600
-53367.910
-15752.295
0.530
-18894.352
-52885.496
0.158
-33428.194
-18716.827
-59725.047
-41482.509
-54103.950
-11214.576
-0.651
0.485
0.324
-40253.833
-15913.658
-1.837
-57.045
0.413
-0.222
-0.063
0.296
-23601.145
0.636
0.135
-18305.349
-0.890
-10689.628
0.527
-25910.371
0.272
-17608.871
0.281
-38161.270
0.269
-1.893
-0.016
-3400.186
-30046.076
-42637.643
-12544.755
0.307
-25166.065
0.103
-17663.851
-45349.459
-36971.840
0.328
0.235
-0.305
0.645
-1.081
-26293.709
-17302.873
-0.047
-0.323
-21867.192
-19250.868
-619.409
0.266
-38198.999
-63152.341
-1.525
-0.320
-15512.549
-1.492
-0.119
-1.320
-44931.267
0.192
-13379.659
-0.229
-55862.706
-95.059
-19730.497
-35513.799
-0.342
-0.370
-56060.830
-30137.825
-20148.232
-19820.142
-0.636
-28834.462
-61509.518
-31140.535
-38235.403
-62154.920
0.671
0.165
-59017.826
-27084.375
-11050.222
-1.040
-62022.115
-3.303
0.524
-45921.307
-24279.055
0.393
0.315
-18966.417
-18338.024
0.270
-55268.719
0.156
-51362.830
-2.158
-54921.977
-44228.422
0.126
-49336.662
-2.554
-29205.331
-0.267
0.555
-56019.928
-0.655
-44921.857
-38054.663
-48097.710
0.603
-52829.049
0.026
-0.384
-55951.682
-0.138
0.425
-13906.642
-0.009
0.692
-31432.853
0.063
-18670.605
-0.360
0.131
-18729.819
-18239.050
0.710
0.128
-14347.401
0.215
0.147
0.105
-23390.012
-0.747
-0.150
-62705.976
0.486
-2.538
-1.171
0.321
-0.426
-1.127
-32983.828
-0.304
0.714
-32094.586
0.380
-25719.981
0.289
0.025
-1.861
0.210
-1.273
-30018.116
-1.359
-1.351
0.499
0.442
-0.142
-2.844
0.741
-7309.978
-27054.114
-0.297
-0.913
-0.684
-19690.077
-1.089
0.297
-30303.734
-23419.861
-44986.618
0.431
-42222.513
-21995.612
-27812.254
0.589
0.527
-49330.148
-0.166
-0.341
-0.120
-47050.354
-1.865
-0.130
-42716.479
-0.089
0.197
0.614
-50685.899
-47301.192
0.327
-0.686
-40253.081
-35835.249
-49791.156
-2.518
-26375.882
-19689.668
-0.076
-38342.927
-32506.947
-1.412
-1.194
-75576.769
0.652
-2.856
-0.040
-2.142
-1.407
-0.420
-29128.449
-7684.555
-0.135
-2.461
-1.656
-0.648
0.203
-35691.849
-0.250
-23404.169
0.448
0.584
-1.219
-14.552
-3.990
0.341
-32881.639
-0.257
0.453
0.369
-1.712
-118.980
0.529
-0.805
-0.840
-3.608
-0.050
-0.002
-0.894
-0.283
0.137
-20.370
-0.724
-2.727
-34320.597
-1.922
-0.146
-22343.354
-0.844
0.399
-0.681
-26152.083
-17793.242
-25207.870
0.540
-2.261
-0.010
0.131
0.047
-19473.994
-20846.573
-0.655
0.269
-0.105
-1.154
-5.014
0.616
0.472
-36940.370
-0.508
-0.206
0.306
0.590
-1.049
-0.090
0.023
-34321.810
-0.218
-12366.257
-236.415
-0.406
-0.935
-0.345
-20866.043
0.041
-99.571
0.355
-0.023
-24560.194
0.303
-35471.142
-18314.883
0.113
-28472.593
0.875
-0.928
-33448.280
0.672
-27155.562
0.120
-31890.747
-44569.840
0.438
-2230.188
-19189.805
-0.853
-26508.836
-18287.943
-0.437
-22536.123
-19059.712
-1.492
-0.949
-20694.025
-23836.487
0.494
0.222
-0.090
-21095.642
0.565
-34073.553
0.550
-1.811
-35376.917
-5209.451
-18835.834
-34829.147
-0.533
0.174
-0.728
0.407
-0.122
-0.557
0.059
-29092.693
-1.932
-0.853
-19116.096
0.297
0.469
0.236
-14978.865
-1.090
-2.383
0.673
-1.728
-0.683
0.441
0.473
-25952.106
-0.639
-38607.084
-38045.384
-1.344
-0.264
0.453
-21936.854
-0.773
-0.080
0.497
0.456
-26565.902
-0.260
-1.045
0.444
0.631
-1.786
0.025
0.683
0.361
-29011.145
-0.010
-18323.382
-19939.804
-27249.928
-30525.632
0.246
-17452.993
0.352
-41797.401
-1.966
-19.393
-0.788
0.560
-0.373
0.695
-1625.705
-1.542
-25135.152
-0.097
0.443
-1.153
-0.330
0.538
0.671
-7335.792
-0.719
-2.669
-1.882
-22027.702
0.230
-2.075
-1.165
-1.314
-1.461
-0.235
0.047
0.478
-1.149
-1.823
-0.358
0.634
-0.000
-11492.500
0.533
-1.228
-18732.079
-25344.740
-36893.482
-2.422
-20631.813
-1.626
-28836.186
-0.874
-1.961
-26541.444
-1.004
-3.253
-0.813
0.449
-0.866
-1.020
-2.858
0.068
0.253
0.129
-21619.755
-0.532
-2.976
-12540.826
-11394.232
-0.696
0.005
-16125.685
-404.919
-1.906
0.094
0.382
-0.454
-1.821
-0.586
-1.170
-0.571
-18154.798
-0.247
-32109.242
-0.499
-3.055
0.323
-18339.657
0.439
0.250
-0.860
-1.403
0.668
-15194.014
0.503
-0.006
0.327
-1.165
-0.343
-1.725
-0.226
-1.187
-0.834
-19900.733
-0.297
0.215
-2.461
-19915.588
-4.508
-0.453
-1.629
-0.459
-0.564
-2634.609
-33257.098
-0.623
0.143
-0.423
0.220
-0.621
-1.661
-0.901
-3674.966
-2.242
-31893.137
-22962.944
-32410.227
-2.552
0.614
-0.492
0.445
-1.001
-0.397
-27625.395
-22153.543
-0.166
-1.229
0.284
-4.151
0.372
-12661.978
-1.228
-28226.814
-0.531
-0.524
0.071
-0.449
-0.715
-0.536
-1.705
-27603.160
-1.945
0.005
-32215.435
-1.610
-1.021
-0.527
-0.663
-1.184
-10776.479
-19367.321
-1.068
-0.589
-0.806
-31857.571
-0.987
-28868.160
0.056
-0.738
0.261
0.503
-0.114
0.220
-29215.596
-1.490
0.315
-0.242
-1.357
-0.709
-0.006
-2.684
-1.751
-1.846
-0.939
0.112
-1.446
-0.050
-141.662
-1.211
-0.155
-1.686
0.609
-23674.250
-0.359
-0.561
-0.171
0.056
-1.285
-19186.031
-21313.228
0.557
-24696.359
-0.313
0.407
-0.629
-16460.207
-1.646
-0.227
-0.357
0.484
-18599.457
-225.856
-0.845
-37726.397
0.772
-0.113
0.649
-0.173
-19465.437
-1.430
0.490
0.267
0.586
-2.255
-20756.990
0.496
-0.086
-0.185
-30543.232
0.198
-30108.111
-0.062
-37921.198
-35296.285
-3.105
-0.373
-29691.435
0.090
0.331
-18661.471
-23361.373
-0.592
-2.793
-34951.319
-21225.713
-0.986
-31721.060
-27459.248
-352.961
-19781.514
-39.671
-0.542
-2.089
0.329
0.676
-27634.876
0.221
-0.874
0.059
-0.296
-17045.643
-1.722
0.330
-0.208
-0.936
-0.512
-0.110
-2.685
-14115.878
-2.861
0.058
-0.923
0.540
0.110
0.118
0.097
-19715.119
0.408
-2.449
-37660.176
-0.282
0.234
-0.578
0.314
-11049.379
0.366
-19620.009
-31726.153
-0.977
-36448.738
-0.004
-32944.573
-1.485
-1.500
0.216
0.716
-1.450
-0.235
-10406.499
-22383.306
-13602.220
-0.458
-5194.931
-35533.701
-37671.923
-3.157
-14896.048
-0.448
-38977.123
-19275.414
-28388.640
-0.064
0.103
-36417.389
-1.099
-18939.434
-0.855
-1.961
-0.823
-29521.269
-40018.788
-0.972
-10421.377
-19971.024
-45460.127
-33010.283
0.437
-0.211
-1.070
-0.387
-19491.692
-0.021
-0.818
-1.025
-28017.584
0.085
-173.648
0.104
0.558
-25157.530
-40.007
0.382
-28951.370
0.007
-0.810
-57531.204
-34268.962
0.299
-9.286
-2.164
-0.386
0.133
-0.765
-0.027
-0.165
-19340.843
-2.621
0.038
0.532
-0.439
0.463
-0.638
-0.452
-17087.146
0.162
-34168.758
-14013.676
-1.120
-57883.959
-0.498
-1116.408
-38070.408
-47281.747
-0.628
-1.144
-0.471
-1.847
-3.215
-28729.501
-0.833
0.320
0.175
0.097
-2.321
-0.045
-0.509
-2.704
0.526
-0.903
-0.106
-1.074
-1.087
-1.243
0.015
-0.011
-0.118
-19445.676
-50658.666
0.214
-19400.597
-2.231
-0.340
-30668.319
-111.159
-18551.965
0.533
-0.982
-43607.618
-0.310
0.354
0.201
-35521.668
-0.342
-0.402
-28353.041
-1.111
-19810.289
-0.393
-33186.099
-0.597
-1.312
0.169
0.427
-66351.940
0.079
-1.949
-0.189
-2.628
-0.651
0.211
-19716.962
-36580.463
-23462.497
-1.011
-50291.675
-36820.668
-0.384
-18794.375
-0.436
-3.439
-24204.656
-0.027
-0.368
-24758.041
-2.038
-1.490
-17320.845
-1.153
-24900.508
0.440
-0.481
0.248
-24050.150
-57384.414
-22281.374
-18708.417
-0.512
-47353.346
-1.552
-57317.055
-0.272
-54734.144
-0.819
0.360
-26846.466
0.470
-44791.171
0.210
-17701.391
-1.376
-29354.948
-37544.311
-9099.921
-30031.101
-20373.691
-0.655
-18968.389
0.553
0.148
-1.378
-28873.963
-18309.325
-0.524
-13743.998
-13645.326
-0.562
-22669.059
-0.957
0.872
0.215
-24035.291
0.225
-0.184
-0.296
-14204.268
-21142.514
-10328.706
-1.071
0.493
-1.808
-31334.648
0.315
-3.846
-23496.449
-0.095
-1.116
-1.901
-0.123
0.055
-0.423
-21005.159
-0.661
-15884.006
-0.816
-21906.857
-37390.893
-0.973
-17430.439
-1120.819
0.496
-1.612
-2702.784
-1.663
0.745
-1.363
-0.946
0.369
-0.365
-0.923
-18426.794
0.485
-18800.581
-20132.538
-10001.590
-0.011
-0.387
0.216
-1.883
-0.892
-1.420
-0.170
-19860.039
-9987.274
-0.960
-25919.869
-19391.444
-55.362
-0.357
-0.006
-0.064
0.684
-0.101
-27238.424
-17518.492
-11622.488
-0.276
0.036
-0.378
-0.892
-689.837
-0.791
-0.672
0.044
0.028
-0.129
0.316
0.137
-19615.055
-14696.562
0.090
0.715
-11153.827
0.148
-13488.704
-1.220
-1.121
-1655.437
-0.431
-19519.520
0.302
0.036
-9657.975
-2.346
-0.573
-2.285
0.081
0.797
-45.019
-0.595
-2.144
-0.228
0.629
-1.415
-0.508
-0.518
-27932.621
-17355.242
0.471
0.349
0.108
-1.214
-0.295
-33016.107
0.410
-7294.666
0.292
-0.003
-14269.671
-28160.101
-0.310
0.336
-0.679
0.008
-0.181
-1.280
-29051.708
-15640.413
-2.085
-1.121
-3.434
-28568.650
-1.331
-19579.238
-2.484
-1.133
-17689.694
-10540.540
-16583.322
0.593
-1.732
0.276
-13041.652
-1.201
-19212.048
-19141.398
-3.123
-0.313
-0.177
-2.197
-1.151
-0.396
-1.113
-18783.044
0.078
-14633.259
-1.655
-1.721
-0.706
0.279
-19191.244
-1.945
-0.211
-1.029
-0.129
0.083
0.285
0.174
-13249.432
0.575
-1.667
-2.348
0.406
-1.449
0.123
-1.278
-0.699
-19333.785
-28114.462
-196.784
-9917.545
0.659
-14573.652
-2.408
-0.766
-0.734
0.461
-1028.174
-1.843
-0.703
-1.266
-1.587
0.210
-28710.610
0.469
-5251.502
-2.303
0.458
-12257.565
-1.030
0.288
-9236.177
-1360.600
-21914.405
-29695.242
-2.466
-28352.670
-0.485
-0.221
0.402
-1.525
-1.379
-10298.788
-0.898
-0.636
0.170
-4.966
-0.150
0.504
-25239.496
-0.003
-0.126
-0.109
0.742
-0.849
-26800.358
0.060
-2.145
-40919.958
-2.198
-1.411
-11655.684
-5761.928
0.702
-21066.862
-1.662
-34757.356
-27446.624
-2.659
-1.365
-1.415
-24750.389
-0.953
-24970.091
0.254
-4.187
-19580.653
0.049
0.161
-0.703
-18527.156
-0.317
-26835.626
-0.422
-0.679
-0.039
-18735.125
-2424.698
-2.195
0.084
0.550
-19235.566
-21948.762
-17334.689
-3.528
-1.250
-9685.632
-0.647
-30529.064
-0.481
-28562.069
-0.105
-20941.638
-18695.649
-2.938
-0.039
-0.447
-17442.360
-17.327
-0.452
-25767.144
-36241.895
-33621.615
-0.393
0.182
-0.600
-23446.990
-0.724
-33178.206
-0.438
-1.208
-0.196
-19105.092
-0.611
-16708.475
-1.200
-10350.302
-2.899
-0.280
-26974.823
-21631.182
-2.373
-5543.373
0.431
-0.401
-0.995
-1.518
-1.639
-25292.200
-5.032
-0.111
-0.142
-0.513
-1.123
-0.998
-375.997
0.223
-23127.775
-2.710
-19170.489
-31834.587
-21772.426
0.104
-70.937
-12769.940
-0.706
-1269.931
-0.647
-0.087
-29766.406
-0.201
-2.443
-19015.213
-31177.038
-1.975
-2.059
-37260.879
-2.674
-24552.478
-0.842
0.198
-36341.765
-0.923
0.739
-19569.483
-3.206
-0.222
-1.065
-0.469
-18682.378
0.616
-2.111
-33258.532
-0.652
-33729.263
-2.262
-0.375
-5537.993
-0.448
-21614.782
-1.307
-2.203
-35465.347
-0.696
-36507.460
-2.699
-34347.305
-0.763
-4.683
-0.751
-25498.212
-42248.502
-1.425
-0.194
-0.176
-29546.898
-1.185
0.544
-36736.463
-0.655
-17079.781
-2.735
-1.012
-1.527
-19641.400
-1.770
-0.821
-3.432
-30101.968
-0.600
0.030
-17411.199
-0.580
-32768.003
0.622
-340.044
-35637.159
-2.143
-1.224
-21476.450
-0.579
-1.589
-2.748
-1.193
-0.193
-32925.727
-0.720
-29762.324
-0.119
-2.265
-1.670
-18509.621
-0.691
-0.409
-1.925
-0.787
-0.869
-19954.746
-18904.514
-25223.721
-0.442
-22293.942
-0.399
-1.152
-19949.751
-0.548
-2.676
-2.259
-19205.156
0.793
0.001
0.102
-0.076
-9.484
-3.174
0.241
-5.501
0.288
-1.886
-30647.553
-0.099
-19840.280
0.004
-33836.048
-16015.860
-12668.161
-1.335
-1.324
-3.596
-2.839
-18535.323
-22203.539
-0.745
-29988.859
-25580.535
-16786.092
-18917.908
-14250.446
-31913.131
-2.717
-0.972
-38471.140
0.544
0.064
-3.097
-0.419
-2.613
-0.910
-17384.919
-19535.710
-26152.511
-0.691
-299.697
-29099.801
-0.630
0.085
-24336.306
0.051
-0.840
-30927.532
-19299.316
-0.463
0.455
-3.627
-29706.421
-0.883
-22580.293
-16100.671
-30717.640
-33939.676
-18073.418
-29631.924
-21014.869
-6589.513
-28071.818
-18145.682
0.127
-0.525
-25973.408
0.243
-0.138
-17121.785
-22322.648
-1.497
-1.280
-35918.371
-0.461
-0.814
-0.613
-2.191
-19565.229
-0.637
0.604
-19779.836
-32399.169
-28671.941
-17491.616
-20915.257
-2.762
-12611.480
-1.318
-30509.287
-0.076
-21553.377
-31972.314
-19964.872
-0.234
-16283.745
-2.312
-20951.470
-34089.538
-19480.513
-2.445
-28988.181
-0.295
-2.411
0.280
-0.604
-1.830
-35653.837
-1.551
-24651.730
-19574.719
-22278.837
-1.683
-55.413
-25928.555
-25001.811
-0.864
-19261.176
-1.643
-11263.032
0.081
-29047.746
-3.001
-15979.973
-1.182
-22018.752
-26092.200
-7606.190
-19365.815
-0.911
-0.702
-1.356
-21458.033
-0.278
-0.933
-1.143
200.941
0.215
-1.058
-24133.159
-23174.515
0.504
-16069.612
-1.314
-1.907
-21027.801
-1.320
-24596.524
-1.381
-0.976
-0.519
-33.141
-20004.372
-17356.860
-18131.248
-11477.858
0.730
0.413
-1.180
-0.543
-32527.048
-10099.818
-1.122
-14583.849
-14065.942
-2.200
-0.064
-24611.677
-1.188
-18662.422
-1.002
-22813.693
-11079.144
-1.817
-11107.898
-0.735
-0.518
-1.185
-6169.769
0.438
-1.396
-2.037
-18515.518
-0.923
-24432.121
-0.344
-0.555
-23094.307
-1.116
0.466
0.668
-0.131
0.051
-24778.592
-1.240
-1.417
-25637.912
-16004.915
-3.903
-21459.725
-18869.750
-27795.003
-2.725
-21084.313
-1.507
-1.419
-0.724
0.265
-4.398
-0.524
-19579.514
-0.716
-20033.355
-0.050
-0.068
0.721
-0.022
-29293.927
-19721.128
-1.494
-19251.102
-1.779
-0.992
-19427.397
0.497
-17805.269
-19950.360
-0.632
-26820.106
-2.726
-0.141
-0.794
-0.314
-0.928
-1.794
-0.105
0.713
-19581.100
-26555.310
-24875.955
-0.177
-19092.248
-33993.765
-0.322
-2.028
-9639.046
-2.172
-19151.965
-31671.731
-3.487
-23893.660
-20242.961
-11773.294
0.391
-717.128
-30810.499
-4.145
0.547
-0.723
-11619.961
-22791.379
-19953.817
-2.377
-0.435
-2.696
-2.831
0.461
-0.439
0.232
0.196
-904.881
0.282
-22701.109
-1.158
-19315.485
-2.035
-34038.090
0.222
-0.847
0.426
-16610.624
0.595
-46819.357
-16476.792
-1.251
0.737
-0.005
-19915.116
-4.075
0.049
-0.750
-24325.534
0.214
0.329
-17010.162
-1.175
-28784.518
-23439.364
-1.760
0.384
-32396.110
-1.620
-23427.627
-12132.716
-0.345
-1246.836
-19554.744
-0.665
0.574
-0.690
-3.731
-14526.430
-0.313
-0.760
-1.285
-0.532
-19119.382
-0.849
0.334
-3.419
-0.741
-0.927
-0.358
-19651.121
-19464.694
-1.442
-18026.247
0.038
-18963.589
-21851.793
0.623
-1.671
-18836.323
-11617.820
-2.046
-19294.471
-1.246
-19428.656
-5.046
0.234
-7.730
-3.731
-2.379
-0.877
-655.820
-20996.900
0.126
-17870.055
-1.488
-7.308
-0.478
-0.016
-3.680
-11533.501
-12525.617
-27307.746
-29087.554
-1.465
-12194.203
-20042.133
-0.734
0.660
-7.098
-1.156
-2.993
-4676.629
0.514
-0.821
-2.963
-0.510
-3.285
-0.636
0.450
-0.267
-0.354
-26217.762
-3.410
-22561.623
0.359
0.423
-2.707
0.622
-0.768
-0.274
-2.131
-6.264
-0.065
0.469
-0.227
-18244.370
-2.167
-0.322
-19664.395
-39176.558
0.627
-27499.523
-0.468
0.430
-0.501
-14230.214
-4.048
-28129.451
-1.873
-19365.249
-2.211
-25689.194
-0.240
-29034.430
-0.552
-32041.152
-2.324
-2.611
-3.127
-0.250
-26674.868
-21631.505
-0.743
-0.441
-0.232
-1.411
-3.003
-1.976
-19565.135
-31778.363
-29616.992
-2.934
-31335.370
-0.885
-18847.274
-2.007
0.623
-0.191
-2301.234
0.469
0.727
-0.242
-2.330
-74.053
-0.192
-19041.524
-1.279
-1.329
0.330
-486.156
0.031
-0.034
-19460.315
-21567.412
-0.185
-1.949
-0.637
0.205
-0.781
-3.495
-42.339
-29773.871
-19360.908
-2.848
-2.392
0.593
-2.081
-24428.374
-1.079
-1.267
-26680.528
-0.878
-0.585
-1.373
-2.082
0.100
-19454.827
-0.863
-31753.284
-19750.251
-2.633
-39598.329
-1.219
-4505.988
-23634.386
-20559.158
-19141.846
-0.095
-24025.613
0.061
-1.672
-21908.405
-13700.211
-26431.254
-235.491
-25747.972
-19221.636
-3.946
-2.903
-1.550
-23589.648
-1.863
-30497.991
-16176.275
-2.358
-42505.854
-1.568
-24982.802
0.708
0.147
-0.626
-0.400
-3.148
-0.121
-1.784
-2.820
-0.337
-1.316
-30530.651
-9346.636
-19909.572
-40335.192
-31178.681
-15554.634
-16968.166
-1.095
-27179.954
-0.944
-1.753
-12619.787
-1.418
-0.522
-0.728
0.138
-26331.903
-5187.651
0.002
-2.767
-0.987
-0.545
-19136.615
-21117.264
0.683
-2.375
-0.700
-19824.496
-0.767
-0.573
-0.235
-15995.592
-21042.299
-20117.050
-24671.446
-0.787
-2.648
0.422
-4.522
-3.299
-0.713
-15117.904
-2.912
-23266.351
-1.116
-28405.841
-2.257
-3.503
-1.260
-27653.639
-4.497
-11801.084
0.082
-4.054
-18160.503
-17660.837
-1.640
-13886.326
-0.624
-17099.740
-17194.523
-1.517
-11953.814
-2.330
0.204
-18221.617
-11165.928
-0.483
-21239.325
-20119.808
-2.933
-21792.613
-19792.755
-10752.133
-15737.235
-18310.557
-0.073
-13718.342
-17667.767
-1.443
-2.299
-25375.452
-0.840
-3.149
-25658.645
-17867.643
-11626.519
-18150.294
-14310.265
-18686.962
-1.952
-0.700
-22213.770
0.566
-19330.920
-0.246
-17831.944
-15817.210
-1.454
-2.850
-0.060
-14084.861
-16358.880
-0.613
-7.162
-11104.682
0.240
-1.813
-19815.594
-14325.185
-10861.730
-25210.062
-0.284
-21129.251
-0.263
-22121.582
-2.093
-1.967
-29076.062
-11730.414
-0.787
-15563.388
-0.754
-1.496
-0.959
-2.046
-20611.777
-12256.619
-2.490
-4.972
-37809.973
-24257.232
-15850.946
-814.427
-16318.589
-20392.136
-1.551
-17932.584
-27103.352
-0.048
-0.981
-17910.932
-11466.069
-1.437
-22223.827
-19279.874
0.254
-13793.964
-0.568
-1.428
-13202.080
-19111.150
-23676.477
-29176.351
-18554.191
-1.966
-1.005
-0.337
-1.604
-0.204
-18611.213
-22682.630
-3.282
-3.681
0.438
-2.083
-27230.069
0.080
-20070.354
0.040
-0.490
-12897.343
-15812.554
-12781.216
-15800.496
-0.075
-7492.646
-24058.612
-17990.838
-52.356
-886.849
-0.478
-2.223
-0.634
0.395
0.093
-15085.583
-22354.744
-23557.513
0.384
-2.156
-1.641
-12964.404
-9740.553
-0.069
-24290.610
-21103.607
-15060.126
-22695.818
-26777.215
-24114.140
-16691.441
-20811.087
0.283
-1.463
-12359.059
-17768.706
-19445.838
-34526.225
-1.024
-26076.729
-1.986
-1.795
-1298.419
-3.153
-0.530
-2.033
-0.890
-20649.603
-10.561
-19934.246
-15774.479
-22032.780
-15790.170
-32023.706
-0.450
-0.809
-0.125
-16891.126
-8725.180
-18821.399
-15846.849
-1.375
-2.028
-24465.268
-17256.346
-1.695
-12359.843
0.402
-2.352
-12715.292
-0.090
-24160.009
-0.434
0.404
-22626.571
-0.441
-18531.271
-15714.403
-10882.285
-22911.044
-5.455
-0.086
-1.523
-14567.012
0.199
-0.559
-22510.855
-0.260
-26452.767
0.772
0.385
-15828.237
-19523.292
-19149.059
-2141.541
-0.793
0.531
-15268.404
-1.446
-22884.421
-1.973
-18473.097
-0.366
-18572.119
-19842.627
-16857.871
-0.326
-19440.067
-23004.956
-19701.702
-735.927
0.270
-20298.665
-14990.931
-1.434
-17687.931
-19435.052
-14044.789
-25378.180
-7410.714
-19115.769
-17879.167
-19496.115
-0.323
-25224.944
-8732.612
-20867.998
-12763.264
-13365.852
-21105.192
-27938.401
-18953.961
-20303.622
-2.547
-12137.131
-10100.825
-2.498
-10469.561
-0.064
-1.895
-18133.285
-19280.740
-14774.720
-0.011
-19860.285
-19950.121
-11461.205
-0.494
0.612
-0.560
-18647.167
-0.684
-14991.131
0.186
-22057.558
-14755.608
-17773.824
-29213.747
-19524.330
-13842.693
-23591.948
-2.006
-14069.171
-18318.216
-21655.838
-11211.536
-1.012
-20437.469
-19948.156
0.003
0.066
-28220.656
-23003.381
-11888.840
-0.460
-12727.490
-12725.762
-15728.802
-20183.724
-1.931
-0.678
-20107.535
-11792.265
-13610.233
-18471.596
-12292.803
-22260.687
0.199
-32094.802
0.233
-21593.517
-15445.445
-13488.247
-20012.893
-0.791
0.256
-12386.710
-17031.696
-19764.733
0.399
-0.905
-9766.271
-13499.641
0.064
-0.254
-20304.752
-19697.903
-28759.995
-11343.276
-16255.039
0.297
-1.405
-9361.239
-2.829
-8659.418
-0.572
-16077.892
-19171.377
-21200.789
-19934.689
-18952.415
-11649.403
-20911.661
-17563.841
-3.171
-22722.777
-25055.145
-19744.833
-12476.692
-2.554
-11823.300
-132.469
-6174.530
-1.218
-0.264
-5.945
-9092.661
-22074.928
-0.030
-175.083
-3.949
-6969.550
-9060.884
-17422.231
-19530.097
-4.715
-0.831
-1.377
-19334.840
0.186
-1.373
-13760.352
-15315.090
-8.897
-3898.941
0.032
-1.868
-0.422
-17978.432
-17266.913
-8.488
-1218.162
-0.749
-7.863
-18563.443
-0.842
-19094.803
-11019.239
-6036.087
-133.496
-12759.015
-914.129
-20488.884
-13867.751
-9036.482
-2.727
-17861.742
-1.527
-18761.258
-6892.080
0.236
-7889.975
-25521.382
-7896.718
-2.109
0.621
-26975.604
-2.325
-0.425
-1.690
-3.936
-562.021
-0.258
-17637.479
-19934.824
-4.405
-0.093
-0.344
-2.610
-9917.535
-22780.167
-2.317
-5.647
-0.900
-20714.250
-23011.309
-9774.264
-4.179
-14025.710
-19310.582
-24399.568
-5764.171
-2.243
-1.586
-0.991
-0.362
-25543.245
-24289.750
-17789.891
-1.604
-5.800
-2.044
-21791.286
-17048.138
-21754.627
-18370.616
-2.515
-9154.289
-9111.154
-3.104
0.346
-23943.879
-22339.224
-41.651
-14273.369
-1.073
-16005.562
-15075.791
-0.352
-0.327
-21273.883
-0.176
-5.198
-22735.186
-11823.076
0.290
-1.327
-18987.875
-20346.270
0.051
-2.312
-18311.930
-2.436
-2.198
-15278.328
-11305.455
-0.371
-32426.183
-19555.878
-19634.123
-2.580
-22672.568
-20182.067
-2.504
-1.007
-1.824
-2.292
-21745.828
-2.320
0.647
-2.663
-3.227
-11688.008
-2.336
-13089.613
-7867.381
-1.726
-0.373
-6838.419
-0.450
-0.293
-11989.250
-19086.252
-0.703
-1.523
-4456.515
-1.779
-7.296
-17176.727
0.108
-14748.787
-13812.056
-5.201
-2.462
-2.338
-1557.015
-1.373
-15579.934
-0.223
-16664.856
-0.689
-3.993
-3.106
-9694.702
0.122
-0.492
0.254
-22289.312
-0.869
-0.334
-5.257
-0.864
-4.153
-2.070
-0.773
-2.411
-11139.713
-3.607
-1253.293
-17720.607
-12421.267
-0.506
-16492.336
-14189.771
-2.433
-1.042
-1.014
-6.795
-21612.557
-2.737
0.007
0.034
-17435.112
-9232.057
-546.689
-1.774
-11423.285
-515.704
-12495.190
-0.618
-0.626
-1.397
-19395.132
-0.901
0.242
-5.159
-1.194
-6490.567
-2.969
-0.209
-19296.027
-11192.861
-8121.723
-2.809
0.393
0.643
-26550.865
-2.312
-1.628
0.245
-35052.480
-8406.507
-1.158
-1.517
-0.997
-5538.956
-0.620
-3909.360
-17860.765
-12996.594
-0.012
-0.204
-9584.521
-2.309
0.725
-8486.840
-1.957
-19505.895
-3.167
-1.506
-2.127
-10.215
-3.928
0.568
-8508.928
-1.439
-0.703
-1.100
-0.962
-16825.278
0.577
-1.142
-19511.404
-5.983
-1163.421
-19644.847
-0.442
-2.477
0.347
-13443.605
-1.885
-0.420
-1.372
-14721.531
-1.200
-2.250
-3.594
-11559.016
-10898.750
-19935.328
-7110.543
-3.945
-1.108
-1187.989
-0.077
-1.205
-11499.027
-19497.685
-2798.835
-17742.299
0.262
-2.459
-18232.192
-3.820
-0.280
-19394.706
-3.091
-0.636
-3.906
-4.265
-1.309
-8020.913
-613.820
-524.911
-1.234
0.075
-13873.674
-8545.322
-19494.520
-16926.319
-6.845
-19679.587
-17587.068
-21281.812
0.623
-19466.458
-19452.496
-37911.228
-15677.859
-14295.638
-0.349
-4.841
-0.355
-3.649
-2.239
-0.277
-1.095
-0.978
-3.289
-2163.214
-3298.779
0.303
-3.427
-22761.808
-19119.587
-0.263
-1.138
-7401.526
0.299
-36288.574
-18306.490
0.506
-1.625
-16984.750
-24256.708
-4973.275
-19180.812
-0.141
-19146.766
-15181.004
-1.650
-19754.243
-22039.653
-7669.410
-13907.216
-25183.158
-15814.330
-0.132
-2.819
0.098
-14443.202
-8872.662
-10114.667
-14846.370
-2.649
-1.350
-19520.681
-1.075
-1.690
-0.490
-16146.807
-1.476
-9618.093
-1.225
-17985.632
-12373.775
-16097.756
-10785.092
-15757.211
-1.332
-0.522
-12629.297
-17266.767
-2.698
-2.311
-0.438
-11693.070
-19254.295
-20516.690
-18380.444
-18103.011
0.530
-2174.558
-2.581
0.325
-10158.257
-18707.980
-3.567
-27123.129
-13486.882
-9311.353
-19462.215
-311.980
-1.710
-19504.529
-0.441
-1.406
-0.997
-2.204
-1.084
-2.829
-17444.355
-16450.109
-6.715
-14883.886
-19100.843
-17950.019
-1.331
-18194.384
-12730.254
-2.580
-18286.825
-13989.726
-19621.401
-0.639
-14970.207
-14357.394
-11050.351
-14554.186
-0.234
-21412.718
-0.514
-12334.641
-0.525
-0.015
-19105.678
-25656.031
-0.633
-12979.007
-16754.178
-18291.897
-12629.417
-21270.359
-0.668
-1.521
-1.911
-11334.855
-2.993
-12128.238
0.571
-19344.641
-0.886
-11931.344
-1.625
-13326.305
-18710.795
-3.035
-1.357
-9544.951
-11727.579
-0.350
-1.863
-1.269
0.308
-15158.334
-23023.104
-22929.211
-1.287
-23090.300
-20181.879
-2.116
-22049.645
0.469
-3466.236
-22018.993
-23401.315
-0.342
-1.576
-1.427
-1.254
-0.999
-0.366
-10261.170
-15474.307
-1.709
-15857.969
-0.434
-20908.033
0.318
-19501.913
-0.454
-21376.588
-2.424
-20489.236
-2.974
-1.754
-1.868
-7726.407
-1.197
-18947.517
-9711.805
-12501.588
-20998.387
-18521.000
-0.083
-0.266
-17718.450
-13365.646
-1.654
-14457.595
-21367.906
-3.658
-0.787
-20432.952
-12822.921
-0.259
-0.852
0.303
-11767.987
-13982.522
-18966.620
-19454.319
-0.435
-9038.461
-8958.129
-2.781
-2.022
-23024.296
-21602.203
-12346.765
-21401.993
-0.997
-15960.752
-0.437
-19201.886
-14272.076
-19639.656
-1.157
-18156.606
-1.514
-15429.088
-0.748
-16610.409
-0.691
-18701.624
-17383.857
-2.786
-19240.523
-19550.375
-17442.551
-0.426
0.699
0.675
0.307
-18401.904
-19124.998
-0.805
-2.642
-11888.736
-14500.942
-32229.304
-20018.232
-14012.340
-2.317
-14214.471
-10537.871
-6485.067
-15128.122
-17835.542
-3.748
0.199
-0.201
-2.153
-799.555
-10675.389
-0.106
-13891.531
-27595.747
-15709.043
0.287
-17199.441
-0.060
-10826.662
-4361.851
-13517.902
-2.004
-2.542
-20529.139
-1.927
-13035.618
-8275.612
-0.758
-43.493
-9457.387
-14417.128
-1.118
0.669
-14607.925
-0.284
-11386.615
-13490.557
-12871.573
-22890.056
-15205.670
-14675.040
0.156
-2.542
-0.479
-0.589
-3.667
-18565.756
-7641.804
-2.436
-13518.054
0.152
-16209.426
-1.342
-0.130
-14638.684
-3120.172
-12110.113
-18361.969
-5848.565
-19409.555
-16706.861
-20795.380
-19759.653
-19490.255
-1.495
0.395
-0.141
-1.836
-16201.715
-1.422
-16296.847
-2.206
-1.335
-12247.306
-0.113
-1.578
-2.933
-9523.827
-34010.966
-25809.395
-0.218
-1.078
-18035.496
-19171.950
-28206.615
-11538.846
-22202.520
-29708.470
-19592.157
-28180.526
0.215
-12412.487
-23117.531
-0.931
-29214.306
-28322.625
-50645.683
-30383.082
-21337.767
-28662.359
-5.107
-546.540
-0.476
-20742.354
-31030.225
-29318.397
-0.255
-31296.717
-28218.261
-24673.026
-26077.806
-0.920
-16680.664
-15652.608
-23783.405
-15294.778
-25893.165
-19034.753
-28914.650
-19811.065
-30115.767
-61169.424
-31008.766
-16801.682
-23908.033
-23281.485
-32169.581
-0.593
-21646.842
-27773.091
-31433.512
-29804.568
-25163.562
-19362.621
-10.759
-0.997
-22454.151
-32746.497
-31394.572
-34094.175
-3.122
-0.050
-31908.942
-32942.144
-23467.823
-23553.582
-36857.190
-25359.424
-27870.193
-31765.504
-28247.606
-22782.699
-35560.097
-25463.297
-25072.326
-19568.554
-23394.094
-29411.506
-29076.137
-30804.210
-55919.934
-21191.173
-18030.194
-30552.168
-32093.848
-30366.894
-28258.623
-29964.709
-29606.119
-24553.775
-27198.843
-1.999
0.475
-27396.114
-0.395
-17692.680
-0.533
-29741.466
-19340.336
-1.827
-29732.380
-22931.181
-1.956
-26256.084
-32796.421
-37549.656
-21681.502
-0.845
-31425.536
-0.603
-13605.485
-30218.045
-31103.694
-0.907
-34669.635
-1.657
-16971.432
-0.269
-31117.911
-31120.007
-28069.652
-1.810
-0.334
-21305.785
-28898.299
-30062.152
-30672.157
-41703.897
-29187.214
-21773.189
-0.628
-21736.143
-34261.762
-25508.703
-19052.926
-33860.291
-26431.024
-31450.010
-26696.505
-24738.187
-28756.686
-2.426
-22454.265
-1.904
-38575.120
-25415.600
-22848.962
-19009.854
-24689.534
-21973.727
-29192.730
-1.586
-35545.586
-1.393
-18801.870
-29873.315
-25376.478
-21501.929
-44863.220
-19924.344
0.624
-28170.268
-26887.383
-1.506
-0.412
-214.957
-2.693
-32278.518
-26604.627
-21772.316
-18862.957
-19799.749
-25103.695
-30756.412
-2.486
-28423.296
-24596.324
-1.766
-2.621
-15977.388
-13895.454
-3.511
-2.807
-29160.767
-23710.141
-12748.876
-0.897
-19884.560
-19882.567
-26940.736
-19139.585
-2.383
-1.008
-27737.750
-26018.368
-26884.969
-2.273
-31322.217
-1.603
-2.242
-148.873
-2.903
-19160.836
-25137.669
-2.747
-1.111
-25258.591
-24277.237
-4.386
-25486.827
-1.381
0.822
-2.819
-3.079
-19344.813
-28466.982
-2.022
-0.854
-13981.255
-26637.325
-29722.189
-22180.553
-17951.882
-24985.174
-4.885
-0.365
-1.990
-5.178
-2.592
-3.352
-1.614
-26777.963
-24310.804
-21154.602
-2.247
-15.705
-17525.813
-0.386
-30744.409
-23378.080
-1.163
-0.468
-24886.423
-6.010
-19940.917
-2.116
-23214.393
-19308.938
-120.737
-0.165
-1.015
-14316.974
-1.320
-26160.633
-1.484
-0.061
-23917.566
-1.809
-0.105
-28480.514
-3.025
-2.733
-2.681
-0.470
-3.438
-3.476
-0.896
-2.247
-25923.655
-1.100
-0.419
-23793.192
0.478
-4.059
-26975.196
-30741.937
-31588.504
-26701.364
-1.004
-2.471
-20633.648
0.212
-3445.174
-6.899
-1.163
-1.080
-5.022
-1.105
-34713.528
-3.858
-3.867
-2.225
-2.169
-2.667
-28358.631
-11230.992
-2.246
-2850.489
-4.398
-2.310
-23940.300
0.350
-10613.176
-1.099
-25329.068
-2.814
-33.985
0.208
-17282.963
-2.182
-1.146
-3.697
-4.248
-6022.869
-23071.153
-0.755
-2.137
-0.039
-0.651
-0.661
-2.889
-662.197
-6274.160
-0.099
-19390.877
-15358.986
0.411
-3.678
-3661.328
-1.298
-0.640
-23058.734
-0.191
-3.687
0.467
-13110.573
-36806.546
-21533.415
-2781.444
-10009.267
-1.900
-2.381
-7.543
-18218.527
-1.418
-3.054
-2.897
-18383.131
-2.009
-3.334
0.226
0.084
-0.381
-20464.448
-17540.004
-2165.231
-16916.751
-5.310
-1.590
-5.072
-2.202
-10022.533
-18406.801
-5574.320
-20477.618
-15368.453
-1.760
-0.424
-0.946
-1.412
-2.801
-0.460
-2.131
-921.506
-21304.600
0.478
-2.079
-2.269
-12816.129
-1.496
-19249.599
-28387.005
-2.466
-4.852
-313.082
-13893.034
-2.377
-20182.982
-0.224
-18678.697
-1.584
-3.748
-3.464
-9637.001
-4.227
-24879.961
-3489.642
-20091.822
-6.093
-27486.367
-6.348
-22613.912
-3.914
-53.081
-1.188
-1.056
-2.699
-2.284
-2.040
-0.966
-27393.867
-16525.651
-30122.659
-19869.699
-2.537
-20544.136
-29247.391
-11025.435
-2.010
-0.588
-125.118
-0.004
-0.836
-12111.930
-11849.274
-2.667
-4.875
-6.984
-19955.211
-0.881
-17941.972
-4473.305
-11093.673
-1.979
-1.224
-4.873
-1.784
-12930.448
-5.317
-8913.662
-1.831
-946.202
-26361.829
-18826.786
0.406
-24587.947
-1184.060
-13851.064
-115.854
-18490.804
-19248.358
-3.388
-4.026
-2.480
-6.833
-15330.652
-0.701
-19190.202
-6.450
-3.253
-1.403
-0.710
-24769.064
-2.925
-102.121
-248.811
-3.703
-1.288
-4.930
-25149.540
-4506.544
-8760.413
-23054.280
-0.586
-29538.300
-4900.373
-457.102
-1.451
-29170.333
-2.360
-35291.563
-3.682
-11338.518
-19135.892
-37826.817
0.048
-3.479
-3.730
0.395
-17806.758
-2.711
-20589.302
-9992.652
-18594.978
-18501.140
-4.127
-1.673
-2.573
-5.557
-16945.867
-27712.243
-16.218
-19254.529
-32158.624
-25402.116
-10939.038
-17550.485
-21350.625
-20762.090
-5.183
-0.813
-12.635
-1.155
-5861.787
-11.992
-8.440
-18437.319
-2.082
-3.005
-379.416
-242.518
-24494.975
-3.075
-4.455
-19086.540
-0.112
-17604.618
-2.038
-23235.428
-1.776
-8875.234
-1.921
-1.157
-14215.345
-11155.481
-17453.599
-17612.063
-10635.969
-3.990
-1.132
-4.127
-3.131
-0.192
-15450.768
-6.014
0.508
-25725.237
-33072.109
-29987.718
-6.659
-0.076
0.291
-2.016
-2.496
-3.617
-16838.973
-3.951
-1.408
-3.936
-17780.888
-1.280
-15877.291
-6.691
-1.080
-6.040
-1.769
0.601
-5.031
-6.966
-0.699
-31410.058
-4.154
-2.273
-0.051
-19345.328
-20926.432
-19489.912
-2.845
-4.220
-18469.927
-20564.715
-1.475
-37782.832
-4.545
-10809.102
-35091.056
-18920.253
-19564.435
-33512.628
-1.179
-26.051
-16812.241
-3.792
-2.826
-4.141
-2.480
-3.996
-3.669
-1.570
-29779.325
-19141.136
-1.116
-11098.332
-18263.495
-0.869
-4.246
-1.757
-19991.333
-32879.246
0.690
-1.716
-10.625
-4.405
-0.872
-35449.093
-10698.821
-2.602
-18574.476
-1.789
-1.207
-1.369
-0.971
-3.716
-2.503
-4.359
-15881.323
-18670.835
-2.398
-29772.842
0.464
-20.005
-1.213
-1.060
-41.066
-0.984
-1.409
-21612.317
-0.861
-22809.485
-7479.862
-3.831
-5.539
-19256.656
-1.522
-27313.816
-21323.162
-4.263
-14504.631
-1.835
-5.040
-37068.291
-17935.019
-29479.990
-24140.416
-0.726
-2.752
-1.062
-3.822
-1.767
-1.499
-16044.960
-21122.872
-1.464
0.085
-18359.201
-38111.297
-17572.144
-20.039
-25695.417
-0.990
-3.288
-14426.098
-1.811
-0.884
-0.316
-18991.325
-3.355
-1.294
-19515.081
-18360.745
-21651.816
0.216
-9287.458
-0.527
-6.004
-23976.037
-0.623
-2.534
-17928.092
-20624.954
-19969.755
-5.291
-1.410
-1.466
-17781.935
-136.411
-17015.773
-1.893
-0.750
-38826.916
-2.550
-4.603
-2.026
-976.282
-1.328
-19390.066
-0.768
-17061.847
-0.493
-3.465
-1.692
-12998.867
-1.296
-3.265
-0.585
-1.719
-36752.664
-17997.277
-1.104
-1.529
-0.776
-17911.975
-18965.403
-0.706
-0.128
-1.771
-1.407
-2822.881
-18395.819
-7411.678
-0.170
-0.005
-19670.199
-3.544
-18421.423
-16293.693
-9.350
-16902.279
-0.243
-1.607
-1.063
-4.582
-3.798
-1.324
-15396.858
-0.459
-1.845
-2.552
-1.364
-1.422
-1.985
-0.284
-1.496
-5.546
-3.469
-2.056
-4.480
-11700.885
-0.321
-290.465
-35057.247
-1.708
-19020.916
-4.412
-18375.965
-2.491
-17064.043
-37812.084
-0.833
-1.212
-19742.031
-0.110
-1.877
-0.571
-0.825
-14815.071
-1370.656
-3.312
-1.691
-7.789
-1.851
-2570.706
-3.249
-1.666
-1.201
0.115
-4.637
-1.582
-856.201
-1.540
-1.075
-534.300
-2.035
-1.328
-87.119
-3.152
-2.282
-1.402
-36567.666
-1.107
-2.153
-17371.977
-2.478
-0.792
-18323.107
-1131.881
-1.547
-19266.018
-2.506
-1.858
-5.340
-3.511
-0.739
-4.222
-2.680
-545.036
-0.859
-4.204
-0.713
-2.256
-2.627
-1.641
-0.080
-18006.423
-1.140
-0.246
-1.509
-3.160
-5.095
-17508.008
-2.261
-2.660
-3.816
-1.661
-4.447
-1.843
-3.748
-6.167
-2.876
-1.869
-8439.919
-37577.570
-0.378
-4.554
-5931.964
-1.705
-2.064
-19470.555
-1.868
-19570.035
-2.760
-4.853
-0.829
-15797.321
-6.123
-1.274
0.212
-1862.035
0.463
-3.371
-2.391
-18864.832
-4.108
-1.697
-4.761
-0.347
-2.231
-2.182
-4.313
-2.691
-1.905
-2.074
-1.582
-31954.887
-5.484
-5.086
-19050.513
-0.894
-2.850
-3.355
-3.343
-2.883
-19895.345
-19354.954
-5.209
-4.171
-19485.770
-0.083
-1.574
-2.627
-2.177
-17500.439
-1.233
-19736.060
-18062.347
-1.926
-0.471
-1.400
-3.228
-2.294
-17361.653
-2.889
-18270.954
-0.488
-18322.051
-2.671
-4.681
-2.058
-2.021
-1.496
-431.215
-12.024
-0.744
-75.170
-18609.763
-21.330
-1768.934
-1.920
-18937.009
0.173
-4.410
-38.338
-2.501
-16970.073
-1.356
-17533.258
-6252.451
-577.664
-0.990
-18583.010
-17256.806
-1.209
-18735.870
-0.464
-1.098
-2.665
-2.269
-18701.279
-19405.695
-3.593
-0.459
-3.054
-0.470
-1.532
-1.384
-1.099
-18745.643
-17385.421
-0.363
-17107.492
-2.462
-1.135
-2.486
-13.056
-4.351
-3.136
-0.873
-11502.679
-1.730
-4243.195
-1.465
-1.487
-223.434
-4.838
-3.439
-0.374
-1757.583
-7.866
-2.576
-2.580
-0.609
-3871.612
-3.534
-4572.597
-2.378
-16876.292
-3.279
-2.149
-2.612
-2950.975
-38612.962
-3.474
-19449.771
-1.819
-1.908
-3.030
-2.210
-0.336
-2.825
-5810.915
-2.979
-1.766
-2.100
-3809.771
-2.023
-1.046
-3.366
-1.401
-2307.533
-9812.888
-4.527
-580.869
-19276.858
-2.057
-12482.183
-1.928
-1.743
-704.846
-36728.797
-3.656
-2.408
0.366
-1.328
-5268.289
0.281
-3263.085
-2.771
-11552.722
-3.799
-2.934
-9088.236
-7.818
-2.479
-1.371
-18449.386
-0.643
-10631.066
-14443.292
-19660.589
-492.321
-2.229
-4.310
-0.407
-2.033
-4360.490
-13542.673
-10783.478
-3.138
-5735.871
-2.410
-8526.642
-14217.184
-13274.300
-5594.759
-17323.949
-0.471
-13268.110
-10136.416
-8374.525
-8780.238
-2.492
-11391.527
-9.142
-14234.516
-16513.653
-17284.313
-12229.774
-1.992
-12072.254
-10885.437
0.030
-13453.963
-11345.177
-9577.655
-10252.832
-1.286
-2.335
0.158
-10445.486
-14309.568
-17929.583
-8254.614
-5.412
-2.122
-18066.782
-14312.871
-13704.447
0.375
-9019.107
-2.380
-16716.462
-1.138
-9901.420
-0.231
-1.771
-0.154
-1.452
-17886.955
-8618.639
-3818.878
-9907.707
-10414.779
-4.956
-1265.277
-12330.677
-15174.102
-2.010
-1.778
-22035.835
-1.735
-12653.827
-6877.803
-6002.380
-2.526
-11094.970
-1.866
-16805.976
-11779.938
-4.815
-18300.888
-15668.822
-14050.674
-17682.136
-11494.326
-1.145
-1.910
-7006.870
-14567.300
-17715.501
-7270.297
-11320.216
-36340.734
-11808.241
-19241.048
-1.811
-13572.581
-15399.188
-0.899
-3.446
-0.529
-13457.644
-13893.957
-13717.831
0.213
-16566.337
-21044.168
-19824.777
-9978.016
-5.189
-18010.819
-11738.059
-1.737
-0.835
-11510.469
-2.392
-14967.155
-10521.141
-11985.731
-11399.923
-2983.532
-17993.194
-9051.096
-13480.105
-492.392
-12081.402
-8603.177
-11674.114
-10242.315
-12831.015
-13230.168
0.230
-14896.620
-38110.619
-11442.888
-6.634
-12355.749
-2.589
-3.327
-10438.432
-2.751
-2.291
-27120.584
-10196.173
-10581.757
-10439.333
-0.957
-0.986
-2.091
-8828.930
-11382.684
-17643.200
-11830.486
-6121.485
-19146.329
-12140.611
-12177.691
-13773.486
-7311.538
-7601.214
-2.243
-16417.486
-18093.484
-18711.934
-0.112
-15027.932
-1.142
-12730.993
-12021.730
-10811.462
-14459.047
-2.570
-19305.034
-19323.094
-14696.489
-11999.585
-2.424
-6606.452
-18094.136
-19399.917
-11884.738
-19696.177
-7707.401
-9834.928
-1.503
-1.538
0.049
-5454.867
-1.021
-4.490
-14454.001
-0.645
-11216.771
-1.336
-7072.742
-12320.825
-19067.680
-2.097
-1.699
-8030.255
-3.501
-19036.081
-0.329
-9123.854
-11343.610
-13093.406
-6131.145
-6.859
-16136.540
-18806.447
-14672.145
-18616.351
-7354.664
-9854.075
-8459.802
-15833.328
-3856.189
-16769.568
-9941.567
-0.502
-7411.709
-11470.477
-6938.441
-9017.694
0.144
-10363.391
-12874.701
-2.057
-1.373
-3.206
-2.120
-16447.326
-2.768
-0.395
-6432.382
-1.905
-2.547
-8451.512
-17363.153
-2.582
-13546.661
-5173.513
-5177.475
-10310.775
-1.368
-7298.752
-16918.275
-4.401
-6768.220
-18642.447
-2.391
-0.767
-14733.818
-7064.740
-13882.044
-6391.846
-13309.962
-8262.101
-2.030
-6843.697
-8435.232
-18126.604
-6431.504
-11441.754
-2709.244
-9819.497
-1.866
-1766.809
-2.514
-11.967
-4.059
-0.153
-11369.519
-4.479
-0.935
-6.371
-1.011
-3848.949
-4801.214
-0.166
-3372.470
-1.915
-8.210
-1.969
-2.212
-6308.327
-1.778
-7.046
-1.137
-0.214
-4875.622
-19616.043
-1.545
-3273.471
-34983.745
-2993.503
-6234.548
-0.572
-890.041
-0.540
-1586.262
-3.971
-1.336
-6868.503
-2142.770
-2954.016
-17872.798
-3751.295
-10468.811
-5595.888
-4.362
-0.923
-12434.861
-8647.004
-3708.116
-11769.913
-261.746
0.045
-7227.440
-0.670
-6476.131
-4626.397
-0.433
-3993.904
-18786.059
-36995.617
-1800.510
-18826.486
-3353.257
-8017.905
-58.098
-18210.079
-4.973
-0.657
-11504.511
-38841.923
-2.621
-1.222
-0.663
-8122.542
-1805.436
-35043.595
-16216.983
-1.971
-2290.163
-2530.174
-3.154
-2.952
-8149.529
-19766.476
-11099.022
-2.096
-14682.392
-18822.917
-1.919
-1.788
-15697.144
-17159.440
-12530.032
-0.849
-13221.147
-18805.682
-8176.199
-31568.320
-17052.464
-15954.038
-17973.315
-19088.872
-10959.784
-9875.971
-11642.966
-12690.396
-8760.060
-3568.316
-12526.452
-25281.557
-1.795
-15824.563
-21619.395
-15082.728
-17885.627
-17299.754
-6334.827
-17881.955
-10594.957
-13147.589
-17664.131
-2.320
-13217.080
-7129.633
-19885.294
-19320.712
-13055.607
-1.486
-17383.202
-19445.104
-11600.442
-18147.154
-21914.295
-16135.731
-16717.533
-9242.928
-10068.757
-3.537
-28558.341
-4804.127
-24418.616
-27398.245
-8019.877
-17064.812
-28222.910
-2.001
-15545.061
-7754.627
-30846.271
-9.955
-17219.893
-0.718
-10767.546
-17223.536
-22777.114
-14932.984
-7881.108
-12675.160
-17276.061
-35208.764
-37301.232
-52.526
-13220.780
-9101.677
-33373.903
-31875.872
-10939.746
-34230.921
-15320.998
-1.603
-28321.131
-4741.933
-9756.645
-11012.175
-3.037
-18811.237
-10438.885
-15034.627
-4816.079
-27642.091
-12694.549
-18875.473
-13751.564
-13502.301
-12430.625
-18498.773
-14103.395
-0.275
-16317.283
-13517.937
-7352.178
-0.487
-17947.412
-7226.722
-1.138
-2.789
-18297.095
-12566.265
-10877.157
-14340.782
-4.050
-16761.416
-1.374
-0.360
-38210.163
-14301.225
-19760.443
-17066.050
0.172
-12804.774
-29979.056
-17698.941
-9398.405
-1.461
0.119
-12143.257
-16183.369
-17634.606
-1.257
-8165.947
-1.058
-18671.280
-5569.889
-19229.917
-30539.741
-0.685
-0.400
-14603.219
-1144.353
-0.816
-1.059
-6243.535
-5.512
-13936.292
-15175.550
-9973.439
-9673.692
-1029.518
-0.718
-12003.893
-2.568
-1.893
-1.252
-19340.559
-10856.297
-19461.493
-18259.420
-14487.418
-23030.784
-19319.200
-1.791
-16078.626
-9453.700
-1.834
-14030.594
-14413.526
-15895.548
-13621.409
-39146.250
-9962.565
-2.830
-2.232
-2.935
-10696.392
-9043.603
-0.205
-0.333
-6212.067
-7091.640
-22291.833
-2.609
-11339.758
-12394.554
-14568.285
-0.495
-19020.978
-9893.695
-19720.067
-1.655
-3054.548
-21127.378
-19005.818
-22462.254
-2.068
-0.941
-4830.482
-10513.852
-2.041
-8340.575
-5.204
-1.957
-10110.666
-0.168
-8992.407
-2.109
-4286.748
-4765.275
-7716.989
-37722.700
-19905.444
-2.668
-0.803
-5.431
-2.460
-21275.970
-10776.856
-9373.546
-19474.512
-0.982
-7840.615
-3.587
-18587.098
-10346.845
-6678.698
-4467.992
-0.340
-8870.166
-0.570
-10678.783
-8985.534
-4347.186
-1.079
-19007.945
-0.728
-110.873
-16496.726
-4.320
-4853.265
0.059
-12329.954
-15560.783
-10787.185
-10038.427
-7718.360
-7964.077
-7067.179
-2.072
-2.047
-2.960
-18822.029
-8288.689
-11244.361
-1.051
-4.075
-19485.257
-0.406
-30851.902
-18195.376
-38490.582
-18344.509
-2570.079
-0.976
-5.867
-16830.991
-2.246
-126.733
-6307.968
-17718.829
-1.460
-4.361
-0.009
-2.632
-12120.803
-177.677
-19266.078
-7147.850
-1.753
-5.638
-1.304
-8478.742
-3.817
-3934.386
-1.708
-17798.113
-7665.660
-4529.025
-2.083
-8398.487
-2.491
-29842.090
-1.586
-41060.632
-1.763
-5.429
-2.555
-2.968
-18746.441
-816.308
-8.171
-1.895
-11544.157
-0.070
-7845.711
-2.683
-2.282
-308.447
-20141.688
-19242.860
-1.509
-13206.385
-1.210
-19911.077
-18197.045
-7333.743
-1.774
-3.406
-27567.420
-26454.942
-22411.152
-6353.622
-19955.971
-38163.109
-5684.885
-3.352
-6279.311
-35812.095
-18542.013
-12295.977
-3057.044
0.138
-19241.433
-20916.128
-13827.944
-9486.682
-3.105
-12105.342
-12949.281
-9926.085
-38466.942
-8056.622
-0.499
-3472.703
-0.866
-12513.424
-10486.451
-3.591
-17783.352
-38985.845
-6013.391
-38182.889
-21427.290
-14141.616
-13908.844
-12713.085
-19910.995
-0.926
-8000.774
-953.212
-4418.709
-18916.923
-26443.134
-10116.695
-10122.018
-1.805
-2.397
-2.441
-18267.264
-3.868
-2.684
-12189.593
-0.573
-17624.794
-5756.066
-9232.819
-8860.409
-19020.716
-13575.546
-13699.668
-3.181
-1.849
-9102.603
-7548.892
-1.154
-18007.688
-7198.722
-5252.502
-15305.619
-8542.467
-10886.766
-7381.120
-13017.591
-3.037
-9722.855
-39365.225
-19551.552
-8609.891
-2.524
-23556.866
-14903.386
-34900.847
-0.331
-4686.679
-11711.321
-9414.825
-0.838
-14984.182
-25354.579
-20672.455
-14001.856
-14932.029
-7168.153
-2.932
-10401.985
-5799.321
-19033.651
-10936.037
-4032.723
-16236.306
-4826.626
-11446.741
-19293.827
-12421.643
-7534.182
-2.266
-18390.563
-7417.539
-16536.228
-326.909
-17357.795
-3.413
-4.555
-8919.387
-6584.509
-19721.637
-17458.965
-2155.686
-9841.863
-19479.620
-15454.520
-11318.782
-38708.260
-13974.353
-2331.575
-6119.671
-13327.894
-2490.172
-3.684
-18555.258
-991.077
-6635.872
-2.254
-20938.094
-3.324
-12805.430
-10716.586
-1.435
-18836.003
-4694.967
-30400.772
-1.406
-16773.201
-1647.877
-3.106
-14715.725
-3.390
-17549.612
-3.273
-4099.137
-18232.699
-2576.080
-16221.799
-19499.369
-1.680
-5367.390
-5.799
-5.285
-11682.692
-16424.912
-5363.317
-7123.589
-1.041
-3.281
-7655.834
-19267.288
-12690.080
-16227.584
-17033.486
-16682.958
-3.594
-26589.460
-4.145
-0.780
-1.679
-5283.672
-2.628
-4.141
-36748.244
-2.033
-18752.331
-3.520
-6161.262
-1.381
-1.456
-3798.039
-4784.807
-2407.419
-19517.551
-0.268
-14514.456
-5404.333
-10204.881
-1.786
-16937.007
-7614.712
-4.218
-19320.627
-9820.588
-5724.931
-13907.377
-18607.688
-3681.733
-8085.329
-3.793
-5605.930
-3.428
-19087.865
-2.001
-19293.965
-9537.191
-19615.436
-18891.721
-25124.637
-17791.990
-9984.224
-18737.809
-17992.327
-2.551
-1.500
-3.084
-6417.171
-19561.159
-0.866
-11956.986
-7.181
-38385.103
-10953.509
-0.969
-8689.303
-21186.162
-173.464
-2.319
-0.565
-0.713
-3.794
-3.321
-2.487
-53019.046
-4.044
-19265.582
-1.964
-19285.888
-2.944
-10232.924
-11213.724
-1.343
-5516.959
-34516.465
-39206.485
-0.453
-6230.982
-24499.467
-8675.856
-15680.884
-39840.330
-6694.513
-4855.981
-9.408
-12029.882
-1.130
-3.015
-0.113
-10701.571
-36937.638
-9733.488
-3.855
-1.235
-20793.576
-37447.262
-15429.382
-11805.149
-13428.631
-13571.890
-10682.248
-11900.302
-36316.659
-156.109
-2.912
-0.944
-2.075
-1.429
-9792.551
-2.502
-9.887
-17432.189
-6257.014
-5.327
-2216.293
-0.392
-9469.430
-0.653
-9663.486
-1.876
-56562.273
-3837.891
-2.476
-11652.801
-33551.221
-5998.891
-3.948
-4.185
-3.253
-0.553
-1.863
-4326.397
-16189.375
-1.743
-1.598
-8105.370
-4.166
-2.043
-4.260
-9789.693
-3.553
-19511.269
-19690.856
-18942.030
-14118.636
-12911.446
-2.112
-3.643
-0.612
-3.779
-6477.430
-37851.790
-1.228
-12708.140
-0.191
-5.267
-19346.536
-10581.673
-19008.919
-7813.625
0.035
-4433.030
-6922.213
-1.624
-18038.680
-19.248
-18241.937
-3.830
-3.019
-2.326
-12924.458
-1.773
-18611.048
-19635.043
-5285.372
-1.441
-18279.620
-0.561
-0.234
0.027
-19577.402
-16558.572
-9218.810
-3.388
-0.442
0.378
-1080.012
-1.212
-6788.480
-2.693
-7428.252
-1.727
-1663.316
-2.175
-3613.315
-18890.871
-4.620
-5.652
-17127.526
-1.849
-1.834
-35820.033
-0.736
-19602.083
-5.537
-18403.361
-19888.737
-18307.162
-4189.937
-0.803
-1.788
-0.950
-0.678
-19643.942
-4.007
-2.598
-19995.092
-1.774
-17737.231
-3041.871
-21135.572
-4.065
-2818.956
-7941.498
-5174.761
-1.181
-27164.399
-8450.277
-13184.000
-3500.360
-5221.042
-18442.946
-0.090
-3.571
-4297.643
-4.257
-11260.595
-0.043
-1.580
-12423.589
-18775.424
-8199.024
-261.316
-1.985
-18052.900
-2221.147
-19940.191
-14527.018
-5740.430
-7046.033
-4.304
-14189.631
-14496.196
-19189.992
-5.745
-19415.375
-9139.753
-9556.043
-0.930
-4179.700
0.206
-0.527
-1.216
-0.669
-11962.896
-1477.952
-38180.713
-1.568
-3.225
-9026.726
0.408
-19084.931
-2.683
-19438.087
-14130.903
-3.635
-18142.013
-9438.539
-5312.171
-0.552
-2.441
-3.781
-19980.388
-18043.568
-15617.935
-3.896
-2.231
-16641.893
-9250.636
-7068.627
-20880.141
-26468.443
-16438.868
-17717.126
-14973.953
-1950.494
-5047.252
-6305.259
-5642.587
-1.458
-22516.190
-9741.580
-6700.052
-1.027
-3.466
-8596.444
-5002.634
-1280.075
-5645.426
-18995.097
-18871.688
-18627.209
-22890.951
-3.053
-3406.019
-7582.325
-2.823
-808.646
-2.956
-19425.499
-2.934
-1.925
-2.937
-2.787
-1.051
-3.673
-5197.117
-7985.215
-13612.042
-6396.903
-33803.656
-1.056
-19984.955
-2.750
-3.414
-6141.196
-36558.892
-5846.017
-19345.401
-0.677
-6.912
-2.582
-5.229
-3.212
-0.487
-0.790
-3.846
-0.812
-4.653
0.113
-0.929
-2.534
-2.386
-3977.619
-1.991
-19330.401
-1.680
-2.086
-2.047
-4.700
-3.305
-1.209
-5.747
-0.742
-2.556
-6291.427
-6271.513
-4616.475
-2.859
-16159.756
-1.063
-1.758
-9112.514
-1159.674
-1.723
-1.417
-18562.440
-0.584
-1.766
-2.630
0.037
-97.945
-5513.924
-1.874
-2.883
-3.878
-1.570
-0.435
-2.028
-6.394
-1.400
-19605.638
-19094.139
-1.609
-1.811
-17568.701
-3.608
-2580.202
-3.769
-2.911
-1.389
-10261.646
-3.285
-3.109
-3.605
-7596.606
-19012.807
-3.703
-2.593
-13.985
-2.104
-12.636
-1.410
-3.587
-18400.878
-1.274
-18765.773
-2.357
-1.297
-1.620
-1.167
-3.134
-3.564
-5.381
-17803.345
-1.541
-2.245
-0.987
-18627.434
-1.623
-0.886
-1.510
-2.164
-0.796
-36823.099
-17252.897
-3.371
-2375.035
-2.071
-3.333
-19201.421
-19521.261
-16028.872
-19630.415
-2.074
-1.029
-0.381
-1.761
-15572.188
-19900.974
-10.035
-4.506
-2.683
-1302.644
-4.316
-0.386
-3.183
-0.433
-8757.059
-16492.014
-4.480
-3.817
-2163.990
-2.203
-3.901
-3.284
-1.677
-3.289
-2.584
-1.136
-2.371
-4.043
-17882.416
-3.300
-19434.568
-18768.534
-19372.983
-5.010
-0.478
-3.949
-2.189
-1.696
-19771.886
-1.074
-4.009
-5026.541
-2.953
-2.264
-18415.141
-0.394
-500.054
-34454.526
-18587.281
-2.763
-4.119
-57.644
-2.672
-4.782
-19596.924
-70.736
-2055.879
-4.306
-0.636
-19129.904
-3.085
-0.832
-1.520
-18516.149
-4290.262
-19225.474
-1.411
-1.482
-4.313
-1.238
-1.638
-4.050
-0.297
-19016.017
0.079
-1.071
-3905.705
-3.070
-3.349
-1885.297
-3316.144
-2.666
-4.712
-17471.358
-1.218
-63.248
-18265.751
-3.227
-6.794
-1.906
-1.292
-0.765
-2.303
-3.203
-0.349
-3.574
-2.772
-5.435
-0.689
-17038.425
-1.874
-0.556
-2.456
-19902.480
-1.577
-1.897
-1.988
-0.504
-1.813
-7252.316
-19077.972
-2552.294
-1.550
-18361.389
-6848.620
-19341.197
-19698.026
-18911.271
-2.238
-1.894
-1.769
-0.833
-17150.800
-16537.824
-2.663
-1.720
-19611.464
-2.463
-4.529
-1.514
-3.978
-0.234
-82.246
-4.802
-1.192
-0.933
-1.923
-16468.418
-5.078
-2.254
-19867.331
-4.479
-3.808
-7421.108
-1.736
-4.253
-2.788
-2.422
-0.068
-0.450
0.168
-2.429
-17702.493
-2.798
-18774.056
-5.047
-2.231
-5.450
-2.020
-1.353
-3.872
-6332.124
-0.026
-2.163
-3.099
-2.959
-3.046
-1.469
-18232.562
-1.111
-5.125
-5.614
-1.880
-4.059
-1.602
-3.982
-2.786
-5576.118
-1.590
-0.944
-0.972
-19367.052
-2.239
-1.983
-2.119
-2.425
-2.762
-1.164
-187.325
-19166.000
-4.546
-1.705
-5.062
-1.293
-3.015
-3.137
-0.688
-0.318
-6764.445
-0.809
-3.036
-16712.721
-2.390
-0.225
-0.023
-2.977
0.059
-3.658
-3.859
-1.443
-19855.616
-0.147
-38260.110
-5.522
-2.915
-2.036
-18919.714
-2.774
-1.393
-3.344
-19089.960
-3.977
-19055.245
-3.455
-1.048
-1.699
-1.208
-18330.509
-1.154
-38176.478
-1.652
-3.197
-2.840
-2.480
-3.454
-0.894
-0.633
0.215
-19661.707
-1.247
-1.477
-2.131
-1.507
-1.948
-3.665
-23890.581
-15293.706
-16250.973
0.109
-19049.211
-2.095
-7.254
-1.098
-17161.517
-18811.384
-8.456
-19190.878
-2.485
-3.514
-1.425
-5.169
-4.632
-2.659
-0.046
-1.887
0.079
-1.146
-1.639
-19752.299
-1.237
-3.543
-40893.033
-0.967
-12006.536
-18421.478
-0.516
-4.084
-0.543
-1.638
-1.294
-2.644
-0.937
-39575.134
-2.427
-0.784
-3.989
-3.805
-1.287
-18582.344
-1.906
-5.606
-32296.797
-1.424
-0.050
-2.070
-1.303
-3.431
-1.509
-2.877
-3.159
0.265
-2.301
-4.366
-3.684
-3.496
-2.583
-18402.590
-17678.867
-1.659
-1.106
-4.919
-98.443
-2.622
-2.258
-1.117
-4.322
-1.030
-1.488
-4.130
-0.271
-19857.449
-0.710
0.211
-33778.176
-5.474
-2.170
-2.044
-2.647
-19722.364
-18912.268
-5.259
-61.517
-19139.984
-1.887
-1.785
-2.256
-7.601
-4.415
-2.561
-4.198
-0.154
-1.256
-2.515
-2.259
-19325.992
-2.701
-2.403
-17100.247
-19116.058
-19088.171
-10123.918
-2.702
-0.295
-2.440
-121.728
-3.484
-19030.390
-2.648
-0.887
-0.285
-2.527
-2.101
-11579.138
-2.394
-2.607
-3.320
-19630.054
-19812.750
-2.644
0.020
-19466.269
-1.745
-1.973
-1.309
-0.876
-2.473
-7540.339
-6.591
-12097.402
-4.014
-2.047
-3.020
-2.811
-2.388
-1.509
-4.201
-1.328
-4.039
-1.683
-15289.117
-1.995
-3.819
-12809.928
-1.438
-27.719
-1.186
-247.989
-1.149
-19500.429
-2.872
-18926.336
-7690.683
-3.129
-0.247
-17502.820
-3.100
-3.532
-2.534
-17148.443
-18845.375
-1.791
-2.618
-4.182
-1.506
-4.842
-19152.683
-4.203
-2.446
-19895.439
-1.521
-10427.904
-2.178
-22717.548
-3.044
-1.974
-12421.050
-6.041
-2.896
-2.722
-2.134
-19107.564
-17787.872
-19180.731
-0.790
-2.179
-29450.680
-3.396
-2.315
-9150.563
-36348.954
-0.774
-2.042
-0.717
-2.920
-1.569
-2.530
-0.867
-1.462
-40478.804
-1.583
-4.328
-1.881
-2.435
-7295.645
-2.622
-2.739
-2.906
-3.949
-0.770
-0.142
-0.608
-2.432
-18751.846
-19531.771
-65.755
-2.798
-0.523
-1.370
-18737.022
-17006.519
-3.576
-1.203
-0.937
-4.162
-2.959
-4.178
-38150.786
-1.788
-2.556
-90.912
-3.135
-15038.102
-7.818
-3.970
-3.483
-0.965
-3.916
-3.695
-2.701
-2.014
-4.457
-1.126
-19692.983
-1.331
-19036.424
-2.299
-4.567
-19433.160
-0.513
-1.857
-3.042
-2.023
-2.290
-0.482
-2.371
-3.293
-2.480
-2.981
-22.241
-1.682
-19742.511
-16736.090
-4.184
-3.519
-33405.693
-3.082
-18445.103
-3.745
-2.189
-3.310
-18365.972
-1456.513
-16927.426
-37.879
-2.830
-18758.336
-2.878
-1.931
-2.090
-0.851
-3.470
-3.853
-3.805
-3.138
-18710.752
-3.607
-2.509
-18767.063
-2.942
-18487.831
-1.964
-3.357
-1.239
-6.106
-19884.835
-1.280
-1.681
-4570.476
-15616.574
-18662.236
-2.002
-1.401
-19262.312
-1.725
-14551.094
-2.340
-2.587
-3.623
-1.548
-3.066
-2.151
-2.804
-38641.533
-4.970
-2.624
-3.922
-19196.480
-8.446
-35851.786
-1.407
-2.895
-1.747
-36763.563
-19713.241
-19911.723
-2.222
-2.650
-38758.485
-3.749
-1.664
-19929.938
-161.582
-3.213
-4561.420
-26.271
-2.530
-2.377
-19835.853
-1.502
-4.770
-3.865
-3.037
-18811.939
-1.711
-19961.096
-2.221
-0.873
-3.701
-25226.183
-346.852
-2.744
-5.117
-18540.909
-1.556
-3.430
-3.436
-3.963
-17317.194
-3.274
-18628.438
-18336.947
-6.456
-202.121
-4.992
-18482.272
-2.364
-5.551
-4.103
-1.983
-19850.565
-19735.168
-0.540
-3.388
-4.799
-6.436
-1.613
-1.209
-0.260
-2.037
-18461.146
-3.235
-3.022
-18922.118
-4.008
-18873.089
-11099.517
-13187.183
-2.380
-1.723
-12656.834
-1.337
-3.767
-17045.402
-437.855
-2.664
-1.791
-4.203
-0.453
-2.153
-2.440
-0.375
-2.234
-0.756
-2.643
-1.632
-18382.779
-16900.307
-3.270
-2.813
-1.041
-2.750
-1.459
-18363.376
-2.906
-3.998
-17002.860
-3.122
-1136.565
-18531.795
-5.117
-19552.686
-18675.979
-2.047
-2.603
-2.007
-19080.814
-2.454
-1.322
-7.104
-17771.976
-19745.922
-0.716
-39405.733
-17911.220
-1.035
-0.705
-1.873
-0.800
-2.849
-2.341
-15489.869
-5.766
-18565.538
-3.764
-1.941
-19850.415
-3.742
-32.396
-1.264
-19006.428
-1149.040
-1.048
-0.295
-132.633
-1.998
-3.700
-3.071
-1.258
-0.466
-19046.306
-19900.923
-3.140
-1.333
-18782.779
-2.766
-18161.831
-2.251
-1.270
-1.757
-1.392
-2.890
-16877.972
-4.261
-0.962
-18358.171
-551.168
-17585.577
-2.398
-37521.437
-2.454
-19594.986
-2.170
-0.523
-15777.674
-1.717
-19076.206
-1.514
-18672.530
-3.663
-6.028
-4.071
-5.087
-2.459
-1.739
-3.333
-19285.776
-19311.058
-2.253
-0.308
-19165.017
-388.532
-2.203
-3.788
-2.518
-3.756
-4.323
-18653.087
-1.288
-4.813
-3.289
-3.017
-2.262
-7.356
-1.646
-3.655
-18153.451
-2.686
-0.639
-0.690
-5.113
-1.660
-3.144
-18617.059
-2.364
-1.501
-0.843
-5.968
-2.049
-1.828
-19114.282
-19100.346
-12306.033
-2.443
-2.619
-5.763
-3.134
-19021.075
-3.335
-1.286
-12.944
-1.790
-1.081
-19658.400
-19682.347
-6.639
-18438.450
-2.887
-18288.951
-5.419
-3.591
-4.538
-3.388
-40307.474
-3.985
-2.595
-2.754
-394.841
-4.674
-18920.866
-2.539
-18776.534
-2.379
-2.009
-4.200
-4.381
-2.506
-2.638
-17661.992
-4.304
-2.993
-4.352
-4.359
-5.198
-19420.786
-18162.672
-2.979
-2.231
-3.229
-4.470
-38648.007
-19337.114
-19362.207
-1.945
-2.664
-17881.803
-1.475
-16647.608
-2.158
-34397.605
-4.932
-5.190
-18307.679
-2.921
-1.675
-2.276
-2.579
-18551.676
-3.088
-0.438
-2.939
-8.738
-17002.546
-17867.094
-1.511
-3.849
-1.212
-2.518
-18316.274
-19501.893
-7.167
-1.009
-3575.982
-3.019
-19355.353
-18762.258
-0.672
-2.776
-17876.639
-4.409
-2.541
-2.711
-2.715
-2.299
-17302.924
-5.759
-3.217
-19241.897
-2.278
-1.139
-19661.370
-1.891
-4.598
-19646.863
-3.931
-18911.021
-3.729
-19240.409
-3.304
-2.222
-19955.482
-8.221
-5.361
-18551.840
-3.512
-17903.084
-18167.781
-20.655
-3.041
-3.375
-1.507
-4.411
-3.495
-3.549
-18726.386
-5.445
-702.079
-3.476
-2.281
-17902.211
-2.614
-19511.343
-4.058
-799.269
-2.254
-19779.964
-1.176
-4.370
-17281.142
-4.683
-2.066
-3.573
-3.783
-274.157
-18051.142
-2.607
-3.547
-19290.909
-6.462
-18333.050
-19513.977
-7.960
-18819.185
-1.049
-5.388
-17791.422
-1.873
-4.111
-19750.216
-3.307
-2.631
-2.441
-4.929
-19945.580
-3.045
-4.659
-1.659
-3.008
-3.746
-1.930
-16687.421
-17488.015
-3.962
-16984.641
-16902.830
-2.194
-19896.448
-8.075
-1.248
-3.687
-19436.335
-19495.781
-4.223
-3.803
-2.988
-0.614
-2.449
-17601.591
-3.343
-2.269
-4.139
-259.417
-4.569
-16394.367
-3.039
-17726.983
-4.203
-4.227
-2.733
-3.473
-4.328
-26241.681
-1.949
-19800.054
-17617.858
-2.042
-1.877
-17971.723
-5347.566
-3.693
-17862.042
-3.802
-18652.085
-18909.936
-3.750
-1.844
-2.966
-292.874
-4.298
-3.833
-3.205
-1.762
-1.744
-8.422
-3.940
-16107.006
-38311.630
-2.354
-2.212
-3.198
-1.757
-3.985
-3.214
-3.285
-4.413
-5.118
-17799.912
-4182.793
-17862.344
-1.728
-4719.639
-19119.239
-16928.541
-4.693
-5.467
-19786.074
-1.877
-19005.649
-5.626
-1.193
-19670.900
-19560.665
-1.530
-18207.588
-4.569
-19546.084
-4.927
-18775.159
-1.408
-18047.114
-12890.483
-16597.589
-3.179
-3.313
-3.439
-2.518
-2.289
-51.737
-2.586
-14.324
-19636.887
-2.488
-1.425
-1.833
-38365.846
-2.297
-158.202
-1.956
-311.283
-1.301
-11130.478
-18490.851
-5.164
-2.909
-13947.621
-2.131
-37186.142
-2.905
-5.102
-13767.745
-4.249
-1.419
-427.332
-2.159
-1.340
-3211.119
-4.476
-17587.191
-2.260
-19739.942
-2.126
-7.383
-17663.221
-7710.721
-5.028
-2.639
-2.451
-3.735
-3.810
-6.151
-19361.501
-17745.483
-3.917
-1.414
-6.827
-2.556
-1.482
-2.689
-4560.160
-194.731
-2.307
-18208.118
-16126.254
-1.713
-2.769
-19032.733
-1.958
-102.036
-15579.636
-2.121
-3.128
-10575.889
-6.392
-3.766
-6.170
-1.656
-18876.523
-17164.343
-18788.001
-1.428
-2.418
-5.249
-19445.414
-15226.037
-1.838
-2.067
-2.526
-18982.128
-19375.539
-2.353
-3.255
-4.932
-19031.226
-14586.549
-4.494
-9300.814
-66.997
-1.735
-4.291
-18598.476
-2.685
-4.214
-4.721
-3.018
-4.439
-18482.400
-18750.869
-18215.910
-1.868
-18581.190
-5605.385
-2.179
-1.465
-4.175
-18261.694
-3.101
-17532.615
-6.724
-2.613
-19561.481
-4.583
-19449.675
-18836.350
-16688.792
-19574.611
-3.835
-4123.532
-2.538
-18802.500
-2.583
-2.195
-2.606
-18432.896
-1.636
-2.784
-807.643
-2.263
-4.632
-17142.017
-18499.258
-7.709
-2.022
-19141.167
-1.698
-38021.223
-3.397
-19626.147
-1.095
-1.386
-2.226
-12342.199
-3.085
-19197.013
-1.803
-19521.669
-2.931
-857.984
-18971.411
-2.715
-1.765
-15407.401
-91.349
-2.105
-4.515
-4.382
-19380.599
-18526.451
-18790.667
-3.217
-4.233
-6.909
-1.897
-5.651
-8.687
-19591.148
-18751.716
-0.846
-18489.440
-5.104
-5265.725
-1.945
-2.945
-18100.274
-2.195
-19565.639
-3.259
-1.018
-11.392
-2.525
-0.652
-31175.928
-2.154
-2.727
-2.092
-19470.833
-5.570
-17593.091
-2.215
-2.713
-19686.213
-2.205
-16989.424
-6.497
-18802.200
-18912.881
-132.908
-3.786
-3.515
-3.477
-18187.267
-38145.998
-19459.140
-3.081
-2.505
-5985.227
-2.281
-19086.325
-2.877
-4.727
-2.922
-2.106
-19550.983
-2.512
-2.437
-0.842
-2.058
-2.571
-5.100
-4.846
-2170.039
-17221.508
-2.730
-3.355
-4.691
-0.932
-2.027
-18327.140
-7516.710
-2.169
-4.064
-38107.379
-3.812
-4.762
-879.659
-2.210
-3.824
-3.669
-1017.795
-1.946
-2.160
-2.175
-4.596
-19961.159
-1.496
-1.736
-730.610
-860.525
-2.619
-2.229
-2.198
-1.360
-4.307
-3.149
-1.827
-4.976
-1.637
-1.063
-1.248
-2.070
-3.439
-1.796
-1.984
-3.564
-0.771
-2.306
-2.321
-1.824
-3.753
-2.937
-8324.156
-3.084
-4.323
-1.870
-3.277
-38.381
-4.454
-1.237
-19199.931
-1.156
-18687.837
-12900.697
-4620.973
-18002.093
-9234.063
-2.370
-2.138
-3.491
-35566.905
-2.530
-4.635
-1.796
-0.631
-2.004
-2.770
-4.057
-2.316
-4.289
-3.727
-3.884
-3.304
-19875.015
-3.056
-3141.525
-2.459
-34210.072
-2.550
-4.281
-15810.134
-2.949
-1.336
-3.842
-2.276
-3.268
-2.512
-4.050
-16990.671
-3.174
-2.294
-16999.296
-4.446
-4.282
-3.508
-4.019
-0.674
-1.261
-4.396
-19397.316
-1008.192
-2.510
-4.823
-4318.509
-1.847
-1.826
-18537.210
-17000.147
-3.131
-1.575
-4387.550
-2.568
-0.985
-3316.438
-18830.804
-5.443
-5.598
-0.474
0.001
-8796.790
-2.594
-2.330
-6.400
-14422.943
-3.585
-5.400
-19140.622
-2.781
-2.316
-18788.344
-40133.184
-17289.212
-18019.327
-19126.157
-1.499
-4.899
-4.310
-2.262
-2.200
-2.793
-2.504
-18611.341
-3.870
-1.320
-19048.612
-12937.029
-5.528
-2.150
-1.846
-2.432
-2.401
-2.228
-3401.085
-2.213
-0.723
-0.426
-1.703
-18990.906
-6.584
-0.889
-1.623
-19305.439
-0.593
-2972.316
-2.520
-3.765
-4.081
-19552.410
-3.490
-1.827
-1.303
-2171.246
-24681.136
-470.592
-2762.840
-4.105
-1.085
-2.106
-1296.697
-12422.657
-704.267
-3.603
-686.696
-2.061
-19640.650
-2.446
-1.589
-2.372
-18542.125
-6.364
-1.856
-14731.057
-39780.037
-37732.546
-2.478
-4.755
-2.263
-3.140
-38293.039
-4.627
-1.574
-2.519
-5.225
-4.014
-2.362
-1.569
-4.448
-4.470
-2.833
-17883.511
-6.025
-3.358
-2.239
-7.042
-2.856
-17762.205
-6.345
-2.687
-2.388
-2.650
-3.789
-1892.879
-5.128
-3.812
-19290.599
-2.782
-38875.687
-2.365
-1.958
-1523.522
-1.573
-37597.120
-17411.411
-2.997
-4.827
-33931.611
-2.229
-19041.689
-2.845
-2.510
-2.725
-3.038
-3.269
-3.315
-3.041
-4.059
-17701.203
-2.483
-5.228
-5.170
-19382.662
-4.345
-2.421
-3.517
-17102.639
-19026.352
-1.007
-4.763
-18213.279
-17166.356
-2.275
-34156.519
-2.431
-2.710
-1.668
-1.928
-77.925
-5666.909
-2.378
-1.999
-7344.915
-16646.148
-3.403
-4.431
-3.525
-8.762
-2.692
-17109.733
-19670.118
-4.388
-716.396
-2.706
-3.311
-38098.653
-2.768
-3.593
-2.701
-2.918
-3.913
-2.075
-4.379
-3.537
-17656.341
-7.346
-1.543
-2.854
-2.678
-18832.378
-3.203
-4.579
-401.512
-2.918
-5.186
-3.703
-4.261
-17946.846
-2.227
-19052.198
-18541.626
-17711.892
-19156.039
-37926.903
-7.033
-636.055
-2.411
-3331.014
-7313.038
-18188.660
-4.714
-2.682
-18040.515
